year,rep,date,treatment,block,co2.flux,ch4.flux,n2o.flux,temp.2cm,temp.4cm,grav.h2o.org,grav.h2o.min,vol.h2o
1991,1,1991-07-16,1,1,166.73,-0.13,4.51,20.06,17.75,1.46,0.3,NA
1991,2,1991-07-16,1,3,177.3,-0.14,3.77,17.12,16.19,1.11,0.47,NA
1991,3,1991-07-16,1,4,179.96,-0.12,3.47,18.25,19,1.07,0.29,NA
1991,4,1991-07-16,2,1,152.94,-0.14,4.6,20.87,18.35,0.74,0.3,NA
1991,5,1991-07-16,2,3,167.22,-0.12,6.48,19.75,17.75,0.94,0.28,NA
1991,6,1991-07-16,2,4,172.03,-0.11,9.78,19.44,16.74,1.4,0.4,NA
1991,7,1991-07-16,3,1,144.81,-0.13,1.08,20.51,22.06,0.99,0.36,NA
1991,8,1991-07-16,3,3,201.62,-0.14,1.45,22.56,21.92,1.48,0.38,NA
1991,9,1991-07-16,3,4,266.55,-0.12,7.76,22.59,22.87,1.54,0.29,NA
1991,10,1991-07-23,1,2,201.22,-0.13,-4.67,23.06,22,0.93,0.28,NA
1991,11,1991-07-23,1,5,204.2,-0.08,1.47,23.4,21.5,1.02,0.29,NA
1991,12,1991-07-23,1,6,278.22,-0.13,3.54,23.65,22.5,1.14,0.26,NA
1991,13,1991-07-23,2,2,253.29,-0.12,7.72,22.82,21.41,1.1,0.3,NA
1991,14,1991-07-23,2,5,282.67,-0.13,1.02,23.25,20.61,0.93,0.29,NA
1991,15,1991-07-23,2,6,238.91,-0.12,4.24,23.45,22.67,0.68,0.3,NA
1991,16,1991-07-23,3,2,341.15,-0.19,8.01,25.1,25.5,1.52,0.29,NA
1991,17,1991-07-23,3,5,394.95,-0.11,-3.51,24.98,26.05,0.67,0.19,NA
1991,18,1991-07-23,3,6,346.74,-0.15,0.96,23.12,26.15,1.21,0.25,NA
1991,19,1991-08-13,1,1,147.81,-0.1,4.15,20.06,17.41,1.08,0.27,NA
1991,20,1991-08-13,1,3,157.94,-0.12,4.29,20.25,19.81,1.15,0.48,NA
1991,21,1991-08-13,1,4,187.57,-0.13,2.58,21,18.75,0.59,0.25,NA
1991,22,1991-08-13,2,1,231.63,-0.13,1.53,20.56,18.96,0.81,0.23,NA
1991,23,1991-08-13,2,3,193.69,-0.13,2.67,20,18.75,1.97,0.5,NA
1991,24,1991-08-13,2,4,193.9,-0.15,3.39,21,19,0.93,0.43,NA
1991,25,1991-08-13,3,1,236.73,-0.14,-1.65,20.37,22.87,0.9,0.28,NA
1991,26,1991-08-13,3,3,236.56,-0.15,4.81,22.62,22.06,0.79,0.41,NA
1991,27,1991-08-13,3,4,348.59,-0.12,3.19,23.19,21.5,1.17,0.26,NA
1991,28,1991-08-20,1,2,185.68,-0.13,2.39,15.39,15.23,1.82,0.52,NA
1991,29,1991-08-20,1,5,151.37,-0.07,2.23,16.62,16.85,0.94,0.34,NA
1991,30,1991-08-20,1,6,188.53,-0.08,2.69,16.37,16.79,1.04,0.34,NA
1991,31,1991-08-20,2,2,222.72,-0.11,3.14,17.16,15.63,2.28,0.57,NA
1991,32,1991-08-20,2,5,200.59,-0.09,1.61,16.34,16.75,1.38,0.38,NA
1991,33,1991-08-20,2,6,167.67,-0.07,2.24,16.69,15.9,1.21,0.37,NA
1991,34,1991-08-20,3,2,309.45,-0.12,2.98,19.04,22.62,2.02,0.39,NA
1991,35,1991-08-20,3,5,416.29,-0.08,3.17,19.94,21.5,1.33,0.29,NA
1991,36,1991-08-20,3,6,254.39,-0.12,5.06,16.5,18.67,1.11,0.3,NA
1991,37,1991-09-03,1,1,107.14,-0.13,3.94,16.36,15.69,1.56,0.4,NA
1991,38,1991-09-03,1,3,105.56,-0.12,1.15,15.44,16.37,0.8,0.36,NA
1991,39,1991-09-03,1,4,106.81,-0.14,-0.35,14.25,15.38,1.37,0.35,NA
1991,40,1991-09-03,2,1,151.44,-0.13,-4.63,14.44,14.34,0.85,0.2,NA
1991,41,1991-09-03,2,3,124.71,-0.12,-4.17,14.41,15.06,1.01,0.35,NA
1991,42,1991-09-03,2,4,129.37,-0.14,-2.39,14.31,14.91,1.93,0.61,NA
1991,43,1991-09-03,3,1,135.81,-0.16,-0.78,18.62,20.62,0.69,0.25,NA
1991,44,1991-09-03,3,3,184.88,-0.17,-1.71,19.25,18.94,0.65,0.29,NA
1991,45,1991-09-03,3,4,211.96,-0.13,4.91,19.69,20.73,1.45,0.3,NA
1991,46,1991-09-17,1,2,142.39,-0.17,7.35,21.04,19.35,1.11,0.34,NA
1991,47,1991-09-17,1,5,147.23,-0.13,3.78,19.5,19,0.73,0.29,NA
1991,48,1991-09-17,1,6,159.06,-0.12,8.72,19.87,18.87,1.21,0.28,NA
1991,49,1991-09-17,2,2,192.26,-0.14,8.48,19.96,18.41,1.27,0.38,NA
1991,50,1991-09-17,2,5,202.13,-0.14,4.8,19.81,18.5,1.27,0.29,NA
1991,51,1991-09-17,2,6,178.36,-0.13,5.78,21.19,20.25,0.68,0.27,NA
1991,52,1991-09-17,3,2,201.67,-0.17,6.05,22.82,23.77,0.96,0.24,NA
1991,53,1991-09-17,3,5,313.67,-0.14,13.5,23.87,23.25,0.59,0.21,NA
1991,54,1991-09-17,3,6,222.88,-0.17,11.08,22.87,24.62,0.66,0.23,NA
1991,55,1991-10-08,1,1,59.48,-0.1,3.78,8.19,8.75,1.51,0.42,NA
1991,56,1991-10-08,1,3,70.47,-0.1,0.28,8.38,9.94,1.67,0.5,NA
1991,57,1991-10-08,1,4,85.25,-0.11,3.77,7.12,9,1.2,0.42,NA
1991,58,1991-10-08,2,1,79.88,-0.11,-0.74,8.06,8.63,1.04,0.38,NA
1991,59,1991-10-08,2,3,87.98,-0.1,2.59,7.31,8.81,1.52,0.37,NA
1991,60,1991-10-08,2,4,87.58,-0.1,-0.22,7.87,7.19,2.02,0.51,NA
1991,61,1991-10-08,3,1,82.28,-0.14,0.13,10.19,13.63,1.02,0.41,NA
1991,62,1991-10-08,3,3,163.18,-0.14,0.4,9.94,12.88,1.96,0.42,NA
1991,63,1991-10-08,3,4,122.12,-0.11,-2.58,11.13,12.69,1.16,0.36,NA
1991,64,1991-10-15,1,2,62.28,-0.13,-0.75,7.31,6.94,1.98,0.48,NA
1991,65,1991-10-15,1,5,67.68,-0.1,1.17,8.56,7.69,1.96,0.48,NA
1991,66,1991-10-15,1,6,70.81,-0.09,-1.66,8.94,8.88,1.81,0.51,NA
1991,67,1991-10-15,2,2,97.5,-0.11,-0.25,8.5,7,2,0.53,NA
1991,68,1991-10-15,2,5,89.6,-0.1,-0.57,8.44,8.06,1.81,0.36,NA
1991,69,1991-10-15,2,6,58.78,-0.06,-2.74,6.87,7.87,1.59,0.38,NA
1991,70,1991-10-15,3,2,125.1,-0.14,3.72,11.31,14.44,1.03,0.32,NA
1991,71,1991-10-15,3,5,138.61,-0.11,2.69,12,13.19,1.19,0.31,NA
1991,72,1991-10-15,3,6,115.3,-0.13,1.93,12.5,13.5,1.61,0.34,NA
1991,73,1991-11-05,1,1,41.65,-0.1,1.44,2.69,3.25,1.46,0.3,NA
1991,74,1991-11-05,1,3,49.71,-0.11,2.96,3.31,4.44,2.27,0.77,NA
1991,75,1991-11-05,1,4,52.04,-0.08,-1.08,2.87,6.25,1.69,0.38,NA
1991,76,1991-11-05,2,1,53.54,-0.08,0.1,3.12,4.06,1.19,0.39,NA
1991,77,1991-11-05,2,3,36.57,-0.08,0.65,2.25,3.31,1.45,0.39,NA
1991,78,1991-11-05,2,4,48.58,-0.08,1.61,1.37,5,1.34,0.58,NA
1991,79,1991-11-05,3,1,75.93,-0.12,5.11,6,8.81,1.5,0.34,NA
1991,80,1991-11-05,3,3,55.5,-0.09,5.42,5.87,10.38,1.36,0.41,NA
1991,81,1991-11-05,3,4,61.48,-0.08,-0.75,5.95,10.4,1.76,0.33,NA
1991,82,1991-11-19,1,2,46.07,-0.14,2.64,5.25,5.37,1.44,0.48,NA
1991,83,1991-11-19,1,5,41.97,-0.08,0.23,4.75,5.94,1.2,0.36,NA
1991,84,1991-11-19,1,6,40.03,-0.09,-1.7,5.31,3,1.62,0.27,NA
1991,85,1991-11-19,2,2,50.01,-0.11,-0.65,7.56,5.37,1.24,0.35,NA
1991,86,1991-11-19,2,5,46.63,-0.09,-4.32,5.31,5.56,2.59,0.36,NA
1991,87,1991-11-19,2,6,38.04,-0.07,1.75,3.94,3.69,1.22,0.24,NA
1991,88,1991-11-19,3,2,68.13,-0.12,0.88,9.5,9.31,1.48,0.15,NA
1991,89,1991-11-19,3,5,107.29,-0.09,-0.84,8.56,8.13,1.22,0.24,NA
1991,90,1991-11-19,3,6,84.82,-0.09,1.23,9.58,8.58,1.62,0.24,NA
1992,1,1992-04-07,1,1,-0.15,-0.01,-4.49,1.94,2.87,1.8,0.84,NA
1992,2,1992-04-07,1,3,13.13,-0.06,-7.44,2.44,3.5,2.03,0.86,NA
1992,3,1992-04-07,1,4,10.67,-0.07,-5.47,3.37,1.5,1.81,0.57,NA
1992,4,1992-04-07,2,1,5.54,-0.05,-8.49,0.5,1.19,1.54,0.71,NA
1992,5,1992-04-07,2,3,26.22,-0.07,0.78,3.44,2.5,1.79,0.84,NA
1992,6,1992-04-07,2,4,20.2,-0.05,2.79,2.25,-0.63,1.8,1.03,NA
1992,7,1992-04-07,3,1,14.27,-0.13,-1.35,6.37,5.25,0.89,0.42,NA
1992,8,1992-04-07,3,3,22.11,-0.11,-5.86,7.12,5.44,1,0.38,NA
1992,9,1992-04-07,3,4,14.11,-0.08,-6.1,5.87,5.12,1.42,0.36,NA
1992,10,1992-04-21,1,2,48.88,-0.09,-0.94,13.56,8.25,1.34,0.71,NA
1992,11,1992-04-21,1,5,55.41,-0.07,-0.33,12.5,10,1.49,0.54,NA
1992,12,1992-04-21,1,6,69.41,-0.08,1.25,10.81,10.31,1.51,1.05,NA
1992,13,1992-04-21,2,2,52.24,-0.06,-0.08,10.75,10.63,2.13,0.64,NA
1992,14,1992-04-21,2,5,66.96,-0.07,-1.01,8.94,8.69,1.22,0.5,NA
1992,15,1992-04-21,2,6,31.18,-0.03,-6.62,10.06,6.62,1.5,0.6,NA
1992,16,1992-04-21,3,2,66.31,-0.08,-2.42,15.75,12.75,0.84,0.3,NA
1992,17,1992-04-21,3,5,84.55,-0.07,4.21,15.31,11.44,0.69,0.3,NA
1992,18,1992-04-21,3,6,70.03,-0.08,-2,14,11.44,0.63,0.33,NA
1992,19,1992-05-05,1,1,63.48,-0.08,-0.2,6.12,5.37,1.28,0.49,NA
1992,20,1992-05-05,1,3,45.71,-0.06,-0.99,5.5,6.12,1.85,0.79,NA
1992,21,1992-05-05,1,4,45.12,-0.08,0.66,6.44,7.69,1.48,0.5,NA
1992,22,1992-05-05,2,1,46.85,-0.08,5.44,6.56,6.12,1.2,0.42,NA
1992,23,1992-05-05,2,3,48.87,-0.08,-5.43,3.5,5.81,1.35,0.42,NA
1992,24,1992-05-05,2,4,57.16,-0.05,-2.05,5,4,1.36,0.72,NA
1992,25,1992-05-05,3,1,42.05,-0.13,0.97,8.63,11.38,0.95,0.42,NA
1992,26,1992-05-05,3,3,78.74,-0.09,2.81,9.13,12.44,1.2,0.53,NA
1992,27,1992-05-05,3,4,85.07,-0.1,2.86,11.31,11.38,1.72,0.41,NA
1992,28,1992-05-19,1,2,77.01,-0.11,-1.36,12.25,8.88,1.13,0.48,NA
1992,29,1992-05-19,1,5,83.33,-0.08,-3.09,13.63,11.75,0.91,0.38,NA
1992,30,1992-05-19,1,6,70.79,-0.09,-8.45,14.5,11,1,0.39,NA
1992,31,1992-05-19,2,2,76.89,-0.07,-1.57,10.13,11.13,2.16,0.58,NA
1992,32,1992-05-19,2,5,79.73,-0.07,-7.73,13.63,12,1.23,0.45,NA
1992,33,1992-05-19,2,6,78.91,-0.09,-4.38,12.75,10.44,1.76,0.43,NA
1992,34,1992-05-19,3,2,123.47,-0.14,-2.97,16.25,16.5,1,0.31,NA
1992,35,1992-05-19,3,5,133.54,-0.07,-10.94,16.62,16.62,1.01,0.29,NA
1992,36,1992-05-19,3,6,105.58,-0.11,-4.47,15.13,16.87,0.91,0.52,NA
1992,37,1992-06-09,1,1,88.92,-0.1,4,12.94,12.94,1.11,0.41,NA
1992,38,1992-06-09,1,3,135.7,-0.11,3.81,14.13,13,1.24,0.51,NA
1992,39,1992-06-09,1,4,145.14,-0.12,2.44,15.06,13.5,1.03,0.39,NA
1992,40,1992-06-09,2,1,131.45,-0.12,2.09,15.25,12.69,0.98,0.38,NA
1992,41,1992-06-09,2,3,126.35,-0.09,2.15,15.5,14.38,1.54,0.41,NA
1992,42,1992-06-09,2,4,139.41,-0.09,3.85,13.75,13.06,1.64,0.59,NA
1992,43,1992-06-09,3,1,128.55,-0.15,1.67,14.88,15.81,0.79,0.34,NA
1992,44,1992-06-09,3,3,151.42,-0.1,1.48,19.75,19.12,0.79,0.38,NA
1992,45,1992-06-09,3,4,166.85,-0.11,-1.33,18.94,18.62,0.83,0.32,NA
1992,46,1992-06-23,1,2,72.12,-0.15,-4.98,9.75,12.75,0.79,0.38,NA
1992,47,1992-06-23,1,5,110.35,-0.11,3.99,12.63,11.63,0.71,0.28,NA
1992,48,1992-06-23,1,6,105.73,-0.12,0.84,9.81,10.69,0.76,0.28,NA
1992,49,1992-06-23,2,2,102.62,-0.09,1.12,10.94,10.88,0.96,0.34,NA
1992,50,1992-06-23,2,5,107.13,-0.12,-3.54,11.44,10.56,0.93,0.29,NA
1992,51,1992-06-23,2,6,83.54,-0.1,-0.76,11.75,10.5,0.8,0.32,NA
1992,52,1992-06-23,3,2,118.87,-0.13,-2.14,16.25,17.37,0.6,0.24,NA
1992,53,1992-06-23,3,5,163.93,-0.12,0.82,17.94,17.75,0.56,0.24,NA
1992,54,1992-06-23,3,6,147.91,-0.15,-0.37,15.88,16.37,0.8,0.24,NA
1992,55,1992-07-07,1,1,109.47,-0.11,-0.06,14.81,14.75,1.45,0.34,NA
1992,56,1992-07-07,1,3,171.5,-0.12,5.71,15.5,15.88,0.7,0.38,NA
1992,57,1992-07-07,1,4,176.95,-0.13,1.75,11.44,13.06,0.99,0.34,NA
1992,58,1992-07-07,2,1,175.07,-0.12,2.74,15.75,11.69,0.64,0.3,NA
1992,59,1992-07-07,2,3,161.31,-0.1,2.42,13.38,14.94,1.6,0.45,NA
1992,60,1992-07-07,2,4,166.47,-0.1,3.64,13.19,11.63,1.08,0.45,NA
1992,61,1992-07-07,3,1,161.37,-0.17,5.61,18.5,18,0.47,0.22,NA
1992,62,1992-07-07,3,3,147.79,-0.12,-0.84,19.25,19.06,0.95,0.32,NA
1992,63,1992-07-07,3,4,207.91,-0.14,3.62,17.37,16.87,1.43,0.75,NA
1992,64,1992-07-21,1,2,169.33,-0.17,5.64,16.94,16.76,1.03,0.39,NA
1992,65,1992-07-21,1,5,196.03,-0.12,6.44,15.88,15.75,0.91,0.3,NA
1992,66,1992-07-21,1,6,230.16,-0.12,4.92,18.19,18.75,1.23,0.32,NA
1992,67,1992-07-21,2,2,222.96,-0.11,8.51,16.62,19,1.36,0.46,NA
1992,68,1992-07-21,2,5,212.39,-0.12,5.06,14.56,17.5,1.49,0.38,NA
1992,69,1992-07-21,2,6,188.74,-0.11,2.32,18.12,15.94,1.1,0.33,NA
1992,70,1992-07-21,3,2,229.6,-0.17,7.28,21.69,23.8,1.86,0.28,NA
1992,71,1992-07-21,3,5,270.54,-0.12,6.1,20.62,21.69,1.25,0.26,NA
1992,72,1992-07-21,3,6,208.38,-0.14,5.83,21.69,24.87,1.53,0.32,NA
1992,73,1992-08-04,1,1,136.5,-0.09,2.6,18.09,16.17,1.47,0.37,NA
1992,74,1992-08-04,1,3,160.1,-0.1,-0.88,14.69,14.31,1.28,0.53,NA
1992,75,1992-08-04,1,4,195.38,-0.1,2.19,16.75,17.44,1.35,0.4,NA
1992,76,1992-08-04,2,1,195.01,-0.09,-0.26,13.74,15.63,0.78,0.32,NA
1992,77,1992-08-04,2,3,187.5,-0.1,1.81,16.44,15.75,1.78,0.44,NA
1992,78,1992-08-04,2,4,206.52,-0.1,2.72,16.94,15.63,1.94,0.57,NA
1992,79,1992-08-04,3,1,178.31,-0.15,-0.93,19.69,20.89,0.76,0.29,NA
1992,80,1992-08-04,3,3,181.55,-0.13,0.95,19.5,20.69,0.77,0.29,NA
1992,81,1992-08-04,3,4,218.32,-0.12,2.75,18,18.5,1.15,0.29,NA
1992,82,1992-08-25,1,2,129.57,-0.17,-0.7,18.87,18.25,0.93,0.34,NA
1992,83,1992-08-25,1,5,133.03,-0.11,-0.54,17.75,17.56,0.88,0.29,NA
1992,84,1992-08-25,1,6,154.15,-0.11,2.78,18.56,17.37,1.54,0.35,NA
1992,85,1992-08-25,2,2,181.36,-0.1,0.43,17.5,16.31,1.74,0.42,NA
1992,86,1992-08-25,2,5,177.97,-0.14,0.46,18.06,15.13,1.04,0.3,NA
1992,87,1992-08-25,2,6,163.49,-0.12,-3.53,16.62,15.88,0.98,0.35,NA
1992,88,1992-08-25,3,2,166.81,-0.15,-2.96,22.75,21.75,1.58,0.27,NA
1992,89,1992-08-25,3,5,220.97,-0.13,0.43,20.37,23.5,0.81,0.25,NA
1992,90,1992-08-25,3,6,181.82,-0.15,4.45,19.94,25.31,0.85,0.28,NA
1992,91,1992-09-08,1,1,142.3,-0.13,5.63,15.36,15.6,1.04,0.29,NA
1992,92,1992-09-08,1,3,168.03,-0.13,-0.94,16.37,14.5,1.25,0.44,NA
1992,93,1992-09-08,1,4,146.42,-0.12,2.01,16,16.55,0.86,0.33,NA
1992,94,1992-09-08,2,1,157.69,-0.15,2.48,15.7,13.38,1.13,0.3,NA
1992,95,1992-09-08,2,3,157.07,-0.11,-0.99,15.59,15.44,0.72,0.29,NA
1992,96,1992-09-08,2,4,157.64,-0.12,0.37,14.91,16.35,1.2,0.3,NA
1992,97,1992-09-08,3,1,163.88,-0.16,3.44,19.69,19.64,0.69,0.26,NA
1992,98,1992-09-08,3,3,145.98,-0.15,1.56,20.16,18.59,0.67,0.25,NA
1992,99,1992-09-08,3,4,173.13,-0.13,0.36,18.9,19.52,1.25,0.26,NA
1992,100,1992-09-22,1,2,124.37,-0.15,3.02,16.56,15.23,0.64,0.27,NA
1992,101,1992-09-22,1,5,108.07,-0.1,-3.76,15.71,16.76,0.78,0.24,NA
1992,102,1992-09-22,1,6,103.28,-0.1,-0.67,15.35,14.61,1.39,0.32,NA
1992,103,1992-09-22,2,2,141.38,-0.1,-1.52,14.64,15.14,1.03,0.26,NA
1992,104,1992-09-22,2,5,151.25,-0.15,-5.41,15.83,16.35,0.76,0.24,NA
1992,105,1992-09-22,2,6,118.62,-0.11,-0.3,15.63,14.45,0.87,0.26,NA
1992,106,1992-09-22,3,2,132.89,-0.15,4.06,17.66,19.44,0.72,0.2,NA
1992,107,1992-09-22,3,5,161.56,-0.13,4.5,18.37,20.32,0.54,0.26,NA
1992,108,1992-09-22,3,6,125.76,-0.13,1.51,19.12,19.1,0.9,0.21,NA
1992,109,1992-10-06,1,1,51.86,-0.13,1.85,4,6.94,0.96,0.28,NA
1992,110,1992-10-06,1,3,84.51,-0.15,-9.7,6.5,7.31,0.95,0.37,NA
1992,111,1992-10-06,1,4,61.11,-0.13,-11.21,7.29,6.62,0.49,0.27,NA
1992,112,1992-10-06,2,1,41.42,-0.13,-8.15,5.54,4.72,0.61,0.27,NA
1992,113,1992-10-06,2,3,54.4,-0.11,-2.86,5.12,7.12,0.81,0.3,NA
1992,114,1992-10-06,2,4,69.19,-0.16,-0.47,4.5,6.85,0.67,0.39,NA
1992,115,1992-10-06,3,1,38.63,-0.15,-7.32,8.29,12.75,0.86,0.26,NA
1992,116,1992-10-06,3,3,50.26,-0.14,3.66,9.63,10.94,1.12,0.34,NA
1992,117,1992-10-06,3,4,57.76,-0.17,-0.73,7.5,9.99,1.2,0.28,NA
1992,118,1992-10-20,1,2,51.01,-0.12,-3.12,2.81,3.25,1.81,0.6,NA
1992,119,1992-10-20,1,5,47.17,-0.09,2.22,4.19,6.19,1.78,0.39,NA
1992,120,1992-10-20,1,6,34.87,-0.06,-6.43,3.19,3.44,1.75,0.33,NA
1992,121,1992-10-20,2,2,77.77,-0.08,1.11,4.94,3.94,1.73,0.4,NA
1992,122,1992-10-20,2,5,67.61,-0.09,3.38,4.25,6,1.79,0.44,NA
1992,123,1992-10-20,2,6,49,-0.1,-3.54,4.5,5.19,1.53,0.36,NA
1992,124,1992-10-20,3,2,80.13,-0.13,-1.65,9.56,10.06,2.38,0.46,NA
1992,125,1992-10-20,3,5,96.89,-0.14,3.09,7.87,8.81,1.49,0.34,NA
1992,126,1992-10-20,3,6,81.38,-0.12,-4.61,7.62,9.94,2.15,0.3,NA
1992,127,1992-11-10,1,1,18.4,-0.11,0.75,-3.25,-0.44,1.3,0.4,NA
1992,128,1992-11-10,1,3,22.49,-0.07,-0.47,-1.87,0.75,0.92,0.46,NA
1992,129,1992-11-10,1,4,25.65,-0.06,5.44,0.5,1,1.27,0.38,NA
1992,130,1992-11-10,2,1,35.64,-0.1,3.99,0.13,-0.88,0.73,0.34,NA
1992,131,1992-11-10,2,3,32.59,-0.1,2.97,-1.5,0.69,1.19,0.32,NA
1992,132,1992-11-10,2,4,11.21,-0.08,0.28,-1.12,0.5,1.99,0.69,NA
1992,133,1992-11-10,3,1,19.94,-0.15,5.53,1.19,4.87,1.5,0.29,NA
1992,134,1992-11-10,3,3,29.58,-0.1,-0.14,2.44,4.25,0.93,0.33,NA
1992,135,1992-11-10,3,4,41.7,-0.08,4.23,1.06,3.37,1.51,0.33,NA
1992,136,1992-11-20,1,2,30.29,-0.1,6.86,-1.81,0,1.61,0.41,NA
1992,137,1992-11-20,1,5,26.02,-0.08,2.92,-2.25,-0.5,1.26,0.4,NA
1992,138,1992-11-20,1,6,29.5,-0.05,2.62,-0.31,-2.25,1.44,0.39,NA
1992,139,1992-11-20,2,2,43.32,-0.06,2.21,0.13,-0.38,1.79,0.53,NA
1992,140,1992-11-20,2,5,35.52,-0.08,7.71,-4.12,-1.75,1.19,0.4,NA
1992,141,1992-11-20,2,6,31.18,-0.1,12.82,-5.25,-2.87,1.31,0.39,NA
1992,142,1992-11-20,3,2,19.2,-0.09,-8.73,2.31,4.81,2.1,0.37,NA
1992,143,1992-11-20,3,5,63.86,-0.08,-0.8,2.62,6.5,1.81,0.36,NA
1992,144,1992-11-20,3,6,59.73,-0.12,7.92,2.75,6.06,1.79,0.33,NA
1993,1,1993-04-13,1,1,27.12,-0.05,2.67,3.75,4.37,2.18,0.6,NA
1993,2,1993-04-13,1,3,38.65,-0.06,-0.59,2.37,3,1.57,0.67,NA
1993,3,1993-04-13,1,4,42.12,-0.08,2.15,1.5,1.37,1.55,0.57,NA
1993,4,1993-04-13,2,1,34.92,-0.03,-3.48,3.5,3.37,1.42,0.52,NA
1993,5,1993-04-13,2,3,50.66,-0.08,2.87,3.37,3.75,1.08,0.5,NA
1993,6,1993-04-13,2,4,34.92,-0.05,1.42,3.62,1.25,1.96,0.98,NA
1993,7,1993-04-13,3,1,38.66,-0.15,-0.35,4.5,4.5,1.65,0.48,NA
1993,8,1993-04-13,3,3,43.75,-0.09,-4.92,4.62,7.37,0.89,0.47,NA
1993,9,1993-04-13,3,4,47.61,-0.09,-0.79,6,8.63,2.29,0.43,NA
1993,10,1993-04-27,1,2,47.61,-0.07,5.63,4.37,6.44,1.75,0.54,0.4
1993,11,1993-04-27,1,5,37.18,-0.06,5.85,7.56,7.5,1.66,0.47,0.41
1993,12,1993-04-27,1,6,37.39,-0.05,-3.98,4.62,5.56,1.89,0.53,0.4
1993,13,1993-04-27,2,2,44.67,-0.05,3.9,5.12,5.12,1.85,0.63,0.46
1993,14,1993-04-27,2,5,42.47,-0.03,-1.32,5.19,4.5,1.2,0.5,0.35
1993,15,1993-04-27,2,6,50.63,-0.05,1.21,6.5,2.62,1.27,0.53,0.39
1993,16,1993-04-27,3,2,55.26,-0.1,0.46,9.13,8.88,1.48,0.39,0.35
1993,17,1993-04-27,3,5,84.05,-0.11,0.44,8.63,8.88,1.55,0.42,0.43
1993,18,1993-04-27,3,6,75.75,-0.09,1.3,10.25,9,2.07,0.47,0.33
1993,19,1993-05-11,1,1,79.88,-0.08,2.05,16.25,13,1.94,0.57,0.27
1993,20,1993-05-11,1,3,77.67,-0.08,-0.6,14.63,14.5,1.69,0.64,0.35
1993,21,1993-05-11,1,4,100.8,-0.08,-3.31,17.56,13.25,1.25,0.44,0.45
1993,22,1993-05-11,2,1,78.32,-0.09,-2.37,16.75,13,0.85,0.44,0.3
1993,23,1993-05-11,2,3,76.01,-0.1,-7.77,14,14.38,1.43,0.47,0.31
1993,24,1993-05-11,2,4,111.13,-0.09,-6.36,17.12,10.63,1.6,0.79,0.36
1993,25,1993-05-11,3,1,107.44,-0.15,-5.51,16.87,17.25,1.2,0.39,0.28
1993,26,1993-05-11,3,3,72.01,-0.08,-11.83,17.75,16,1.17,0.43,0.38
1993,27,1993-05-11,3,4,115.54,-0.12,-0.26,18.62,19.62,1.44,0.47,0.24
1993,28,1993-05-26,1,2,74.9,-0.12,2.93,10,10,1.43,0.4,0.28
1993,29,1993-05-26,1,5,73.54,-0.13,1.64,3.62,8.63,0.66,0.34,0.32
1993,30,1993-05-26,1,6,55.5,-0.15,-0.55,9.88,9.75,1.56,0.42,0.26
1993,31,1993-05-26,2,2,70.95,-0.14,-3.37,8.38,10.38,1.4,0.54,0.33
1993,32,1993-05-26,2,5,77.81,-0.1,1.85,10.88,10.25,0.91,0.37,0.25
1993,33,1993-05-26,2,6,93.88,-0.14,0.14,11.13,8.5,1.51,0.4,0.3
1993,34,1993-05-26,3,2,118.08,-0.13,1,13.63,17.37,1.22,0.33,0.21
1993,35,1993-05-26,3,5,162.57,-0.15,-3.37,15.88,18.25,1.25,0.32,0.31
1993,36,1993-05-26,3,6,117.95,-0.17,10.85,12.75,23.87,1.75,0.36,0.23
1993,37,1993-06-15,1,1,98.25,-0.17,2,13.25,11.88,17.41,0.43,NA
1993,38,1993-06-15,1,3,104.53,-0.12,11.36,15.56,13.5,0.87,0.39,0.22
1993,39,1993-06-15,1,4,107.2,-0.15,4.71,15.75,12.81,1,0.35,0.26
1993,40,1993-06-15,2,1,103.22,-0.13,2.58,15.63,14.75,0.85,0.27,NA
1993,41,1993-06-15,2,3,78.43,-0.1,-1.08,14.75,13,1.47,0.33,0.17
1993,42,1993-06-15,2,4,96.94,-0.13,-0.56,11.94,13.81,0.97,0.51,0.2
1993,43,1993-06-15,3,1,71.73,-0.15,-0.23,18.75,17.75,0.86,0.29,0.13
1993,44,1993-06-15,3,3,117.67,-0.14,-6.78,18.25,18,0.84,0.3,0.23
1993,45,1993-06-15,3,4,118.23,-0.15,-0.42,20,18.5,1.15,0.31,0.14
1993,46,1993-06-29,1,2,141.75,-0.19,-1.4,16.31,15,0.68,0.23,0.17
1993,47,1993-06-29,1,5,183.69,-0.14,1.95,16.44,15.69,0.51,0.26,0.25
1993,48,1993-06-29,1,6,199.25,-0.19,-1.83,16.62,15.19,0.59,0.21,0.13
1993,49,1993-06-29,2,2,174.74,-0.14,-0.07,16.12,15.63,1.19,0.34,0.26
1993,50,1993-06-29,2,5,206.76,-0.21,4.8,15.88,15.38,1.01,0.27,0.12
1993,51,1993-06-29,2,6,176.91,-0.13,-0.15,16.25,15.5,0.62,0.21,0.2
1993,52,1993-06-29,3,2,193.22,-0.19,-0.95,19.56,21.06,1.17,0.26,0.14
1993,53,1993-06-29,3,5,245.9,-0.19,7.87,19.5,20.75,0.52,0.19,0.23
1993,54,1993-06-29,3,6,183.51,-0.16,-0.44,18.62,20.37,1.09,0.23,0.14
1993,55,1993-07-28,1,1,187.05,-0.15,-5.76,16.5,15.63,NA,NA,0.23
1993,56,1993-07-28,1,2,182.68,-0.14,-2.08,17.12,16,NA,NA,0.11
1993,57,1993-07-28,1,3,193.6,-0.12,0.26,17.75,16.25,NA,NA,0.19
1993,58,1993-07-28,1,4,175.58,-0.13,-4.14,18.75,17,NA,NA,0.25
1993,59,1993-07-28,1,5,152.1,-0.13,3.28,17,14.63,NA,NA,0.28
1993,60,1993-07-28,1,6,127.74,-0.09,-8.05,17.25,15.5,NA,NA,0.16
1993,61,1993-07-28,2,1,207.66,-0.11,-0.4,17.12,16.5,NA,NA,0.23
1993,62,1993-07-28,2,2,176.61,-0.08,-3.31,17,14.63,NA,NA,0.29
1993,63,1993-07-28,2,3,175.52,-0.12,-2.33,18.5,15.75,NA,NA,0.17
1993,64,1993-07-28,2,4,169.94,-0.13,2.55,19,17.37,NA,NA,0.19
1993,65,1993-07-28,2,5,219.16,-0.11,-7.58,16.62,16.37,NA,NA,0.11
1993,66,1993-07-28,2,6,146.53,-0.1,-19.39,18,17.25,NA,NA,0.22
1993,67,1993-07-28,3,1,166.96,-0.17,-5.93,20.5,20.5,NA,NA,0.15
1993,68,1993-07-28,3,2,189.28,-0.14,-7.92,20,21,NA,NA,0.18
1993,69,1993-07-28,3,3,166.42,-0.16,-0.56,20.25,19,NA,NA,0.22
1993,70,1993-07-28,3,4,202.59,-0.18,-11.48,20.75,22,NA,NA,0.27
1993,71,1993-07-28,3,5,191.68,-0.16,-3.72,22,17.5,NA,NA,0.17
1993,72,1993-07-28,3,6,200.82,-0.11,-5.83,21.25,21.75,NA,NA,0.14
1993,73,1993-08-17,1,1,186,-0.18,7.26,16.25,16.25,0.72,0.32,0.21
1993,74,1993-08-17,1,2,205.82,-0.15,-13.05,15.25,15,NA,NA,0.2
1993,75,1993-08-17,1,3,259.43,-0.19,-0.76,17.5,17,1.18,0.39,0.18
1993,76,1993-08-17,1,4,271.77,-0.19,3.39,17,17,0.8,0.28,0.28
1993,77,1993-08-17,1,5,149.45,-0.1,-1.3,18,15.5,NA,NA,0.3
1993,78,1993-08-17,1,6,179.37,-0.13,6.82,17.5,17.5,NA,NA,0.19
1993,79,1993-08-17,2,1,270.07,-0.14,1.38,16.5,16,0.93,0.28,0.22
1993,80,1993-08-17,2,2,228.68,-0.11,3.86,17,15.5,NA,NA,0.24
1993,81,1993-08-17,2,3,243.65,-0.12,4.53,17.37,17.62,1.24,0.29,0.21
1993,82,1993-08-17,2,4,227.87,-0.15,-1.4,20.5,16.5,1.48,0.48,0.22
1993,83,1993-08-17,2,5,254.18,-0.13,4.49,18,17.25,NA,NA,0.17
1993,84,1993-08-17,2,6,193.3,-0.07,1.22,18,15.75,NA,NA,0.24
1993,85,1993-08-17,3,1,248,-0.2,0.95,20.12,21.37,1.53,0.32,0.2
1993,86,1993-08-17,3,2,216.79,-0.11,1.65,19.25,21.5,NA,NA,0.2
1993,87,1993-08-17,3,3,242.57,-0.12,4.95,19,22.75,2.02,0.31,0.24
1993,88,1993-08-17,3,4,278.81,-0.13,2.75,19.5,21.75,1.89,0.31,0.25
1993,89,1993-08-17,3,5,294.63,-0.1,2.86,18.75,22,NA,NA,0.26
1993,90,1993-08-17,3,6,364.44,-0.13,3.46,20,22.75,NA,NA,0.19
1993,91,1993-09-21,1,1,88.06,-0.15,8.72,5.75,7.12,NA,NA,0.16
1993,92,1993-09-21,1,2,77.14,-0.19,2.12,7.87,8.88,NA,NA,0.19
1993,93,1993-09-21,1,3,84.13,-0.14,-0.09,7,7.5,NA,NA,0.16
1993,94,1993-09-21,1,4,125.13,-0.19,-0.55,8.63,8.88,NA,NA,0.24
1993,95,1993-09-21,1,5,80.91,-0.12,-2.69,6.5,9.13,NA,NA,0.25
1993,96,1993-09-21,1,6,101.49,-0.14,0.75,9,9,NA,NA,0.15
1993,97,1993-09-21,2,1,93.81,-0.14,5.02,6.37,7.25,NA,NA,0.16
1993,98,1993-09-21,2,2,115.39,-0.14,0.47,8.13,6.62,NA,NA,0.17
1993,99,1993-09-21,2,3,100.66,-0.15,4.15,7,4.75,NA,NA,0.16
1993,100,1993-09-21,2,4,117.37,-0.2,0.52,8.75,7.75,NA,NA,0.17
1993,101,1993-09-21,2,5,118.02,-0.18,-1.17,6.5,6.75,NA,NA,0.16
1993,102,1993-09-21,2,6,87.7,-0.09,-0.08,6.25,7.87,NA,NA,0.22
1993,103,1993-09-21,3,1,94.16,-0.2,-1.11,12.25,13.38,NA,NA,0.14
1993,104,1993-09-21,3,2,126.77,-0.19,3.76,11.25,12.25,NA,NA,0.17
1993,105,1993-09-21,3,3,97.07,-0.23,3.19,9.75,12,NA,NA,0.16
1993,106,1993-09-21,3,4,118.04,-0.18,3.87,9,12,NA,NA,0.19
1993,107,1993-09-21,3,5,177.96,-0.12,10.64,11.13,12.75,NA,NA,0.21
1993,108,1993-09-21,3,6,185.71,-0.18,6.06,12.5,15.38,NA,NA,0.15
1993,109,1993-10-13,1,1,62.95,-0.14,9.28,3,3.75,2.07,0.32,0.24
1993,110,1993-10-13,1,2,41.44,-0.15,4.8,3.37,4,NA,NA,0.29
1993,111,1993-10-13,1,3,58.95,-0.12,0.72,3,4.5,1.19,0.5,0.28
1993,112,1993-10-13,1,4,88.91,-0.1,10.62,4,5.37,1.28,0.34,0.36
1993,113,1993-10-13,1,5,59.21,-0.08,12.23,5.87,6.37,NA,NA,0.34
1993,114,1993-10-13,1,6,66.63,-0.1,2.02,2.37,4.87,NA,NA,0.24
1993,115,1993-10-13,2,1,64,-0.13,3.32,5,5.5,1.02,0.39,0.28
1993,116,1993-10-13,2,2,56.61,-0.09,6.78,0.75,6.37,NA,NA,0.31
1993,117,1993-10-13,2,3,51.58,-0.09,8.73,3.62,4.5,1.81,0.56,0.24
1993,118,1993-10-13,2,4,50.64,-0.14,6.55,4.37,4.87,1.86,0.52,0.24
1993,119,1993-10-13,2,5,57.24,-0.11,2.52,5.5,3.62,NA,NA,0.23
1993,120,1993-10-13,2,6,62.21,-0.11,6.62,3.87,4.37,NA,NA,0.31
1993,121,1993-10-13,3,1,66.71,-0.22,9.15,7.75,10.13,1.5,0.33,0.23
1993,122,1993-10-13,3,2,72.52,-0.13,2.97,8.75,9.25,NA,NA,0.18
1993,123,1993-10-13,3,3,80.29,-0.13,14.78,5.5,9.13,1.87,0.31,0.29
1993,124,1993-10-13,3,4,87.77,-0.11,5.96,6.37,6.87,1.77,0.27,0.27
1993,125,1993-10-13,3,5,111.71,-0.11,8.02,5.12,11,NA,NA,0.33
1993,126,1993-10-13,3,6,101.21,-0.12,4.1,9.13,11.25,NA,NA,0.21
1993,127,1993-11-16,1,1,46.03,-0.11,7.91,6.5,5.5,NA,NA,0.23
1993,128,1993-11-16,1,2,86.22,-0.12,7.61,3.62,2.75,NA,NA,0.26
1993,129,1993-11-16,1,3,62.91,-0.09,10.15,5.25,5.75,NA,NA,0.25
1993,130,1993-11-16,1,4,56.5,-0.12,0.82,4.75,5.25,NA,NA,0.34
1993,131,1993-11-16,1,5,74.03,-0.09,6.34,6.75,6,NA,NA,0.3
1993,132,1993-11-16,1,6,56.4,-0.08,11.69,4.75,5,NA,NA,0.26
1993,133,1993-11-16,2,1,77.96,-0.11,13.92,5.12,4.62,NA,NA,0.26
1993,134,1993-11-16,2,2,64.85,-0.09,4.82,6.75,5.25,NA,NA,0.3
1993,135,1993-11-16,2,3,69.58,-0.1,4.59,3.87,5.25,NA,NA,0.23
1993,136,1993-11-16,2,4,72.74,-0.15,10.59,5.12,5,NA,NA,0.24
1993,137,1993-11-16,2,5,60.87,-0.09,5.5,3.5,6.12,NA,NA,0.22
1993,138,1993-11-16,2,6,45.24,-0.07,1.74,4.5,4.5,NA,NA,0.29
1993,139,1993-11-16,3,1,87.82,-0.21,27.5,8.75,8,NA,NA,0.23
1993,140,1993-11-16,3,2,75.96,-0.11,5.68,9.38,8.38,NA,NA,0.23
1993,141,1993-11-16,3,3,94.82,-0.11,2.13,8.5,10.75,NA,NA,0.29
1993,142,1993-11-16,3,4,101.57,-0.1,2.36,8,10.38,NA,NA,0.25
1993,143,1993-11-16,3,5,91.82,-0.09,7.7,8,11.25,NA,NA,0.32
1993,144,1993-11-16,3,6,83.01,-0.09,4.16,9,13,NA,NA,0.21
1994,1,1994-04-26,1,1,26.94,-0.08,-1.08,5,6.15,NA,NA,0.28
1994,2,1994-04-26,1,2,24.55,-0.1,-6.53,5.15,4.9,1.79,0.48,0.3
1994,3,1994-04-26,1,3,42.38,-0.05,-6.01,5.5,2.5,NA,NA,0.37
1994,4,1994-04-26,1,4,67.28,-0.07,-6.12,5,5.25,NA,NA,0.42
1994,5,1994-04-26,1,5,48.03,-0.07,-0.47,3,4.5,1.35,0.45,0.29
1994,6,1994-04-26,1,6,51.25,-0.05,1.33,6,5.5,1.92,0.43,0.31
1994,7,1994-04-26,2,1,34.25,-0.05,-6.76,4.5,5.25,NA,NA,0.32
1994,8,1994-04-26,2,2,39.52,-0.03,0.51,4.15,5.5,2.43,0.28,0.37
1994,9,1994-04-26,2,3,32.35,-0.04,-7.01,5,5.75,NA,NA,0.29
1994,10,1994-04-26,2,4,32.91,-0.05,-8.17,4.65,4.75,NA,NA,0.32
1994,11,1994-04-26,2,5,45.93,-0.08,4.96,5,5.25,2.06,0.45,0.27
1994,12,1994-04-26,2,6,40.82,-0.06,0.36,4.25,4.75,1.27,0.46,0.32
1994,13,1994-04-26,3,1,58.8,-0.14,-6.17,8.05,9.4,NA,NA,0.28
1994,14,1994-04-26,3,2,64.52,-0.1,0.61,8.15,11.5,2.08,0.43,0.29
1994,15,1994-04-26,3,3,49.49,-0.08,0.23,7.5,10.5,NA,NA,0.41
1994,16,1994-04-26,3,4,69.26,-0.1,-4.94,7.5,9,NA,NA,0.29
1994,17,1994-04-26,3,5,83.72,-0.08,4.07,8,9.75,1.44,0.36,0.38
1994,18,1994-04-26,3,6,56.91,-0.12,-3.88,8.25,9.5,1.23,0.4,0.28
1994,19,1994-05-17,1,1,47.92,-0.08,9.16,6.75,6.5,NA,NA,0.3
1994,20,1994-05-17,1,2,64.67,-0.09,3.52,5.9,6,NA,NA,0.32
1994,21,1994-05-17,1,3,73.96,-0.07,12.3,6.5,7,NA,NA,0.36
1994,22,1994-05-17,1,4,68.05,-0.07,1.72,6.25,8,NA,NA,0.44
1994,23,1994-05-17,1,5,67.91,-0.06,4.86,6.25,8.5,NA,NA,0.31
1994,24,1994-05-17,1,6,63.03,-0.06,-1.68,7.5,9.25,NA,NA,0.32
1994,25,1994-05-17,2,1,67.38,-0.07,12.44,7.9,6.15,NA,NA,0.33
1994,26,1994-05-17,2,2,67.71,-0.05,1.3,6.5,6.5,NA,NA,0.41
1994,27,1994-05-17,2,3,57.43,-0.05,7.6,5.5,8.3,NA,NA,0.3
1994,28,1994-05-17,2,4,51.64,-0.05,4.48,6.75,8.25,NA,NA,0.32
1994,29,1994-05-17,2,5,75.73,-0.07,2.82,7.25,7.5,NA,NA,0.27
1994,30,1994-05-17,2,6,82.82,-0.07,5.96,8.25,4.5,NA,NA,0.29
1994,31,1994-05-17,3,1,87.35,-0.13,6.44,10.55,12.4,NA,NA,0.31
1994,32,1994-05-17,3,2,112.53,-0.11,2.33,7.9,14,NA,NA,0.31
1994,33,1994-05-17,3,3,82.8,-0.06,8.39,10,10.75,NA,NA,0.42
1994,34,1994-05-17,3,4,80.61,-0.07,8.23,10.25,12,NA,NA,0.35
1994,35,1994-05-17,3,5,115.6,-0.08,5.59,11.75,13,NA,NA,0.41
1994,36,1994-05-17,3,6,100.35,-0.06,6.83,8.75,13.75,NA,NA,0.29
1994,37,1994-06-14,1,1,173.69,-0.12,6.85,17.37,14.5,NA,NA,0.22
1994,38,1994-06-14,1,2,129.44,-0.12,-16.39,15.63,14.13,NA,NA,0.22
1994,39,1994-06-14,1,3,161.73,-0.07,14.49,17,15.5,NA,NA,0.25
1994,40,1994-06-14,1,4,215.44,-0.1,6.39,16,15.25,NA,NA,0.32
1994,41,1994-06-14,1,5,162.76,-0.05,11.69,16.75,15.25,NA,NA,0.22
1994,42,1994-06-14,1,6,183.26,-0.09,-0.03,15.38,13.63,NA,NA,0.21
1994,43,1994-06-14,2,1,204.44,-0.11,2.47,17,14.5,NA,NA,0.23
1994,44,1994-06-14,2,2,151.25,-0.06,3.35,15.63,13.88,NA,NA,0.25
1994,45,1994-06-14,2,3,191.57,-0.09,6.11,15.75,15,NA,NA,0.22
1994,46,1994-06-14,2,4,180.39,-0.09,6.23,17.37,14.63,NA,NA,0.25
1994,47,1994-06-14,2,5,158.52,-0.11,0.99,14.13,14.75,NA,NA,0.2
1994,48,1994-06-14,2,6,157.49,-0.07,10.16,17.87,13,NA,NA,0.22
1994,49,1994-06-14,3,1,183.09,-0.15,5.05,19.37,19,NA,NA,0.18
1994,50,1994-06-14,3,2,189.51,-0.09,15.84,20.62,18.87,NA,NA,0.21
1994,51,1994-06-14,3,3,234.45,-0.09,4.89,19.5,20.5,NA,NA,0.31
1994,52,1994-06-14,3,4,244.61,-0.11,6.29,20,19.25,NA,NA,0.19
1994,53,1994-06-14,3,5,280.99,-0.19,5.17,18.62,19.12,NA,NA,0.27
1994,54,1994-06-14,3,6,290.38,-0.15,9.49,18.12,21,NA,NA,0.2
1994,55,1994-07-19,1,1,276.29,-0.18,2.38,17.12,16.75,NA,NA,0.16
1994,56,1994-07-19,1,2,264.18,-0.2,10.27,17.37,17.62,NA,NA,0.17
1994,57,1994-07-19,1,3,282.01,-0.16,-2.85,19.62,18.5,NA,NA,0.15
1994,58,1994-07-19,1,4,207.42,-0.14,-1.98,16,18,NA,NA,0.22
1994,59,1994-07-19,1,5,261.93,-0.14,-0.05,18.37,17.25,NA,NA,0.21
1994,60,1994-07-19,1,6,331.5,-0.18,4.43,18.5,16.37,NA,NA,0.13
1994,61,1994-07-19,2,1,224.26,-0.19,2.67,19.37,19.25,NA,NA,0.17
1994,62,1994-07-19,2,2,255.16,-0.15,7.63,18.12,15.88,NA,NA,0.2
1994,63,1994-07-19,2,3,258.13,-0.17,-7.17,19.5,16.5,NA,NA,0.13
1994,64,1994-07-19,2,4,197.79,-0.18,5.61,19.62,17.25,NA,NA,0.16
1994,65,1994-07-19,2,5,272.97,-0.19,4.53,18.75,17,NA,NA,0.13
1994,66,1994-07-19,2,6,236.57,-0.13,3.65,18.75,17.25,NA,NA,0.17
1994,67,1994-07-19,3,1,213.97,-0.25,0.17,19.37,18.75,NA,NA,0.12
1994,68,1994-07-19,3,2,264.95,-0.17,4.03,21,22.25,NA,NA,0.13
1994,69,1994-07-19,3,3,220.38,-0.13,3.07,20.62,22.5,NA,NA,0.17
1994,70,1994-07-19,3,4,270.28,-0.16,4.5,21.5,21.5,NA,NA,0.14
1994,71,1994-07-19,3,5,248.45,-0.13,0.48,20.62,22.12,NA,NA,0.2
1994,72,1994-07-19,3,6,241.41,-0.15,5.09,21.5,20.75,NA,NA,0.13
1994,73,1994-08-23,1,1,173.13,-0.14,4.76,11.5,12.25,NA,NA,0.25
1994,74,1994-08-23,1,2,170.03,-0.14,-1.94,11,13.5,NA,NA,0.28
1994,75,1994-08-23,1,3,168.29,-0.11,-2.76,12.25,13.25,NA,NA,0.28
1994,76,1994-08-23,1,4,230.09,-0.14,15.85,13.25,14.75,NA,NA,0.38
1994,77,1994-08-23,1,5,162.31,-0.09,-1.92,12,12.5,NA,NA,0.28
1994,78,1994-08-23,1,6,209.62,-0.07,2.64,13.5,14.25,NA,NA,0.22
1994,79,1994-08-23,2,1,202.14,-0.15,12.93,12.75,13,NA,NA,0.28
1994,80,1994-08-23,2,2,227.45,-0.06,11.77,12.25,11.75,NA,NA,0.34
1994,81,1994-08-23,2,3,222.46,-0.11,11.47,14,14.63,NA,NA,0.26
1994,82,1994-08-23,2,4,158.99,-0.11,5.81,12.5,13.25,NA,NA,0.28
1994,83,1994-08-23,2,5,222.72,-0.12,-1.87,13,14.5,NA,NA,0.24
1994,84,1994-08-23,2,6,177.23,-0.08,6.73,12.5,12,NA,NA,0.29
1994,85,1994-08-23,3,1,171.98,-0.16,-3.83,12.75,17.5,NA,NA,0.23
1994,86,1994-08-23,3,2,216.27,-0.14,2.49,16.62,19.25,NA,NA,0.23
1994,87,1994-08-23,3,3,197.69,-0.11,15.88,15.5,18.5,NA,NA,0.31
1994,88,1994-08-23,3,4,254.98,-0.08,4.68,16.75,18,NA,NA,0.22
1994,89,1994-08-23,3,5,287.03,-0.1,4.66,16.75,18.25,NA,NA,0.34
1994,90,1994-08-23,3,6,287.87,-0.11,0.56,16.25,19,NA,NA,0.21
1994,91,1994-09-28,1,1,148.07,-0.12,1.66,12.25,13,NA,NA,0.25
1994,92,1994-09-28,1,2,185.76,-0.15,9.03,11.5,14,NA,NA,0.26
1994,93,1994-09-28,1,3,178.25,-0.13,-0.03,13.5,13.5,NA,NA,0.26
1994,94,1994-09-28,1,4,154.73,-0.11,0.62,13,13,NA,NA,0.36
1994,95,1994-09-28,1,5,100.18,-0.09,-5.57,13.75,13,NA,NA,0.27
1994,96,1994-09-28,1,6,144.58,-0.1,7.93,13.38,14,NA,NA,0.21
1994,97,1994-09-28,2,1,134.65,-0.1,3.79,13,12.38,NA,NA,0.27
1994,98,1994-09-28,2,2,190.2,-0.12,1.47,12.5,13,NA,NA,0.32
1994,99,1994-09-28,2,3,165.32,-0.11,2.07,13.5,14,NA,NA,0.25
1994,100,1994-09-28,2,4,115.39,-0.14,2.06,13,12.75,NA,NA,0.27
1994,101,1994-09-28,2,5,164.06,-0.12,3.15,12.5,12.25,NA,NA,0.24
1994,102,1994-09-28,2,6,142.6,-0.09,8.31,13.5,13.5,NA,NA,0.26
1994,103,1994-09-28,3,1,114.13,-0.16,6.78,13.25,12.88,NA,NA,0.21
1994,104,1994-09-28,3,2,152.69,-0.15,-1.91,16,16.25,NA,NA,0.21
1994,105,1994-09-28,3,3,121.75,-0.12,-4.33,13,13.25,NA,NA,0.3
1994,106,1994-09-28,3,4,208.47,-0.13,-4.24,16.5,17,NA,NA,0.21
1994,107,1994-09-28,3,5,190.79,-0.12,-3.16,16,17.75,NA,NA,0.33
1994,108,1994-09-28,3,6,197.59,-0.15,-3.86,16.5,17.5,NA,NA,0.23
1994,109,1994-10-25,1,1,104.88,-0.12,-3.03,7.75,9.25,NA,NA,0.22
1994,110,1994-10-25,1,2,153.78,-0.22,9.2,7,8.5,NA,NA,0.24
1994,111,1994-10-25,1,3,87.8,-0.11,3.74,8.5,8,NA,NA,0.25
1994,112,1994-10-25,1,4,89.96,-0.1,-3.36,8,8.5,NA,NA,0.33
1994,113,1994-10-25,1,5,133.45,-0.14,4.49,8.5,9,NA,NA,0.24
1994,114,1994-10-25,1,6,113.23,-0.1,-1.47,7.62,8.5,NA,NA,0.22
1994,115,1994-10-25,2,1,103.79,-0.14,-6.11,5.75,7,NA,NA,0.2
1994,116,1994-10-25,2,2,102.86,-0.1,3.59,7.5,9,NA,NA,0.29
1994,117,1994-10-25,2,3,75.73,-0.09,-2.41,8.88,9,NA,NA,0.23
1994,118,1994-10-25,2,4,114.09,-0.1,-2.38,7,8.25,NA,NA,0.23
1994,119,1994-10-25,2,5,131.56,-0.16,2.84,8.5,7,NA,NA,0.22
1994,120,1994-10-25,2,6,83.72,-0.16,-1.54,7,6.75,NA,NA,0.26
1994,121,1994-10-25,3,1,57.13,-0.17,-3.23,10.63,13.25,NA,NA,0.18
1994,122,1994-10-25,3,2,122.23,-0.16,1.8,10,11,NA,NA,0.19
1994,123,1994-10-25,3,3,113.49,-0.12,9.62,11.75,13,NA,NA,0.27
1994,124,1994-10-25,3,4,123.51,-0.11,2.02,11.75,13,NA,NA,0.21
1994,125,1994-10-25,3,5,145.19,-0.14,-4.15,10.75,12.5,NA,NA,0.31
1994,126,1994-10-25,3,6,108.72,-0.14,-0.64,11.5,14.25,NA,NA,0.2
1994,127,1994-11-30,1,1,30.19,-0.1,1.19,-0.25,-0.5,NA,NA,0.26
1994,128,1994-11-30,1,2,32.84,-0.1,1.38,-1,0.5,NA,NA,0.27
1994,129,1994-11-30,1,3,32.21,-0.06,-3.69,0.25,0.75,NA,NA,0.27
1994,130,1994-11-30,1,4,28.37,-0.08,2.95,-2,-0.25,NA,NA,0.36
1994,131,1994-11-30,1,5,25.59,-0.06,1.47,-1.25,-0.75,NA,NA,0.25
1994,132,1994-11-30,1,6,24.37,-0.05,3.44,-0.5,1.25,NA,NA,0.24
1994,133,1994-11-30,2,1,13.93,-0.07,0.11,-2.62,0.5,NA,NA,0.22
1994,134,1994-11-30,2,2,22.9,-0.07,1.26,-0.63,-1.62,NA,NA,0.33
1994,135,1994-11-30,2,3,35,-0.09,-0.83,-0.5,1.75,NA,NA,0.23
1994,136,1994-11-30,2,4,26.2,-0.07,0.58,-2.25,-0.75,NA,NA,0.26
1994,137,1994-11-30,2,5,20.48,-0.08,1.83,-1.25,-0.5,NA,NA,0.25
1994,138,1994-11-30,2,6,18.81,-0.07,-2.54,-2,-3,NA,NA,0.28
1994,139,1994-11-30,3,1,29.22,-0.12,1.09,3.5,6.5,NA,NA,0.22
1994,140,1994-11-30,3,2,34.76,-0.1,0.65,0,4,NA,NA,0.22
1994,141,1994-11-30,3,3,36.63,-0.09,-4.84,3.75,5.25,NA,NA,0.29
1994,142,1994-11-30,3,4,44.69,-0.07,2.57,2,4.25,NA,NA,0.24
1994,143,1994-11-30,3,5,32.06,-0.08,-1.49,2,3,NA,NA,0.35
1994,144,1994-11-30,3,6,32.59,-0.09,-2.72,2.75,5.25,NA,NA,0.25
1995,1,1995-06-28,1,4,90.59,-0.19,-2.86,9.5,11.5,NA,NA,0.17
1995,2,1995-06-28,1,5,148.31,-0.16,-5.43,12.25,12,NA,NA,0.16
1995,3,1995-06-28,1,6,171.76,-0.14,5.15,11.38,12,NA,NA,0.14
1995,4,1995-06-28,2,4,154.22,-0.17,7.86,10.63,11.63,NA,NA,0.16
1995,5,1995-06-28,2,5,151.13,-0.17,11.1,11.25,11.5,NA,NA,0.11
1995,6,1995-06-28,2,6,131.73,-0.09,5.89,11,12.5,NA,NA,0.16
1995,7,1995-06-28,3,4,165.21,-0.14,-5.77,16.75,18,NA,NA,0.12
1995,8,1995-06-28,3,5,172.66,-0.15,7.37,15.75,18.12,NA,NA,0.16
1995,9,1995-06-28,3,6,154.52,-0.17,5.9,14.88,15.25,NA,NA,0.13
1995,10,1995-07-20,1,4,NA,-0.13,NA,15.88,17,NA,NA,0.14
1995,11,1995-07-20,1,5,NA,-0.15,NA,17,15.88,NA,NA,0.14
1995,12,1995-07-20,1,6,NA,-0.12,NA,16,17,NA,NA,0.11
1995,13,1995-07-20,2,4,NA,-0.16,NA,17.5,16.25,NA,NA,0.13
1995,14,1995-07-20,2,5,NA,-0.12,NA,17,16.37,NA,NA,0.09
1995,15,1995-07-20,2,6,NA,-0.14,NA,16.12,16.87,NA,NA,0.11
1995,16,1995-07-20,3,4,NA,-0.17,NA,19,22,NA,NA,0.11
1995,17,1995-07-20,3,5,NA,-0.18,NA,19.75,21.5,NA,NA,0.12
1995,18,1995-07-20,3,6,NA,-0.17,NA,19.37,20,NA,NA,0.11
1995,19,1995-07-26,1,4,149.82,NA,NA,20,19.5,NA,NA,0.14
1995,20,1995-07-26,1,5,107.37,NA,NA,20.5,20,NA,NA,0.16
1995,21,1995-07-26,1,6,222.63,NA,NA,20.5,19,NA,NA,0.13
1995,22,1995-07-26,2,4,135.37,NA,NA,20.87,19.5,NA,NA,0.14
1995,23,1995-07-26,2,5,172.99,NA,NA,22,19.87,NA,NA,0.1
1995,24,1995-07-26,2,6,182.87,NA,NA,20.75,20,NA,NA,0.19
1995,25,1995-07-26,3,4,172.83,NA,NA,24.37,25.25,NA,NA,0.13
1995,26,1995-07-26,3,5,172.05,NA,NA,22.12,24.5,NA,NA,0.17
1995,27,1995-07-26,3,6,196.48,NA,NA,23.12,27.5,NA,NA,0.11
1995,28,1995-08-23,1,4,50.3,NA,NA,14.5,14,NA,NA,0.1
1995,29,1995-08-23,1,5,40.81,NA,NA,13.75,14.5,NA,NA,0.06
1995,30,1995-08-23,1,6,64.63,NA,NA,13.88,14.75,NA,NA,0.08
1995,31,1995-08-23,2,4,40.09,NA,NA,14.63,14.25,NA,NA,0.06
1995,32,1995-08-23,2,5,51.86,NA,NA,14.75,15.5,NA,NA,0.05
1995,33,1995-08-23,2,6,34.29,NA,NA,15.25,14.75,NA,NA,0.08
1995,34,1995-08-23,3,4,54.25,NA,NA,18.25,21.37,NA,NA,0.06
1995,35,1995-08-23,3,5,52.43,NA,NA,17.37,17,NA,NA,0.1
1995,36,1995-08-23,3,6,37.35,NA,NA,17.5,17.75,NA,NA,0.07
1995,37,1995-09-20,1,4,54.97,NA,NA,9.38,11.13,NA,NA,0.13
1995,38,1995-09-20,1,5,55.44,NA,NA,10.75,11.63,NA,NA,0.13
1995,39,1995-09-20,1,6,68.11,NA,NA,8.13,9.88,NA,NA,0.08
1995,40,1995-09-20,2,4,42.39,NA,NA,9.25,10.5,NA,NA,0.08
1995,41,1995-09-20,2,5,62.4,NA,NA,10,10.25,NA,NA,0.1
1995,42,1995-09-20,2,6,59.2,NA,NA,9.63,9.38,NA,NA,0.09
1995,43,1995-09-20,3,4,111.38,NA,NA,14.63,14.25,NA,NA,0.08
1995,44,1995-09-20,3,5,64.05,NA,NA,12.13,13.75,NA,NA,0.12
1995,45,1995-09-20,3,6,69.64,NA,NA,11.63,13.5,NA,NA,0.1
1995,46,1995-10-18,1,1,73.64,-0.11,9.9,8,7.75,NA,NA,0.25
1995,47,1995-10-18,1,2,65.44,-0.12,-2.5,7.87,7.5,NA,NA,0.21
1995,48,1995-10-18,1,3,135.22,-0.15,10.21,8.25,7.5,NA,NA,0.22
1995,49,1995-10-18,1,4,187.34,-0.12,-4.92,7.62,9.63,NA,NA,0.26
1995,50,1995-10-18,1,5,59.55,-0.1,-6.26,7.87,9.25,NA,NA,0.19
1995,51,1995-10-18,1,6,103.6,-0.1,-0.92,7,7,NA,NA,0.18
1995,52,1995-10-18,2,1,97.01,-0.16,-2.53,6.5,7.37,NA,NA,0.17
1995,53,1995-10-18,2,2,117.61,-0.11,-2.18,8,7.37,NA,NA,0.22
1995,54,1995-10-18,2,3,92.46,-0.16,2.66,7.25,8,NA,NA,0.17
1995,55,1995-10-18,2,4,85.28,-0.14,10.42,7.37,8.63,NA,NA,0.19
1995,56,1995-10-18,2,5,97.07,-0.15,8.88,7.87,8.75,NA,NA,0.15
1995,57,1995-10-18,2,6,82.94,-0.13,1.35,5.25,7.75,NA,NA,0.16
1995,58,1995-10-18,3,1,94.95,-0.2,4.5,12.25,12.75,NA,NA,0.23
1995,59,1995-10-18,3,2,132.9,-0.18,-7.42,9.75,12.5,NA,NA,0.21
1995,60,1995-10-18,3,3,84.4,-0.2,0.01,10.75,11.75,NA,NA,0.22
1995,61,1995-10-18,3,4,188.41,-0.14,2.67,9.5,12.75,NA,NA,0.13
1995,62,1995-10-18,3,5,119,-0.09,-11.87,9.25,8.38,NA,NA,0.17
1995,63,1995-10-18,3,6,150.41,-0.16,-5.21,11.88,13.5,NA,NA,0.13
1995,64,1995-11-15,1,1,35.88,NA,NA,3,4,NA,NA,0.4
1995,65,1995-11-15,1,2,44.2,NA,NA,4.25,3.75,NA,NA,0.34
1995,66,1995-11-15,1,3,26.93,NA,NA,5,4,NA,NA,0.33
1995,67,1995-11-15,1,4,40.36,NA,NA,2.25,5.25,NA,NA,0.33
1995,68,1995-11-15,1,5,42.83,NA,NA,4.75,5.25,NA,NA,0.23
1995,69,1995-11-15,1,6,45.93,NA,NA,3.25,4,NA,NA,0.27
1995,70,1995-11-15,2,1,22.55,NA,NA,4,4,NA,NA,0.21
1995,71,1995-11-15,2,2,39.67,NA,NA,2.5,3.25,NA,NA,0.33
1995,72,1995-11-15,2,3,43.16,NA,NA,3.75,5,NA,NA,0.23
1995,73,1995-11-15,2,4,33.96,NA,NA,3.75,5,NA,NA,0.27
1995,74,1995-11-15,2,5,28.17,NA,NA,3.5,3,NA,NA,0.21
1995,75,1995-11-15,2,6,37.34,NA,NA,1.75,5,NA,NA,0.25
1995,76,1995-11-15,3,1,46.25,NA,NA,8.25,9.25,NA,NA,0.31
1995,77,1995-11-15,3,2,48.86,NA,NA,7.5,9,NA,NA,0.27
1995,78,1995-11-15,3,3,31.71,NA,NA,7.5,9.25,NA,NA,0.3
1995,79,1995-11-15,3,4,73.82,NA,NA,8,8.75,NA,NA,0.16
1995,80,1995-11-15,3,5,54.21,NA,NA,7.25,7.5,NA,NA,0.2
1995,81,1995-11-15,3,6,31.72,NA,NA,6.5,9.5,NA,NA,0.17
1996,1,1996-04-24,1,1,41.41,NA,NA,8.13,10.5,NA,NA,0.42
1996,2,1996-04-24,1,2,40.99,NA,NA,8.38,10.25,NA,NA,0.37
1996,3,1996-04-24,1,3,48.82,NA,NA,9.75,12.5,NA,NA,0.44
1996,4,1996-04-24,1,4,39.98,NA,NA,8.25,11.25,NA,NA,0.4
1996,5,1996-04-24,1,5,32.26,NA,NA,8.75,11.5,NA,NA,0.25
1996,6,1996-04-24,1,6,37.4,NA,NA,6,8.88,NA,NA,0.29
1996,7,1996-04-24,2,1,34.67,NA,NA,9.25,10.88,NA,NA,0.26
1996,8,1996-04-24,2,2,37.64,NA,NA,8.13,11,NA,NA,0.41
1996,9,1996-04-24,2,3,35.31,NA,NA,7.5,10.5,NA,NA,0.27
1996,10,1996-04-24,2,4,17.96,NA,NA,10.25,11,NA,NA,0.37
1996,11,1996-04-24,2,5,37.02,NA,NA,9,11.38,NA,NA,0.25
1996,12,1996-04-24,2,6,36.54,NA,NA,8.63,10.5,NA,NA,0.29
1996,13,1996-04-24,3,1,42.07,NA,NA,12.25,15.88,NA,NA,0.34
1996,14,1996-04-24,3,2,53.37,NA,NA,11.13,15.75,NA,NA,0.29
1996,15,1996-04-24,3,3,45.91,NA,NA,13.38,15.25,NA,NA,0.46
1996,16,1996-04-24,3,4,73.49,NA,NA,11,17,NA,NA,0.27
1996,17,1996-04-24,3,5,56.24,NA,NA,10.75,15,NA,NA,0.28
1996,18,1996-04-24,3,6,52.73,NA,NA,10,15.75,NA,NA,0.32
1996,19,1996-05-21,1,1,118.77,NA,NA,18.63,17.88,NA,NA,0.38
1996,20,1996-05-21,1,2,98.84,NA,NA,18.88,18,NA,NA,0.32
1996,21,1996-05-21,1,3,99.63,NA,NA,18.38,17,NA,NA,0.37
1996,22,1996-05-21,1,4,85.46,NA,NA,17.75,17,NA,NA,0.38
1996,23,1996-05-21,1,5,47.43,NA,NA,19,18.63,NA,NA,0.23
1996,24,1996-05-21,1,6,139.55,NA,NA,17.13,16.63,NA,NA,0.28
1996,25,1996-05-21,2,1,104.06,NA,NA,18.5,18,NA,NA,0.22
1996,26,1996-05-21,2,2,71.19,NA,NA,19.25,17.63,NA,NA,0.34
1996,27,1996-05-21,2,3,132.78,NA,NA,17,17.5,NA,NA,0.23
1996,28,1996-05-21,2,4,101.81,NA,NA,18,17,NA,NA,0.33
1996,29,1996-05-21,2,5,56.57,NA,NA,18.5,18.75,NA,NA,0.22
1996,30,1996-05-21,2,6,84.82,NA,NA,19.75,17,NA,NA,0.28
1996,31,1996-05-21,3,1,94.28,NA,NA,21.5,22.38,NA,NA,0.31
1996,32,1996-05-21,3,2,92.05,NA,NA,21.5,21.88,NA,NA,0.27
1996,33,1996-05-21,3,3,125.93,NA,NA,20.25,20.88,NA,NA,0.38
1996,34,1996-05-21,3,4,116.5,NA,NA,20.75,20.75,NA,NA,0.25
1996,35,1996-05-21,3,5,158.51,NA,NA,25,25.5,NA,NA,0.27
1996,36,1996-05-21,3,6,131.59,NA,NA,21,22,NA,NA,0.33
1996,37,1996-06-18,1,1,121.79,NA,NA,18.5,18.38,NA,NA,0.25
1996,38,1996-06-18,1,2,108.01,NA,NA,18.13,17.63,NA,NA,0.27
1996,39,1996-06-18,1,3,136.81,NA,NA,18.88,17.5,NA,NA,0.32
1996,40,1996-06-18,1,4,104.51,NA,NA,18.88,18,NA,NA,0.35
1996,41,1996-06-18,1,5,74.17,NA,NA,18.63,15.5,NA,NA,0.2
1996,42,1996-06-18,1,6,139.56,NA,NA,19.38,18.25,NA,NA,0.24
1996,43,1996-06-18,2,1,95.44,NA,NA,19.5,17.5,NA,NA,0.26
1996,44,1996-06-18,2,2,125.1,NA,NA,18.88,18.5,NA,NA,0.27
1996,45,1996-06-18,2,3,107.27,NA,NA,19.5,18.88,NA,NA,0.22
1996,46,1996-06-18,2,4,132.8,NA,NA,19.13,17.63,NA,NA,0.28
1996,47,1996-06-18,2,5,91.14,NA,NA,18.38,16.5,NA,NA,0.2
1996,48,1996-06-18,2,6,118.35,NA,NA,18.5,18,NA,NA,0.24
1996,49,1996-06-18,3,1,108.03,NA,NA,20.5,22.13,NA,NA,0.27
1996,50,1996-06-18,3,2,171.03,NA,NA,20,23.63,NA,NA,0.25
1996,51,1996-06-18,3,3,106.22,NA,NA,20.75,22.5,NA,NA,0.35
1996,52,1996-06-18,3,4,168.16,NA,NA,21.63,23.25,NA,NA,0.31
1996,53,1996-06-18,3,5,142.96,NA,NA,21.25,21,NA,NA,0.3
1996,54,1996-06-18,3,6,153.46,NA,NA,22.25,22.75,NA,NA,0.28
1996,55,1996-07-23,1,1,145.78,NA,NA,17.38,17.5,NA,NA,0.26
1996,56,1996-07-23,1,2,126.08,NA,NA,18,17.5,NA,NA,0.28
1996,57,1996-07-23,1,3,182.48,NA,NA,16.5,17.38,NA,NA,0.3
1996,58,1996-07-23,1,4,137.87,NA,NA,15.25,16.88,NA,NA,0.34
1996,59,1996-07-23,1,5,107.35,NA,NA,15.75,18.13,NA,NA,0.19
1996,60,1996-07-23,1,6,236.56,NA,NA,16.75,15,NA,NA,0.22
1996,61,1996-07-23,2,1,129.32,NA,NA,17,15.25,NA,NA,0.25
1996,62,1996-07-23,2,2,151.74,NA,NA,18,17.25,NA,NA,0.27
1996,63,1996-07-23,2,3,143.92,NA,NA,16.5,15,NA,NA,0.22
1996,64,1996-07-23,2,4,156.51,NA,NA,17.13,17.13,NA,NA,0.28
1996,65,1996-07-23,2,5,162.05,NA,NA,15.5,18.25,NA,NA,0.19
1996,66,1996-07-23,2,6,152.45,NA,NA,17.38,17.63,NA,NA,0.23
1996,67,1996-07-23,3,1,125.4,NA,NA,19.88,22.25,NA,NA,0.26
1996,68,1996-07-23,3,2,189.06,NA,NA,18.5,22.25,NA,NA,0.25
1996,69,1996-07-23,3,3,127.93,NA,NA,19,21.5,NA,NA,0.32
1996,70,1996-07-23,3,4,211.34,NA,NA,19.25,20.38,NA,NA,0.3
1996,71,1996-07-23,3,5,148.36,NA,NA,18.75,21.38,NA,NA,0.29
1996,72,1996-07-23,3,6,164.72,NA,NA,17.63,21.13,NA,NA,0.27
1996,73,1996-08-20,1,1,113.24,NA,NA,18.75,18,NA,NA,0.17
1996,74,1996-08-20,1,2,106.03,NA,NA,19,19.5,NA,NA,0.17
1996,75,1996-08-20,1,3,132.78,NA,NA,19.63,18.75,NA,NA,0.21
1996,76,1996-08-20,1,4,90.86,NA,NA,19.63,18.75,NA,NA,0.2
1996,77,1996-08-20,1,5,66.93,NA,NA,19.25,16.13,NA,NA,0.16
1996,78,1996-08-20,1,6,155.71,NA,NA,20.38,19.5,NA,NA,0.16
1996,79,1996-08-20,2,1,85.97,NA,NA,19.5,18.5,NA,NA,0.16
1996,80,1996-08-20,2,2,154.83,NA,NA,19.88,17.25,NA,NA,0.18
1996,81,1996-08-20,2,3,131.16,NA,NA,19.88,19.75,NA,NA,0.15
1996,82,1996-08-20,2,4,82.58,NA,NA,20.88,17.5,NA,NA,0.2
1996,83,1996-08-20,2,5,110.24,NA,NA,18.5,18.75,NA,NA,0.13
1996,84,1996-08-20,2,6,119.84,NA,NA,18.38,19.5,NA,NA,0.15
1996,85,1996-08-20,3,1,93.78,NA,NA,21.75,24.88,NA,NA,0.17
1996,86,1996-08-20,3,2,147.77,NA,NA,22.5,23,NA,NA,0.16
1996,87,1996-08-20,3,3,91.61,NA,NA,22.63,23.5,NA,NA,0.18
1996,88,1996-08-20,3,4,124.19,NA,NA,22,24,NA,NA,0.19
1996,89,1996-08-20,3,5,114.05,NA,NA,21.5,23.38,NA,NA,0.19
1996,90,1996-08-20,3,6,104.97,NA,NA,23.88,23.88,NA,NA,0.18
1996,91,1996-09-24,1,1,86.5,NA,NA,10,11.25,NA,NA,0.23
1996,92,1996-09-24,1,2,80.12,NA,NA,8.88,10,NA,NA,0.25
1996,93,1996-09-24,1,3,98.71,NA,NA,10.13,11.63,NA,NA,0.27
1996,94,1996-09-24,1,4,72.65,NA,NA,10.5,11.38,NA,NA,0.32
1996,95,1996-09-24,1,5,59.72,NA,NA,11,12.25,NA,NA,0.21
1996,96,1996-09-24,1,6,103.64,NA,NA,11.63,8.75,NA,NA,0.22
1996,97,1996-09-24,2,1,67.17,NA,NA,9.25,10.5,NA,NA,0.25
1996,98,1996-09-24,2,2,101.2,NA,NA,9.88,11.25,NA,NA,0.23
1996,99,1996-09-24,2,3,93.84,NA,NA,11.75,9,NA,NA,0.18
1996,100,1996-09-24,2,4,60.62,NA,NA,9.5,10.38,NA,NA,0.2
1996,101,1996-09-24,2,5,73.63,NA,NA,8.38,9.25,NA,NA,0.19
1996,102,1996-09-24,2,6,77.47,NA,NA,10.38,10.63,NA,NA,0.24
1996,103,1996-09-24,3,1,85.29,NA,NA,12,16.88,NA,NA,0.23
1996,104,1996-09-24,3,2,125.97,NA,NA,14.25,14.38,NA,NA,0.21
1996,105,1996-09-24,3,3,72.42,NA,NA,12.25,16.38,NA,NA,0.2
1996,106,1996-09-24,3,4,115.65,NA,NA,10.25,13.25,NA,NA,0.27
1996,107,1996-09-24,3,5,96.09,NA,NA,11.25,15.75,NA,NA,0.24
1996,108,1996-09-24,3,6,76.85,NA,NA,11.38,15.5,NA,NA,0.23
1996,109,1996-10-22,1,1,73.66,NA,NA,10.63,12.13,NA,NA,0.28
1996,110,1996-10-22,1,2,82.81,NA,NA,11.63,11.63,NA,NA,0.3
1996,111,1996-10-22,1,3,85.4,NA,NA,12,11.5,NA,NA,0.27
1996,112,1996-10-22,1,4,116.61,NA,NA,10.38,11.75,NA,NA,0.36
1996,113,1996-10-22,1,5,67.97,NA,NA,10.13,9,NA,NA,0.24
1996,114,1996-10-22,1,6,103.15,NA,NA,10.75,10.25,NA,NA,0.29
1996,115,1996-10-22,2,1,64.35,NA,NA,11.5,10.38,NA,NA,0.27
1996,116,1996-10-22,2,2,101.7,NA,NA,9.38,11.75,NA,NA,0.29
1996,117,1996-10-22,2,3,94.15,NA,NA,10.25,10.75,NA,NA,0.21
1996,118,1996-10-22,2,4,80.03,NA,NA,9.38,11,NA,NA,0.28
1996,119,1996-10-22,2,5,91.37,NA,NA,11.63,8.38,NA,NA,0.22
1996,120,1996-10-22,2,6,80.39,NA,NA,8.63,11.25,NA,NA,0.27
1996,121,1996-10-22,3,1,93.52,NA,NA,11.5,14,NA,NA,0.27
1996,122,1996-10-22,3,2,125.58,NA,NA,13,13.75,NA,NA,0.25
1996,123,1996-10-22,3,3,85.74,NA,NA,12.75,13.88,NA,NA,0.28
1996,124,1996-10-22,3,4,122.98,NA,NA,12.75,13.25,NA,NA,0.33
1996,125,1996-10-22,3,5,120.47,NA,NA,14.25,15,NA,NA,0.29
1996,126,1996-10-22,3,6,89.56,NA,NA,13,15.75,NA,NA,0.28
1996,127,1996-11-13,1,1,18.46,NA,NA,1.75,1,NA,NA,0.26
1996,128,1996-11-13,1,2,42.31,NA,NA,0,3,NA,NA,0.31
1996,129,1996-11-13,1,3,43.28,NA,NA,1.25,2.25,NA,NA,0.29
1996,130,1996-11-13,1,4,51.45,NA,NA,2,6,NA,NA,0.36
1996,131,1996-11-13,1,5,18.76,NA,NA,1.25,4.5,NA,NA,0.22
1996,132,1996-11-13,1,6,28.68,NA,NA,0.75,2.5,NA,NA,0.27
1996,133,1996-11-13,2,1,39.84,NA,NA,-1.5,2.75,NA,NA,0.24
1996,134,1996-11-13,2,2,28.76,NA,NA,0,3,NA,NA,0.28
1996,135,1996-11-13,2,3,22.22,NA,NA,-0.25,3,NA,NA,0.14
1996,136,1996-11-13,2,4,17,NA,NA,1.5,1.5,NA,NA,0.27
1996,137,1996-11-13,2,5,26.78,NA,NA,1.25,1,NA,NA,0.21
1996,138,1996-11-13,2,6,17.9,NA,NA,1.5,2,NA,NA,0.25
1996,139,1996-11-13,3,1,29.25,NA,NA,1.25,7,NA,NA,0.28
1996,140,1996-11-13,3,2,41.54,NA,NA,4.5,6,NA,NA,0.26
1996,141,1996-11-13,3,3,35.56,NA,NA,7,6.25,NA,NA,0.34
1996,142,1996-11-13,3,4,48.51,NA,NA,2.25,4,NA,NA,0.33
1996,143,1996-11-13,3,5,24.85,NA,NA,3.25,5.25,NA,NA,0.29
1996,144,1996-11-13,3,6,37.76,NA,NA,4,6.75,NA,NA,0.28
1997,1,1997-04-30,1,1,41.01,-0.05,-8.08,11.75,12,NA,NA,0.3
1997,2,1997-04-30,1,2,80.56,-0.18,8.4,10.75,10.88,NA,NA,0.37
1997,3,1997-04-30,1,3,61.62,-0.05,1.46,14.75,11.25,NA,NA,0.45
1997,4,1997-04-30,1,4,77.76,-0.07,7.91,12.13,10,NA,NA,0.39
1997,5,1997-04-30,1,5,52.41,-0.08,8.38,15.75,11.88,NA,NA,0.32
1997,6,1997-04-30,1,6,51.5,-0.08,1.4,8.38,9.25,NA,NA,0.31
1997,7,1997-04-30,2,1,52.86,-0.07,0.57,12.25,8.5,NA,NA,0.36
1997,8,1997-04-30,2,2,50.15,-0.08,6.92,10.25,6.75,NA,NA,0.45
1997,9,1997-04-30,2,3,48.8,-0.07,-2.28,10.63,8.88,NA,NA,0.37
1997,10,1997-04-30,2,4,67.69,-0.09,9.25,14.25,10.13,NA,NA,0.41
1997,11,1997-04-30,2,5,44.53,-0.08,9.62,12.25,10.75,NA,NA,0.42
1997,12,1997-04-30,2,6,43.85,-0.07,7.67,11.88,9.5,NA,NA,0.3
1997,13,1997-04-30,3,1,43.65,-0.12,-2.18,16.13,15.38,NA,NA,0.3
1997,14,1997-04-30,3,2,98.73,-0.15,10.67,17.75,15.75,NA,NA,0.38
1997,15,1997-04-30,3,3,61.77,-0.08,5.58,16,14.5,NA,NA,0.45
1997,16,1997-04-30,3,4,95.95,-0.08,7.35,15.25,15.75,NA,NA,0.4
1997,17,1997-04-30,3,5,104.67,-0.1,3.98,18,14.75,NA,NA,0.34
1997,18,1997-04-30,3,6,75.06,-0.1,-14.25,17.63,15,NA,NA,0.31
1997,19,1997-05-29,1,1,74.16,NA,NA,16.38,14.25,NA,NA,0.27
1997,20,1997-05-29,1,2,52.86,NA,NA,16,11.88,NA,NA,0.33
1997,21,1997-05-29,1,3,73.14,NA,NA,17.25,15.75,NA,NA,0.37
1997,22,1997-05-29,1,4,74.05,NA,NA,17.5,11.5,NA,NA,0.36
1997,23,1997-05-29,1,5,48.38,NA,NA,15.5,13.13,NA,NA,0.3
1997,24,1997-05-29,1,6,73.43,NA,NA,14,11.63,NA,NA,0.27
1997,25,1997-05-29,2,1,45.54,NA,NA,17,14.5,NA,NA,0.3
1997,26,1997-05-29,2,2,66.06,NA,NA,14,12.75,NA,NA,0.39
1997,27,1997-05-29,2,3,61.59,NA,NA,12.88,12,NA,NA,0.3
1997,28,1997-05-29,2,4,61.25,NA,NA,21.25,16.5,NA,NA,0.36
1997,29,1997-05-29,2,5,57.95,NA,NA,18.25,11,NA,NA,0.39
1997,30,1997-05-29,2,6,53.42,NA,NA,15.38,13.75,NA,NA,0.26
1997,31,1997-05-29,3,1,66.21,NA,NA,17.75,18.63,NA,NA,0.26
1997,32,1997-05-29,3,2,85.24,NA,NA,19.5,19.5,NA,NA,0.36
1997,33,1997-05-29,3,3,77.6,NA,NA,19,18.5,NA,NA,0.38
1997,34,1997-05-29,3,4,96.59,NA,NA,18.75,17.5,NA,NA,0.34
1997,35,1997-05-29,3,5,105.11,NA,NA,20.75,18.25,NA,NA,0.3
1997,36,1997-05-29,3,6,87.48,NA,NA,20.13,18.25,NA,NA,0.28
1997,37,1997-06-24,1,1,115.64,NA,NA,17.75,14.63,NA,NA,0.18
1997,38,1997-06-24,1,2,109.66,NA,NA,17.5,17.38,NA,NA,0.24
1997,39,1997-06-24,1,3,139.6,NA,NA,16.75,16.38,NA,NA,0.26
1997,40,1997-06-24,1,4,115.94,NA,NA,16.88,16.88,NA,NA,0.21
1997,41,1997-06-24,1,5,79.83,NA,NA,15,16.5,NA,NA,0.26
1997,42,1997-06-24,1,6,118.7,NA,NA,17.5,14.25,NA,NA,0.17
1997,43,1997-06-24,2,1,104.95,NA,NA,17,15.63,NA,NA,0.22
1997,44,1997-06-24,2,2,127.39,NA,NA,15.5,16.75,NA,NA,0.28
1997,45,1997-06-24,2,3,104.56,NA,NA,16.13,16.5,NA,NA,0.21
1997,46,1997-06-24,2,4,137.82,NA,NA,16.5,16,NA,NA,0.27
1997,47,1997-06-24,2,5,137.57,NA,NA,14.75,16.5,NA,NA,0.28
1997,48,1997-06-24,2,6,115.18,NA,NA,15.75,17.5,NA,NA,0.16
1997,49,1997-06-24,3,1,170.79,NA,NA,22.88,29.13,NA,NA,0.19
1997,50,1997-06-24,3,2,96.89,NA,NA,18.38,17.25,NA,NA,0.3
1997,51,1997-06-24,3,3,103.29,NA,NA,16,18,NA,NA,0.26
1997,52,1997-06-24,3,4,116.72,NA,NA,16.88,16.88,NA,NA,0.23
1997,53,1997-06-24,3,5,99.55,NA,NA,16,17.5,NA,NA,0.24
1997,54,1997-06-24,3,6,246.07,NA,NA,23,25.5,NA,NA,0.2
1997,55,1997-07-22,1,1,152.93,NA,NA,16.13,18,NA,NA,0.14
1997,56,1997-07-22,1,2,139.74,NA,NA,15.75,17.38,NA,NA,0.16
1997,57,1997-07-22,1,3,123.67,NA,NA,18.75,19.25,NA,NA,0.17
1997,58,1997-07-22,1,4,145.33,NA,NA,18.75,18,NA,NA,0.17
1997,59,1997-07-22,1,5,125.65,NA,NA,16,16.63,NA,NA,0.24
1997,60,1997-07-22,1,6,209.5,NA,NA,16.13,16.5,NA,NA,0.13
1997,61,1997-07-22,2,1,114.5,NA,NA,17,17.5,NA,NA,0.16
1997,62,1997-07-22,2,2,180.51,NA,NA,18.63,15.75,NA,NA,0.2
1997,63,1997-07-22,2,3,161.59,NA,NA,16.5,16,NA,NA,0.18
1997,64,1997-07-22,2,4,161.22,NA,NA,19.63,17.5,NA,NA,0.21
1997,65,1997-07-22,2,5,186.83,NA,NA,17.5,17,NA,NA,0.19
1997,66,1997-07-22,2,6,157.25,NA,NA,19,17.13,NA,NA,0.15
1997,67,1997-07-22,3,1,100.89,NA,NA,18.5,22.13,NA,NA,0.15
1997,68,1997-07-22,3,2,189.58,NA,NA,19.25,22.5,NA,NA,0.25
1997,69,1997-07-22,3,3,122.25,NA,NA,18,22.13,NA,NA,0.19
1997,70,1997-07-22,3,4,176.82,NA,NA,22,22.75,NA,NA,0.18
1997,71,1997-07-22,3,5,154.54,NA,NA,17.88,21.88,NA,NA,0.21
1997,72,1997-07-22,3,6,132.64,NA,NA,20.88,21.5,NA,NA,0.16
1997,73,1997-08-12,1,1,215.08,NA,NA,19,17.88,NA,NA,0.19
1997,74,1997-08-12,1,2,135.79,NA,NA,20.75,19,NA,NA,0.24
1997,75,1997-08-12,1,3,170.81,NA,NA,18.13,20.88,NA,NA,0.23
1997,76,1997-08-12,1,4,171.01,NA,NA,19.5,19.13,NA,NA,0.28
1997,77,1997-08-12,1,5,130.5,NA,NA,17,19.5,NA,NA,0.27
1997,78,1997-08-12,1,6,259.12,NA,NA,19.63,19.5,NA,NA,0.19
1997,79,1997-08-12,2,1,175.25,NA,NA,19.25,18.5,NA,NA,0.22
1997,80,1997-08-12,2,2,161.17,NA,NA,17.25,19,NA,NA,0.24
1997,81,1997-08-12,2,3,190.96,NA,NA,20.25,19,NA,NA,0.22
1997,82,1997-08-12,2,4,177.73,NA,NA,18.88,18.88,NA,NA,0.31
1997,83,1997-08-12,2,5,164.52,NA,NA,18.25,16.75,NA,NA,0.28
1997,84,1997-08-12,2,6,186.85,NA,NA,19.13,17.63,NA,NA,0.18
1997,85,1997-08-12,3,1,157.93,NA,NA,23.25,24.88,NA,NA,0.18
1997,86,1997-08-12,3,2,187.12,NA,NA,20,23,NA,NA,0.31
1997,87,1997-08-12,3,3,128.63,NA,NA,19.88,23.38,NA,NA,0.18
1997,88,1997-08-12,3,4,183.8,NA,NA,21.5,23.63,NA,NA,0.27
1997,89,1997-08-12,3,5,168.08,NA,NA,21.5,20.5,NA,NA,0.24
1997,90,1997-08-12,3,6,182.58,NA,NA,21.63,23,NA,NA,0.17
1997,91,1997-09-10,1,1,102.56,NA,NA,15.5,15.25,NA,NA,0.11
1997,92,1997-09-10,1,2,110.87,NA,NA,15.75,16,NA,NA,0.13
1997,93,1997-09-10,1,3,105.31,NA,NA,13.13,13.75,NA,NA,0.13
1997,94,1997-09-10,1,4,109.85,NA,NA,15,16.13,NA,NA,0.13
1997,95,1997-09-10,1,5,79.57,NA,NA,13.63,13.5,NA,NA,0.18
1997,96,1997-09-10,1,6,143.46,NA,NA,15.25,15.25,NA,NA,0.12
1997,97,1997-09-10,2,1,89.36,NA,NA,16.13,14,NA,NA,0.12
1997,98,1997-09-10,2,2,111.33,NA,NA,14.38,16,NA,NA,0.14
1997,99,1997-09-10,2,3,160.12,NA,NA,14.75,15.75,NA,NA,0.14
1997,100,1997-09-10,2,4,124.06,NA,NA,14,14.63,NA,NA,0.17
1997,101,1997-09-10,2,5,149.2,NA,NA,14.25,14,NA,NA,0.17
1997,102,1997-09-10,2,6,94.54,NA,NA,13.38,15.63,NA,NA,0.13
1997,103,1997-09-10,3,1,55.38,NA,NA,18,21.63,NA,NA,0.12
1997,104,1997-09-10,3,2,150.21,NA,NA,17.88,20.38,NA,NA,0.17
1997,105,1997-09-10,3,3,73.02,NA,NA,17.75,19.13,NA,NA,0.14
1997,106,1997-09-10,3,4,97.17,NA,NA,16.75,19.38,NA,NA,0.15
1997,107,1997-09-10,3,5,116.14,NA,NA,18.38,19.13,NA,NA,0.17
1997,108,1997-09-10,3,6,75.65,NA,NA,18.75,20.38,NA,NA,0.13
1997,109,1997-10-08,1,1,81.9,NA,NA,10.5,13.25,NA,NA,0.15
1997,110,1997-10-08,1,2,91.3,NA,NA,10,12.75,NA,NA,0.16
1997,111,1997-10-08,1,3,101.11,NA,NA,12,12.13,NA,NA,0.18
1997,112,1997-10-08,1,4,67.08,NA,NA,13.75,11.25,NA,NA,0.18
1997,113,1997-10-08,1,5,77.13,NA,NA,12.38,11.38,NA,NA,0.23
1997,114,1997-10-08,1,6,106.29,NA,NA,11.5,12.5,NA,NA,0.14
1997,115,1997-10-08,2,1,71.56,NA,NA,13.5,12.63,NA,NA,0.13
1997,116,1997-10-08,2,2,85.33,NA,NA,14,12.75,NA,NA,0.21
1997,117,1997-10-08,2,3,78.03,NA,NA,12,13.5,NA,NA,0.17
1997,118,1997-10-08,2,4,74.92,NA,NA,11.63,12.38,NA,NA,0.25
1997,119,1997-10-08,2,5,87.11,NA,NA,11.25,12.25,NA,NA,0.23
1997,120,1997-10-08,2,6,82.25,NA,NA,13.5,10,NA,NA,0.16
1997,121,1997-10-08,3,1,85.4,NA,NA,16.38,17.5,NA,NA,0.13
1997,122,1997-10-08,3,2,102.56,NA,NA,16.38,17.75,NA,NA,0.22
1997,123,1997-10-08,3,3,77.98,NA,NA,14.38,15.88,NA,NA,0.16
1997,124,1997-10-08,3,4,119.12,NA,NA,12.88,16.5,NA,NA,0.21
1997,125,1997-10-08,3,5,83.86,NA,NA,15.13,14.25,NA,NA,0.2
1997,126,1997-10-08,3,6,110.55,NA,NA,13.75,17.13,NA,NA,0.15
1997,127,1997-11-12,1,1,39.35,NA,NA,-1.38,0.25,NA,NA,0.19
1997,128,1997-11-12,1,2,41.07,NA,NA,-2.25,0.75,NA,NA,0.26
1997,129,1997-11-12,1,3,39.34,NA,NA,1,2.88,NA,NA,0.27
1997,130,1997-11-12,1,4,35.97,NA,NA,-1,2.88,NA,NA,0.3
1997,131,1997-11-12,1,5,35.29,NA,NA,-0.25,2.13,NA,NA,0.3
1997,132,1997-11-12,1,6,39.55,NA,NA,-1,1.63,NA,NA,0.23
1997,133,1997-11-12,2,1,41.61,NA,NA,2.75,4.13,NA,NA,0.26
1997,134,1997-11-12,2,2,65.48,NA,NA,2.13,4.88,NA,NA,0.31
1997,135,1997-11-12,2,3,41.91,NA,NA,0.13,3.75,NA,NA,0.26
1997,136,1997-11-12,2,4,27.97,NA,NA,0.13,1.5,NA,NA,0.31
1997,137,1997-11-12,2,5,44.24,NA,NA,0.5,3.25,NA,NA,0.32
1997,138,1997-11-12,2,6,25.93,NA,NA,-0.5,1,NA,NA,0.22
1997,139,1997-11-12,3,1,53.37,NA,NA,5.5,9,NA,NA,0.23
1997,140,1997-11-12,3,2,73.73,NA,NA,4.88,9.25,NA,NA,0.32
1997,141,1997-11-12,3,3,39.32,NA,NA,4,8.25,NA,NA,0.26
1997,142,1997-11-12,3,4,61.24,NA,NA,5.13,8.25,NA,NA,0.3
1997,143,1997-11-12,3,5,55.78,NA,NA,-0.25,6.63,NA,NA,0.28
1997,144,1997-11-12,3,6,42.24,NA,NA,4.13,7,NA,NA,0.24
1998,1,1998-04-22,1,1,38.38,NA,NA,10.38,8.88,NA,NA,0.24
1998,2,1998-04-22,1,2,45.99,NA,NA,8.63,10.13,NA,NA,0.31
1998,3,1998-04-22,1,3,56.27,NA,NA,11.63,11,NA,NA,0.38
1998,4,1998-04-22,1,4,50.04,NA,NA,12.63,10.75,NA,NA,0.36
1998,5,1998-04-22,1,5,34.04,NA,NA,10,8.38,NA,NA,0.3
1998,6,1998-04-22,1,6,69.99,NA,NA,10.38,9.38,NA,NA,0.27
1998,7,1998-04-22,2,1,51.33,NA,NA,13.5,8.13,NA,NA,0.29
1998,8,1998-04-22,2,2,40.68,NA,NA,9,8.63,NA,NA,0.38
1998,9,1998-04-22,2,3,41.57,NA,NA,11.63,8.63,NA,NA,0.32
1998,10,1998-04-22,2,4,39.61,NA,NA,14,10.5,NA,NA,0.38
1998,11,1998-04-22,2,5,48.14,NA,NA,11.5,11.13,NA,NA,0.32
1998,12,1998-04-22,2,6,40.23,NA,NA,10.75,8.88,NA,NA,0.24
1998,13,1998-04-22,3,1,50.26,NA,NA,16.5,11.25,NA,NA,0.27
1998,14,1998-04-22,3,2,68.45,NA,NA,11.5,10,NA,NA,0.38
1998,15,1998-04-22,3,3,47.72,NA,NA,12.88,13.5,NA,NA,0.41
1998,16,1998-04-22,3,4,93.97,NA,NA,13.63,14.75,NA,NA,0.35
1998,17,1998-04-22,3,5,99.36,NA,NA,14.13,16.63,NA,NA,0.31
1998,18,1998-04-22,3,6,58.25,NA,NA,16.5,16,NA,NA,0.28
1998,19,1998-05-21,1,1,73.88,NA,NA,14.63,15,NA,NA,0.2
1998,20,1998-05-21,1,2,94.85,NA,NA,15,14.75,NA,NA,0.27
1998,21,1998-05-21,1,3,144.89,NA,NA,18.75,14.88,NA,NA,0.32
1998,22,1998-05-21,1,4,80.16,NA,NA,15.38,14.13,NA,NA,0.32
1998,23,1998-05-21,1,5,93.49,NA,NA,15.38,14.63,NA,NA,0.28
1998,24,1998-05-21,1,6,116.45,NA,NA,13.63,12.88,NA,NA,0.23
1998,25,1998-05-21,2,1,64.96,NA,NA,17.25,15.5,NA,NA,0.26
1998,26,1998-05-21,2,2,100.94,NA,NA,16.5,15.13,NA,NA,0.34
1998,27,1998-05-21,2,3,126.1,NA,NA,14.63,13.5,NA,NA,0.27
1998,28,1998-05-21,2,4,113.18,NA,NA,18.25,16,NA,NA,0.33
1998,29,1998-05-21,2,5,86.74,NA,NA,14,13.5,NA,NA,0.29
1998,30,1998-05-21,2,6,103.49,NA,NA,14.88,12.88,NA,NA,0.2
1998,31,1998-05-21,3,1,85.77,NA,NA,20,20,NA,NA,0.23
1998,32,1998-05-21,3,2,170.18,NA,NA,20.75,20.38,NA,NA,0.34
1998,33,1998-05-21,3,3,105.66,NA,NA,20.38,16.88,NA,NA,0.37
1998,34,1998-05-21,3,4,126.59,NA,NA,17.5,19.25,NA,NA,0.31
1998,35,1998-05-21,3,5,122.83,NA,NA,20.63,17.5,NA,NA,0.27
1998,36,1998-05-21,3,6,104.88,NA,NA,17.75,19.5,NA,NA,0.26
1998,37,1998-06-17,1,1,186.05,NA,NA,15.88,16.88,NA,NA,0.25
1998,38,1998-06-17,1,2,186.39,NA,NA,15.75,16.88,NA,NA,0.31
1998,39,1998-06-17,1,3,240.91,NA,NA,16.38,16.88,NA,NA,0.38
1998,40,1998-06-17,1,4,195.83,NA,NA,17.75,15.75,NA,NA,0.38
1998,41,1998-06-17,1,5,135.27,NA,NA,16.38,16.5,NA,NA,0.35
1998,42,1998-06-17,1,6,267.25,NA,NA,15.75,16.75,NA,NA,0.28
1998,43,1998-06-17,2,1,131.9,NA,NA,14.88,15.63,NA,NA,0.26
1998,44,1998-06-17,2,2,233.45,NA,NA,18.88,16.25,NA,NA,0.37
1998,45,1998-06-17,2,3,226.67,NA,NA,15.88,15.38,NA,NA,0.31
1998,46,1998-06-17,2,4,201.57,NA,NA,17.75,16.13,NA,NA,0.4
1998,47,1998-06-17,2,5,206.33,NA,NA,16.5,17,NA,NA,0.33
1998,48,1998-06-17,2,6,197.85,NA,NA,17.13,17.5,NA,NA,0.25
1998,49,1998-06-17,3,1,192.94,NA,NA,22,20.75,NA,NA,0.3
1998,50,1998-06-17,3,2,278.12,NA,NA,19,20.5,NA,NA,0.35
1998,51,1998-06-17,3,3,169.32,NA,NA,21,19.13,NA,NA,0.44
1998,52,1998-06-17,3,4,227.8,NA,NA,20.38,21,NA,NA,0.36
1998,53,1998-06-17,3,5,245.67,NA,NA,20.38,21.63,NA,NA,0.33
1998,54,1998-06-17,3,6,219.65,NA,NA,21.75,22.38,NA,NA,0.29
1998,55,1998-07-08,1,1,206.54,NA,NA,15.75,17,NA,NA,0.2
1998,56,1998-07-08,1,2,199.06,NA,NA,16.75,16,NA,NA,0.25
1998,57,1998-07-08,1,3,214.18,NA,NA,15,17.25,NA,NA,0.3
1998,58,1998-07-08,1,4,177.73,NA,NA,16,17.63,NA,NA,0.32
1998,59,1998-07-08,1,5,141.67,NA,NA,14.88,16.63,NA,NA,0.31
1998,60,1998-07-08,1,6,238.58,NA,NA,18.25,15.5,NA,NA,0.22
1998,61,1998-07-08,2,1,132.86,NA,NA,14,14,NA,NA,0.22
1998,62,1998-07-08,2,2,231.67,NA,NA,15.75,17.75,NA,NA,0.33
1998,63,1998-07-08,2,3,213.6,NA,NA,16,16,NA,NA,0.27
1998,64,1998-07-08,2,4,251.67,NA,NA,16.63,15.5,NA,NA,0.33
1998,65,1998-07-08,2,5,186.8,NA,NA,16.38,17.88,NA,NA,0.28
1998,66,1998-07-08,2,6,181.81,NA,NA,18.13,16,NA,NA,0.2
1998,67,1998-07-08,3,1,108.16,NA,NA,18.25,22.38,NA,NA,0.24
1998,68,1998-07-08,3,2,226.39,NA,NA,16.75,17.63,NA,NA,0.32
1998,69,1998-07-08,3,3,153.32,NA,NA,20.63,21,NA,NA,0.36
1998,70,1998-07-08,3,4,245.09,NA,NA,18.25,19.5,NA,NA,0.31
1998,71,1998-07-08,3,5,212.23,NA,NA,20,22.13,NA,NA,0.28
1998,72,1998-07-08,3,6,222.16,NA,NA,19,20.5,NA,NA,0.25
1998,73,1998-08-13,1,1,178.82,NA,NA,15.13,16.63,NA,NA,0.15
1998,74,1998-08-13,1,2,169.44,NA,NA,13.88,17.63,NA,NA,0.2
1998,75,1998-08-13,1,3,237.8,NA,NA,15.5,18.25,NA,NA,0.17
1998,76,1998-08-13,1,4,139.54,NA,NA,15,17.5,NA,NA,0.16
1998,77,1998-08-13,1,5,122.08,NA,NA,15.25,16,NA,NA,0.25
1998,78,1998-08-13,1,6,195.41,NA,NA,15,17.38,NA,NA,0.12
1998,79,1998-08-13,2,1,144.44,NA,NA,15.63,14,NA,NA,0.11
1998,80,1998-08-13,2,2,199.83,NA,NA,16.25,17.75,NA,NA,0.23
1998,81,1998-08-13,2,3,221.51,NA,NA,14.88,16.88,NA,NA,0.22
1998,82,1998-08-13,2,4,173.12,NA,NA,14.75,15.63,NA,NA,0.3
1998,83,1998-08-13,2,5,187.86,NA,NA,14,15.5,NA,NA,0.22
1998,84,1998-08-13,2,6,195.79,NA,NA,13.5,17.13,NA,NA,0.13
1998,85,1998-08-13,3,1,150.81,NA,NA,19.88,24.13,NA,NA,0.14
1998,86,1998-08-13,3,2,195.28,NA,NA,19.75,21.13,NA,NA,0.25
1998,87,1998-08-13,3,3,118.64,NA,NA,17.75,20.88,NA,NA,0.25
1998,88,1998-08-13,3,4,193.21,NA,NA,17,19.63,NA,NA,0.22
1998,89,1998-08-13,3,5,147.67,NA,NA,19.38,17.5,NA,NA,0.21
1998,90,1998-08-13,3,6,161.91,NA,NA,17.63,21,NA,NA,0.14
1998,91,1998-09-16,1,1,171.49,NA,NA,19.88,19.75,NA,NA,0.15
1998,92,1998-09-16,1,2,147.29,NA,NA,20.5,18.75,NA,NA,0.19
1998,93,1998-09-16,1,3,159.38,NA,NA,19.38,18.63,NA,NA,0.13
1998,94,1998-09-16,1,4,137.16,NA,NA,17.75,17.5,NA,NA,0.17
1998,95,1998-09-16,1,5,140.85,NA,NA,20.13,17.38,NA,NA,0.18
1998,96,1998-09-16,1,6,188.44,NA,NA,18.5,18.25,NA,NA,0.13
1998,97,1998-09-16,2,1,128.34,NA,NA,17.25,16.25,NA,NA,0.09
1998,98,1998-09-16,2,2,216.16,NA,NA,20.25,17.13,NA,NA,0.15
1998,99,1998-09-16,2,3,225.55,NA,NA,17.88,19.5,NA,NA,0.15
1998,100,1998-09-16,2,4,153.61,NA,NA,17.88,17.38,NA,NA,0.18
1998,101,1998-09-16,2,5,171.58,NA,NA,19.25,20,NA,NA,0.16
1998,102,1998-09-16,2,6,189.98,NA,NA,17.38,16.75,NA,NA,0.1
1998,103,1998-09-16,3,1,113.58,NA,NA,21.88,23.75,NA,NA,0.11
1998,104,1998-09-16,3,2,162.91,NA,NA,19.75,20.75,NA,NA,0.16
1998,105,1998-09-16,3,3,127.13,NA,NA,22.13,22.63,NA,NA,0.17
1998,106,1998-09-16,3,4,194.28,NA,NA,20.88,24.25,NA,NA,0.21
1998,107,1998-09-16,3,5,149.34,NA,NA,21.75,25.63,NA,NA,0.1
1998,108,1998-09-16,3,6,124.4,NA,NA,20.25,23.38,NA,NA,0.11
1998,109,1998-10-21,1,1,53.51,NA,NA,5.5,7.75,NA,NA,0.15
1998,110,1998-10-21,1,2,57.97,NA,NA,3.88,7.25,NA,NA,0.21
1998,111,1998-10-21,1,3,52.2,NA,NA,7,10,NA,NA,0.23
1998,112,1998-10-21,1,4,48.11,NA,NA,5.5,8.13,NA,NA,0.24
1998,113,1998-10-21,1,5,43.1,NA,NA,6.38,9.5,NA,NA,0.24
1998,114,1998-10-21,1,6,55.84,NA,NA,6.5,7.38,NA,NA,0.18
1998,115,1998-10-21,2,1,37.61,NA,NA,5,8,NA,NA,0.18
1998,116,1998-10-21,2,2,51.99,NA,NA,4.75,9.63,NA,NA,0.25
1998,117,1998-10-21,2,3,66.92,NA,NA,8.25,9.13,NA,NA,0.22
1998,118,1998-10-21,2,4,39.95,NA,NA,7.13,6.5,NA,NA,0.25
1998,119,1998-10-21,2,5,64.83,NA,NA,5.88,9.88,NA,NA,0.24
1998,120,1998-10-21,2,6,42.88,NA,NA,7.5,5.88,NA,NA,0.19
1998,121,1998-10-21,3,1,47.56,NA,NA,9.5,14.5,NA,NA,0.2
1998,122,1998-10-21,3,2,54.85,NA,NA,11.88,15,NA,NA,0.25
1998,123,1998-10-21,3,3,49,NA,NA,8.13,11.75,NA,NA,0.22
1998,124,1998-10-21,3,4,80.94,NA,NA,7.5,12.75,NA,NA,0.25
1998,125,1998-10-21,3,5,70.4,NA,NA,7,11.25,NA,NA,0.21
1998,126,1998-10-21,3,6,70.29,NA,NA,10.63,14.38,NA,NA,0.18
1998,127,1998-11-11,1,1,47.28,NA,NA,9.13,8.88,NA,NA,0.23
1998,128,1998-11-11,1,2,59.45,NA,NA,9.38,9.75,NA,NA,0.34
1998,129,1998-11-11,1,3,106.61,NA,NA,8,6.63,NA,NA,0.32
1998,130,1998-11-11,1,4,67.43,NA,NA,7.63,7.13,NA,NA,0.28
1998,131,1998-11-11,1,5,57.14,NA,NA,8.38,7.63,NA,NA,0.3
1998,132,1998-11-11,1,6,96.06,NA,NA,13.08,9,NA,NA,0.29
1998,133,1998-11-11,2,1,44.26,NA,NA,7.88,7.13,NA,NA,0.23
1998,134,1998-11-11,2,2,73.18,NA,NA,9.63,6.25,NA,NA,0.33
1998,135,1998-11-11,2,3,58.75,NA,NA,10,8,NA,NA,0.37
1998,136,1998-11-11,2,4,92.82,NA,NA,8.75,7.63,NA,NA,0.34
1998,137,1998-11-11,2,5,61.43,NA,NA,9.5,9.38,NA,NA,0.32
1998,138,1998-11-11,2,6,65.36,NA,NA,9,9.88,NA,NA,0.32
1998,139,1998-11-11,3,1,60.46,NA,NA,11.75,13.75,NA,NA,0.24
1998,140,1998-11-11,3,2,84.29,NA,NA,12,12.38,NA,NA,0.32
1998,141,1998-11-11,3,3,67.84,NA,NA,13,11.88,NA,NA,0.3
1998,142,1998-11-11,3,4,77.57,NA,NA,10.88,13.63,NA,NA,0.32
1998,143,1998-11-11,3,5,85.43,NA,NA,14.13,13.38,NA,NA,0.29
1998,144,1998-11-11,3,6,65.86,NA,NA,13.75,13.88,NA,NA,0.22
1999,1,1999-04-21,1,1,72.83,NA,NA,11.75,11,NA,NA,0.19
1999,2,1999-04-21,1,2,45.1,NA,NA,9.75,9.63,NA,NA,0.24
1999,3,1999-04-21,1,3,55.48,NA,NA,8.25,9.13,NA,NA,0.32
1999,4,1999-04-21,1,4,35.68,NA,NA,8.5,7.75,NA,NA,0.31
1999,5,1999-04-21,1,5,47.85,NA,NA,8.5,7.5,NA,NA,0.28
1999,6,1999-04-21,1,6,48.14,NA,NA,8.75,7.25,NA,NA,0.25
1999,7,1999-04-21,2,1,31.95,NA,NA,10.5,11.13,NA,NA,0.2
1999,8,1999-04-21,2,2,58.83,NA,NA,13,8.63,NA,NA,0.33
1999,9,1999-04-21,2,3,44.94,NA,NA,8.5,7,NA,NA,0.28
1999,10,1999-04-21,2,4,41.92,NA,NA,9.13,8,NA,NA,0.32
1999,11,1999-04-21,2,5,33.12,NA,NA,11,10.75,NA,NA,0.25
1999,12,1999-04-21,2,6,46.78,NA,NA,7.38,8.13,NA,NA,0.2
1999,13,1999-04-21,3,1,54.85,NA,NA,12.75,14.5,NA,NA,0.25
1999,14,1999-04-21,3,2,80.95,NA,NA,14.88,12.38,NA,NA,0.32
1999,15,1999-04-21,3,3,58.33,NA,NA,12.63,11.25,NA,NA,0.32
1999,16,1999-04-21,3,4,68.36,NA,NA,13.5,13.25,NA,NA,0.32
1999,17,1999-04-21,3,5,68.98,NA,NA,12.5,12.63,NA,NA,0.29
1999,18,1999-04-21,3,6,74.49,NA,NA,11.38,14.38,NA,NA,0.26
1999,19,1999-05-11,1,1,48.26,NA,NA,11.88,13.63,NA,NA,0.18
1999,20,1999-05-11,1,2,68.1,NA,NA,11.75,9.13,NA,NA,0.23
1999,21,1999-05-11,1,3,103.37,NA,NA,15,11.63,NA,NA,0.29
1999,22,1999-05-11,1,4,63.36,NA,NA,13.25,9.5,NA,NA,0.3
1999,23,1999-05-11,1,5,52.34,NA,NA,13.88,10.5,NA,NA,0.26
1999,24,1999-05-11,1,6,73.67,NA,NA,10.38,10.25,NA,NA,0.25
1999,25,1999-05-11,2,1,63.89,NA,NA,12.25,11.25,NA,NA,0.19
1999,26,1999-05-11,2,2,73.51,NA,NA,11.25,12.63,NA,NA,0.31
1999,27,1999-05-11,2,3,74.48,NA,NA,11.63,10.63,NA,NA,0.25
1999,28,1999-05-11,2,4,58.83,NA,NA,17.5,11.88,NA,NA,0.29
1999,29,1999-05-11,2,5,84.21,NA,NA,13,9.13,NA,NA,0.24
1999,30,1999-05-11,2,6,56.15,NA,NA,14.25,9.75,NA,NA,0.19
1999,31,1999-05-11,3,1,60.7,NA,NA,14.25,15.25,NA,NA,0.24
1999,32,1999-05-11,3,2,93.58,NA,NA,14.13,15.75,NA,NA,0.3
1999,33,1999-05-11,3,3,66.23,NA,NA,14.38,16.13,NA,NA,0.2
1999,34,1999-05-11,3,4,118.74,NA,NA,16.5,14.63,NA,NA,0.3
1999,35,1999-05-11,3,5,89.41,NA,NA,13.63,14.88,NA,NA,0.26
1999,36,1999-05-11,3,6,86.93,NA,NA,16.25,13.88,NA,NA,0.24
1999,37,1999-06-16,1,1,75.52,NA,NA,12.65,13.98,NA,NA,0.14
1999,38,1999-06-16,1,2,88.11,NA,NA,14.75,14.38,NA,NA,0.14
1999,39,1999-06-16,1,3,115.47,NA,NA,13.75,11.75,NA,NA,0.19
1999,40,1999-06-16,1,4,94.24,NA,NA,11.63,13.63,NA,NA,0.14
1999,41,1999-06-16,1,5,87.77,NA,NA,10,13.25,NA,NA,0.22
1999,42,1999-06-16,1,6,77.14,NA,NA,15.5,12.63,NA,NA,0.13
1999,43,1999-06-16,2,1,48.65,NA,NA,12.68,12.85,NA,NA,0.1
1999,44,1999-06-16,2,2,126.78,NA,NA,12,15.13,NA,NA,0.2
1999,45,1999-06-16,2,3,103.56,NA,NA,13.15,12.5,NA,NA,0.14
1999,46,1999-06-16,2,4,101.47,NA,NA,12.13,13.5,NA,NA,0.22
1999,47,1999-06-16,2,5,99.37,NA,NA,11.5,11.38,NA,NA,0.14
1999,48,1999-06-16,2,6,125.9,NA,NA,12.75,11.38,NA,NA,0.14
1999,49,1999-06-16,3,1,54.33,NA,NA,13.5,17.15,NA,NA,0.13
1999,50,1999-06-16,3,2,97.84,NA,NA,13.13,15.75,NA,NA,0.2
1999,51,1999-06-16,3,3,69.3,NA,NA,16.13,15,NA,NA,0.22
1999,52,1999-06-16,3,4,100.05,NA,NA,13.88,14.38,NA,NA,0.17
1999,53,1999-06-16,3,5,91.51,NA,NA,13.38,16.25,NA,NA,0.19
1999,54,1999-06-16,3,6,101.39,NA,NA,12.88,18.38,NA,NA,0.14
1999,55,1999-07-21,1,1,111.62,NA,NA,18.5,16.5,NA,NA,0.07
1999,56,1999-07-21,1,2,105.76,NA,NA,19.5,18,NA,NA,0.09
1999,57,1999-07-21,1,3,120.1,NA,NA,18.38,18.63,NA,NA,0.11
1999,58,1999-07-21,1,4,106.26,NA,NA,18.38,17.75,NA,NA,0.11
1999,59,1999-07-21,1,5,102.6,NA,NA,18.63,17.75,NA,NA,0.13
1999,60,1999-07-21,1,6,112.03,NA,NA,18.63,18,NA,NA,0.11
1999,61,1999-07-21,2,1,82.42,NA,NA,17.38,17.5,NA,NA,0.05
1999,62,1999-07-21,2,2,127.9,NA,NA,18.25,17.5,NA,NA,0.1
1999,63,1999-07-21,2,3,189.23,NA,NA,19.13,17,NA,NA,0.11
1999,64,1999-07-21,2,4,132.3,NA,NA,18.38,17.75,NA,NA,0.11
1999,65,1999-07-21,2,5,117.61,NA,NA,18.25,17.5,NA,NA,0.11
1999,66,1999-07-21,2,6,119.45,NA,NA,18.75,17.5,NA,NA,0.03
1999,67,1999-07-21,3,1,58.8,NA,NA,20.88,21.25,NA,NA,0.1
1999,68,1999-07-21,3,2,94.91,NA,NA,19.13,22,NA,NA,0.13
1999,69,1999-07-21,3,3,80.66,NA,NA,20.13,20.75,NA,NA,0.12
1999,70,1999-07-21,3,4,84.31,NA,NA,19.88,21.75,NA,NA,0.12
1999,71,1999-07-21,3,5,83.86,NA,NA,19.88,19.75,NA,NA,0.14
1999,72,1999-07-21,3,6,97.08,NA,NA,19.63,21.38,NA,NA,0.1
1999,73,1999-08-17,1,1,193.68,NA,NA,20.38,20.5,NA,NA,0.14
1999,74,1999-08-17,1,2,180.08,NA,NA,21.63,20.25,NA,NA,0.11
1999,75,1999-08-17,1,3,176.99,NA,NA,21.5,19.63,NA,NA,0.17
1999,76,1999-08-17,1,4,170.76,NA,NA,21.38,20,NA,NA,0.19
1999,77,1999-08-17,1,5,153.73,NA,NA,20.38,19.38,NA,NA,0.19
1999,78,1999-08-17,1,6,211.75,NA,NA,21.25,20,NA,NA,0.11
1999,79,1999-08-17,2,1,126.15,NA,NA,21.75,19.25,NA,NA,0.11
1999,80,1999-08-17,2,2,210.62,NA,NA,20.75,21.88,NA,NA,0.17
1999,81,1999-08-17,2,3,273.39,NA,NA,20.5,19.5,NA,NA,0.2
1999,82,1999-08-17,2,4,174.65,NA,NA,21.63,20,NA,NA,0.21
1999,83,1999-08-17,2,5,186.79,NA,NA,21.63,19.13,NA,NA,0.19
1999,84,1999-08-17,2,6,206.56,NA,NA,20.38,19.5,NA,NA,0.16
1999,85,1999-08-17,3,1,128.04,NA,NA,24,24,NA,NA,0.17
1999,86,1999-08-17,3,2,162.04,NA,NA,23.13,24.25,NA,NA,0.2
1999,87,1999-08-17,3,3,113.56,NA,NA,23.38,23.38,NA,NA,0.19
1999,88,1999-08-17,3,4,190.81,NA,NA,23.5,22.5,NA,NA,0.2
1999,89,1999-08-17,3,5,171.25,NA,NA,22.13,22.5,NA,NA,0.19
1999,90,1999-08-17,3,6,159.85,NA,NA,23.25,23.38,NA,NA,0.14
1999,91,1999-09-15,1,1,154.23,NA,NA,17.38,16.5,NA,NA,0.15
1999,92,1999-09-15,1,2,136.94,NA,NA,17.75,17.13,NA,NA,0.17
1999,93,1999-09-15,1,3,221.99,NA,NA,16.75,17.25,NA,NA,0.19
1999,94,1999-09-15,1,4,192.47,NA,NA,17.75,17.63,NA,NA,0.22
1999,95,1999-09-15,1,5,149.49,NA,NA,17.63,17.63,NA,NA,0.22
1999,96,1999-09-15,1,6,182.32,NA,NA,17.88,17.5,NA,NA,0.16
1999,97,1999-09-15,2,1,105.74,NA,NA,17,16.25,NA,NA,0.15
1999,98,1999-09-15,2,2,202.33,NA,NA,17.25,16.5,NA,NA,0.21
1999,99,1999-09-15,2,3,257.34,NA,NA,18.13,17.5,NA,NA,0.21
1999,100,1999-09-15,2,4,172.32,NA,NA,17.5,17,NA,NA,0.23
1999,101,1999-09-15,2,5,174.91,NA,NA,17.5,17,NA,NA,0.22
1999,102,1999-09-15,2,6,200.85,NA,NA,17.13,17.25,NA,NA,0.19
1999,103,1999-09-15,3,1,110.74,NA,NA,19.38,20.38,NA,NA,0.18
1999,104,1999-09-15,3,2,179.34,NA,NA,20.38,21.38,NA,NA,0.23
1999,105,1999-09-15,3,3,111.49,NA,NA,18.88,22.13,NA,NA,0.22
1999,106,1999-09-15,3,4,185.88,NA,NA,19.5,21,NA,NA,0.21
1999,107,1999-09-15,3,5,172.39,NA,NA,18.5,21.63,NA,NA,0.2
1999,108,1999-09-15,3,6,161.82,NA,NA,21.25,22.75,NA,NA,0.17
1999,109,1999-10-13,1,1,88.41,NA,NA,11,10.88,NA,NA,0.19
1999,110,1999-10-13,1,2,114.03,NA,NA,11.13,11.25,NA,NA,0.22
1999,111,1999-10-13,1,3,121.36,NA,NA,10.5,10.13,NA,NA,0.25
1999,112,1999-10-13,1,4,102.06,NA,NA,11.5,10.5,NA,NA,0.28
1999,113,1999-10-13,1,5,62.48,NA,NA,10.88,11.25,NA,NA,0.26
1999,114,1999-10-13,1,6,110.88,NA,NA,11.75,10.75,NA,NA,0.22
1999,115,1999-10-13,2,1,57.48,NA,NA,11.13,10.38,NA,NA,0.18
1999,116,1999-10-13,2,2,116.71,NA,NA,11,11.88,NA,NA,0.25
1999,117,1999-10-13,2,3,139.45,NA,NA,11.25,11.25,NA,NA,0.24
1999,118,1999-10-13,2,4,63.33,NA,NA,11,10,NA,NA,0.28
1999,119,1999-10-13,2,5,106.9,NA,NA,10.63,12,NA,NA,0.24
1999,120,1999-10-13,2,6,95.56,NA,NA,10.88,9.75,NA,NA,0.23
1999,121,1999-10-13,3,1,108.58,NA,NA,14,15.25,NA,NA,0.23
1999,122,1999-10-13,3,2,99.45,NA,NA,13.75,14.5,NA,NA,0.26
1999,123,1999-10-13,3,3,74.83,NA,NA,12.63,15.75,NA,NA,0.28
1999,124,1999-10-13,3,4,118.36,NA,NA,13.25,14.75,NA,NA,0.28
1999,125,1999-10-13,3,5,110.97,NA,NA,13.63,17,NA,NA,0.27
1999,126,1999-10-13,3,6,89.42,NA,NA,14.13,17.63,NA,NA,0.22
1999,127,1999-11-09,1,1,39.84,NA,NA,5.25,4.88,NA,NA,0.19
1999,128,1999-11-09,1,2,42.21,NA,NA,5.63,6,NA,NA,0.23
1999,129,1999-11-09,1,3,57.55,NA,NA,5.13,5.88,NA,NA,0.25
1999,130,1999-11-09,1,4,32.87,NA,NA,5,6,NA,NA,0.28
1999,131,1999-11-09,1,5,34.99,NA,NA,6.13,6.13,NA,NA,0.26
1999,132,1999-11-09,1,6,76.21,NA,NA,6.88,5.88,NA,NA,0.24
1999,133,1999-11-09,2,1,34.78,NA,NA,5,5.75,NA,NA,0.18
1999,134,1999-11-09,2,2,55.68,NA,NA,5.63,7,NA,NA,0.25
1999,135,1999-11-09,2,3,40.68,NA,NA,7.5,6.75,NA,NA,0.25
1999,136,1999-11-09,2,4,55.14,NA,NA,5.5,5.63,NA,NA,0.27
1999,137,1999-11-09,2,5,30.58,NA,NA,5.38,5.5,NA,NA,0.25
1999,138,1999-11-09,2,6,55.71,NA,NA,4.88,5.75,NA,NA,0.23
1999,139,1999-11-09,3,1,58.05,NA,NA,7.25,9.13,NA,NA,0.24
1999,140,1999-11-09,3,2,59.87,NA,NA,7.38,8.63,NA,NA,0.27
1999,141,1999-11-09,3,3,36.81,NA,NA,6.75,9.13,NA,NA,0.27
1999,142,1999-11-09,3,4,64.94,NA,NA,7,9.25,NA,NA,0.28
1999,143,1999-11-09,3,5,63.05,NA,NA,8.13,10.13,NA,NA,0.27
1999,144,1999-11-09,3,6,58.18,NA,NA,8.5,12.25,NA,NA,0.22
2000,1,2000-04-26,1,1,22.24,NA,NA,1,3.63,NA,NA,0.26
2000,2,2000-04-26,1,2,27.99,NA,NA,3,4.5,NA,NA,0.27
2000,3,2000-04-26,1,3,34.76,NA,NA,2.5,4.5,NA,NA,0.41
2000,4,2000-04-26,1,4,26.87,NA,NA,2.13,4.5,NA,NA,0.35
2000,5,2000-04-26,1,5,29.52,NA,NA,2.13,4,NA,NA,0.31
2000,6,2000-04-26,1,6,31.86,NA,NA,2.5,4.13,NA,NA,0.28
2000,7,2000-04-26,2,1,26.85,NA,NA,1.88,4.13,NA,NA,0.18
2000,8,2000-04-26,2,2,33.34,NA,NA,2.63,4.5,NA,NA,0.32
2000,9,2000-04-26,2,3,36.48,NA,NA,2.88,4.75,NA,NA,0.31
2000,10,2000-04-26,2,4,17.19,NA,NA,3,4.25,NA,NA,0.29
2000,11,2000-04-26,2,5,23,NA,NA,1.5,4.5,NA,NA,0.27
2000,12,2000-04-26,2,6,30.19,NA,NA,2.25,4.25,NA,NA,0.26
2000,13,2000-04-26,3,1,16.6,NA,NA,1.5,3.75,NA,NA,0.31
2000,14,2000-04-26,3,2,62.82,NA,NA,4.38,9,NA,NA,0.34
2000,15,2000-04-26,3,3,29.51,NA,NA,3.25,6.5,NA,NA,0.36
2000,16,2000-04-26,3,4,46.47,NA,NA,2.25,7,NA,NA,0.39
2000,17,2000-04-26,3,5,45.85,NA,NA,4.25,8.25,NA,NA,0.33
2000,18,2000-04-26,3,6,48.84,NA,NA,3.75,9,NA,NA,0.32
2000,19,2000-05-02,1,1,63.06,NA,NA,12.88,10.88,NA,NA,0.25
2000,20,2000-05-02,1,2,68.65,NA,NA,11.88,10.56,NA,NA,0.26
2000,21,2000-05-02,1,3,83.75,NA,NA,13.56,11.94,NA,NA,0.37
2000,22,2000-05-02,1,4,77,NA,NA,13.63,11.25,NA,NA,0.33
2000,23,2000-05-02,1,5,61.39,NA,NA,13.44,11.69,NA,NA,0.31
2000,24,2000-05-02,1,6,106.66,NA,NA,10.44,10,NA,NA,0.27
2000,25,2000-05-02,2,1,72.99,NA,NA,13.56,11.56,NA,NA,0.24
2000,26,2000-05-02,2,2,80.52,NA,NA,11.31,10.56,NA,NA,0.31
2000,27,2000-05-02,2,3,103.37,NA,NA,10.5,10.31,NA,NA,0.29
2000,28,2000-05-02,2,4,58.91,NA,NA,13.44,11.38,NA,NA,0.28
2000,29,2000-05-02,2,5,63.55,NA,NA,13.19,10.81,NA,NA,0.26
2000,30,2000-05-02,2,6,77.85,NA,NA,13.81,11.06,NA,NA,0.25
2000,31,2000-05-02,3,1,70.08,NA,NA,13.94,13.13,NA,NA,0.28
2000,32,2000-05-02,3,2,95,NA,NA,14.19,14.19,NA,NA,0.33
2000,33,2000-05-02,3,3,64.3,NA,NA,15.44,14.75,NA,NA,0.28
2000,34,2000-05-02,3,4,81.91,NA,NA,14.13,14.25,NA,NA,0.36
2000,35,2000-05-02,3,5,94.73,NA,NA,14.63,14.63,NA,NA,0.32
2000,36,2000-05-02,3,6,81.93,NA,NA,15,15.19,NA,NA,0.31
2000,37,2000-06-01,1,1,116.57,NA,NA,19.08,16.38,NA,NA,0.21
2000,38,2000-06-01,1,2,146.91,NA,NA,17.63,15.83,NA,NA,0.25
2000,39,2000-06-01,1,3,177.39,NA,NA,18.21,16.33,NA,NA,0.34
2000,40,2000-06-01,1,4,158.59,NA,NA,19.25,16.96,NA,NA,0.32
2000,41,2000-06-01,1,5,114.36,NA,NA,17.63,15.33,NA,NA,0.29
2000,42,2000-06-01,1,6,166.05,NA,NA,15.58,15.38,NA,NA,0.25
2000,43,2000-06-01,2,1,77.01,NA,NA,17.54,15.96,NA,NA,0.3
2000,44,2000-06-01,2,2,157.71,NA,NA,18.54,15.83,NA,NA,0.3
2000,45,2000-06-01,2,3,186.75,NA,NA,18.04,16.13,NA,NA,0.28
2000,46,2000-06-01,2,4,134.21,NA,NA,20.54,17.08,NA,NA,0.25
2000,47,2000-06-01,2,5,140.97,NA,NA,18.42,15,NA,NA,0.25
2000,48,2000-06-01,2,6,151.23,NA,NA,18.54,15.88,NA,NA,0.24
2000,49,2000-06-01,3,1,118.5,NA,NA,20.33,19.83,NA,NA,0.25
2000,50,2000-06-01,3,2,162.06,NA,NA,21.04,20,NA,NA,0.33
2000,51,2000-06-01,3,3,106.67,NA,NA,20.79,19.79,NA,NA,0.33
2000,52,2000-06-01,3,4,195.83,NA,NA,20.58,19.96,NA,NA,0.34
2000,53,2000-06-01,3,5,160.35,NA,NA,20.79,20.42,NA,NA,0.31
2000,54,2000-06-01,3,6,153.58,NA,NA,20.54,19.88,NA,NA,0.29
2000,55,2000-07-13,1,1,104.22,NA,NA,17.63,16.63,NA,NA,0.15
2000,56,2000-07-13,1,2,113.64,NA,NA,18.44,16.69,NA,NA,0.2
2000,57,2000-07-13,1,3,152.85,NA,NA,18.38,17.19,NA,NA,0.21
2000,58,2000-07-13,1,4,137.4,NA,NA,17.25,18.38,NA,NA,0.2
2000,59,2000-07-13,1,5,104.54,NA,NA,17.31,16.44,NA,NA,0.25
2000,60,2000-07-13,1,6,189.53,NA,NA,17.63,16.25,NA,NA,0.15
2000,61,2000-07-13,2,1,97.97,NA,NA,18,16.44,NA,NA,0.19
2000,62,2000-07-13,2,2,127.16,NA,NA,17.56,17.38,NA,NA,0.23
2000,63,2000-07-13,2,3,218.33,NA,NA,17.5,16.13,NA,NA,0.2
2000,64,2000-07-13,2,4,124,NA,NA,19.69,16.88,NA,NA,0.2
2000,65,2000-07-13,2,5,151.78,NA,NA,17.75,16.81,NA,NA,0.19
2000,66,2000-07-13,2,6,144.44,NA,NA,18.94,16.75,NA,NA,0.17
2000,67,2000-07-13,3,1,102.98,NA,NA,19.81,20.44,NA,NA,0.17
2000,68,2000-07-13,3,2,169.76,NA,NA,20.69,21.06,NA,NA,0.27
2000,69,2000-07-13,3,3,90,NA,NA,20,20.31,NA,NA,0.29
2000,70,2000-07-13,3,4,155.94,NA,NA,20.44,19.81,NA,NA,0.22
2000,71,2000-07-13,3,5,139.13,NA,NA,20.25,20.19,NA,NA,0.22
2000,72,2000-07-13,3,6,139.18,NA,NA,20.44,21.13,NA,NA,0.19
2000,73,2000-08-09,1,1,163.23,NA,NA,19.75,18.19,NA,NA,0.25
2000,74,2000-08-09,1,2,171.66,NA,NA,19.5,18.56,NA,NA,0.24
2000,75,2000-08-09,1,3,203.56,NA,NA,18.94,18,NA,NA,0.28
2000,76,2000-08-09,1,4,164.02,NA,NA,18.31,18.75,NA,NA,0.28
2000,77,2000-08-09,1,5,145.68,NA,NA,18.13,17.44,NA,NA,0.29
2000,78,2000-08-09,1,6,241.04,NA,NA,18.75,17.63,NA,NA,0.19
2000,79,2000-08-09,2,1,133.14,NA,NA,19.06,18.5,NA,NA,0.27
2000,80,2000-08-09,2,2,164.8,NA,NA,19.63,18.5,NA,NA,0.34
2000,81,2000-08-09,2,3,253.84,NA,NA,20.13,17.88,NA,NA,0.26
2000,82,2000-08-09,2,4,140.09,NA,NA,19.69,18.5,NA,NA,0.26
2000,83,2000-08-09,2,5,174.46,NA,NA,19.19,17.88,NA,NA,0.26
2000,84,2000-08-09,2,6,196.99,NA,NA,19.31,17.38,NA,NA,0.24
2000,85,2000-08-09,3,1,159.87,NA,NA,21.63,22.56,NA,NA,0.24
2000,86,2000-08-09,3,2,194.89,NA,NA,21.94,22.63,NA,NA,0.3
2000,87,2000-08-09,3,3,130.76,NA,NA,20.38,20.94,NA,NA,0.31
2000,88,2000-08-09,3,4,225.68,NA,NA,21.31,21.88,NA,NA,0.31
2000,89,2000-08-09,3,5,204.78,NA,NA,20.31,20.75,NA,NA,0.27
2000,90,2000-08-09,3,6,164.78,NA,NA,21.56,21.56,NA,NA,0.27
2000,91,2000-09-06,1,1,128.31,NA,NA,15.69,15.25,NA,NA,0.25
2000,92,2000-09-06,1,2,112.77,NA,NA,15.63,15,NA,NA,0.24
2000,93,2000-09-06,1,3,143.56,NA,NA,16.44,15.63,NA,NA,0.27
2000,94,2000-09-06,1,4,114.26,NA,NA,16.06,15.25,NA,NA,0.28
2000,95,2000-09-06,1,5,113.88,NA,NA,15.81,15.31,NA,NA,0.29
2000,96,2000-09-06,1,6,160.2,NA,NA,14.38,14.44,NA,NA,0.19
2000,97,2000-09-06,2,1,106.89,NA,NA,15.25,14.81,NA,NA,0.25
2000,98,2000-09-06,2,2,173.24,NA,NA,15.75,14,NA,NA,0.33
2000,99,2000-09-06,2,3,207.71,NA,NA,14.63,14.81,NA,NA,0.27
2000,100,2000-09-06,2,4,103.95,NA,NA,15.81,14.69,NA,NA,0.25
2000,101,2000-09-06,2,5,147.87,NA,NA,16.31,14.38,NA,NA,0.25
2000,102,2000-09-06,2,6,154.91,NA,NA,15.75,14.5,NA,NA,0.24
2000,103,2000-09-06,3,1,104.06,NA,NA,17,17.56,NA,NA,0.2
2000,104,2000-09-06,3,2,156,NA,NA,18.38,19.06,NA,NA,0.3
2000,105,2000-09-06,3,3,100.22,NA,NA,17.63,18.13,NA,NA,0.3
2000,106,2000-09-06,3,4,154.2,NA,NA,17.31,18.44,NA,NA,0.3
2000,107,2000-09-06,3,5,151.83,NA,NA,16.56,18.06,NA,NA,0.23
2000,108,2000-09-06,3,6,127.9,NA,NA,17.44,18.94,NA,NA,0.21
2000,109,2000-10-04,1,1,78.53,NA,NA,11,11.38,NA,NA,0.23
2000,110,2000-10-04,1,2,63.58,NA,NA,9.88,9.44,NA,NA,0.23
2000,111,2000-10-04,1,3,88.47,NA,NA,10.69,11.75,NA,NA,0.27
2000,112,2000-10-04,1,4,92.95,NA,NA,11,11.56,NA,NA,0.27
2000,113,2000-10-04,1,5,63.7,NA,NA,10.94,10.44,NA,NA,0.26
2000,114,2000-10-04,1,6,99.22,NA,NA,11,10.56,NA,NA,0.24
2000,115,2000-10-04,2,1,42.52,NA,NA,11.06,11.06,NA,NA,0.24
2000,116,2000-10-04,2,2,73.36,NA,NA,11.19,10.88,NA,NA,0.31
2000,117,2000-10-04,2,3,89.23,NA,NA,10.5,12.75,NA,NA,0.24
2000,118,2000-10-04,2,4,57.62,NA,NA,10.81,10.19,NA,NA,0.23
2000,119,2000-10-04,2,5,78.95,NA,NA,10.75,11.44,NA,NA,0.24
2000,120,2000-10-04,2,6,95.59,NA,NA,10.06,10.38,NA,NA,0.22
2000,121,2000-10-04,3,1,55.68,NA,NA,11.44,12.5,NA,NA,0.22
2000,122,2000-10-04,3,2,76.4,NA,NA,14.5,15.94,NA,NA,0.27
2000,123,2000-10-04,3,3,70.33,NA,NA,13.13,14.94,NA,NA,0.26
2000,124,2000-10-04,3,4,93.54,NA,NA,12.25,14.75,NA,NA,0.25
2000,125,2000-10-04,3,5,81.99,NA,NA,14.38,15.25,NA,NA,0.23
2000,126,2000-10-04,3,6,82.36,NA,NA,12.25,15.81,NA,NA,0.2
2000,127,2000-11-01,1,1,45.39,NA,NA,3.63,5.19,NA,NA,0.28
2000,128,2000-11-01,1,2,34.07,NA,NA,3.94,5.56,NA,NA,0.28
2000,129,2000-11-01,1,3,67.95,NA,NA,4.88,6.31,NA,NA,0.31
2000,130,2000-11-01,1,4,54.72,NA,NA,3.81,5.88,NA,NA,0.32
2000,131,2000-11-01,1,5,35.13,NA,NA,5.25,6,NA,NA,0.3
2000,132,2000-11-01,1,6,49.03,NA,NA,5.25,5.63,NA,NA,0.34
2000,133,2000-11-01,2,1,47.29,NA,NA,3.63,5.25,NA,NA,0.29
2000,134,2000-11-01,2,2,57.02,NA,NA,3.81,6.5,NA,NA,0.36
2000,135,2000-11-01,2,3,50.57,NA,NA,4.31,5.19,NA,NA,0.28
2000,136,2000-11-01,2,4,36.99,NA,NA,3.75,4.94,NA,NA,0.27
2000,137,2000-11-01,2,5,52.28,NA,NA,4.56,6.5,NA,NA,0.28
2000,138,2000-11-01,2,6,60.14,NA,NA,5.44,5.63,NA,NA,0.27
2000,139,2000-11-01,3,1,38.52,NA,NA,6.81,9.88,NA,NA,0.27
2000,140,2000-11-01,3,2,46.26,NA,NA,6.81,10.25,NA,NA,0.32
2000,141,2000-11-01,3,3,40.79,NA,NA,7.06,8.81,NA,NA,0.34
2000,142,2000-11-01,3,4,67.68,NA,NA,5.19,8.69,NA,NA,0.35
2000,143,2000-11-01,3,5,49.18,NA,NA,5.94,7.81,NA,NA,0.27
2000,144,2000-11-01,3,6,61.45,NA,NA,6.56,8.88,NA,NA,0.25
2001,1,2001-04-30,1,1,40.6,NA,NA,10.25,8,NA,NA,0.31
2001,2,2001-04-30,1,2,46.26,NA,NA,10.38,8.75,NA,NA,0.31
2001,3,2001-04-30,1,3,57.43,NA,NA,11.88,9.25,NA,NA,0.43
2001,4,2001-04-30,1,4,34.43,NA,NA,9.75,9.75,NA,NA,0.36
2001,5,2001-04-30,1,5,27.42,NA,NA,12.5,8.25,NA,NA,0.3
2001,6,2001-04-30,1,6,45.26,NA,NA,10.13,7.25,NA,NA,0.31
2001,7,2001-04-30,2,1,37.28,NA,NA,8.38,9.5,NA,NA,0.29
2001,8,2001-04-30,2,2,45.55,NA,NA,11.13,7.13,NA,NA,0.49
2001,9,2001-04-30,2,3,29.95,NA,NA,11.5,8,NA,NA,0.3
2001,10,2001-04-30,2,4,43.69,NA,NA,10.25,8.38,NA,NA,0.31
2001,11,2001-04-30,2,5,38.31,NA,NA,11.38,9,NA,NA,0.28
2001,12,2001-04-30,2,6,48.39,NA,NA,9.25,8,NA,NA,0.27
2001,13,2001-04-30,3,1,54.79,NA,NA,12.38,14,NA,NA,0.29
2001,14,2001-04-30,3,2,69.16,NA,NA,17.13,15.5,NA,NA,0.36
2001,15,2001-04-30,3,3,53.02,NA,NA,12.63,12.75,NA,NA,0.38
2001,16,2001-04-30,3,4,51,NA,NA,13,12,NA,NA,0.36
2001,17,2001-04-30,3,5,55.9,NA,NA,13.13,13.38,NA,NA,0.29
2001,18,2001-04-30,3,6,47.26,NA,NA,14.75,13.38,NA,NA,0.3
2001,19,2001-05-17,1,1,42.23,NA,NA,9.63,8.88,NA,NA,0.24
2001,20,2001-05-17,1,2,56.52,NA,NA,10.38,9.25,NA,NA,0.24
2001,21,2001-05-17,1,3,77.55,NA,NA,10.63,10.13,NA,NA,0.31
2001,22,2001-05-17,1,4,50.89,NA,NA,9.5,9,NA,NA,0.29
2001,23,2001-05-17,1,5,40.77,NA,NA,10.25,9.38,NA,NA,0.24
2001,24,2001-05-17,1,6,93.53,NA,NA,9.75,9.75,NA,NA,0.23
2001,25,2001-05-17,2,1,38.5,NA,NA,7.5,8.88,NA,NA,0.23
2001,26,2001-05-17,2,2,79.06,NA,NA,9.25,9.75,NA,NA,0.34
2001,27,2001-05-17,2,3,62.85,NA,NA,10.88,12.25,NA,NA,0.25
2001,28,2001-05-17,2,4,42.57,NA,NA,9.13,9,NA,NA,0.27
2001,29,2001-05-17,2,5,63.59,NA,NA,10.38,8.38,NA,NA,0.24
2001,30,2001-05-17,2,6,80.63,NA,NA,10.13,8,NA,NA,0.21
2001,31,2001-05-17,3,1,62.1,NA,NA,12.38,13.88,NA,NA,0.23
2001,32,2001-05-17,3,2,69.36,NA,NA,10.13,13.5,NA,NA,0.31
2001,33,2001-05-17,3,3,42.2,NA,NA,12.63,12.63,NA,NA,0.33
2001,34,2001-05-17,3,4,76.25,NA,NA,11,12.88,NA,NA,0.29
2001,35,2001-05-17,3,5,62.29,NA,NA,12.13,12.25,NA,NA,0.23
2001,36,2001-05-17,3,6,80.8,NA,NA,11.75,13,NA,NA,0.25
2001,37,2001-06-06,1,1,76.31,NA,NA,13.13,12.13,NA,NA,0.27
2001,38,2001-06-06,1,2,82.31,NA,NA,12.13,12.5,NA,NA,0.28
2001,39,2001-06-06,1,3,98.29,NA,NA,14.63,13.13,NA,NA,0.33
2001,40,2001-06-06,1,4,77.57,NA,NA,13.75,13,NA,NA,0.35
2001,41,2001-06-06,1,5,71.22,NA,NA,14.13,12.38,NA,NA,0.29
2001,42,2001-06-06,1,6,154.7,NA,NA,12.88,13,NA,NA,0.3
2001,43,2001-06-06,2,1,57.55,NA,NA,13.75,13.63,NA,NA,0.26
2001,44,2001-06-06,2,2,96.45,NA,NA,12.75,12.5,NA,NA,0.37
2001,45,2001-06-06,2,3,107.84,NA,NA,14.75,12,NA,NA,0.28
2001,46,2001-06-06,2,4,85.95,NA,NA,15,12.25,NA,NA,0.32
2001,47,2001-06-06,2,5,99.4,NA,NA,12.5,12.63,NA,NA,0.26
2001,48,2001-06-06,2,6,106.76,NA,NA,13.5,12.5,NA,NA,0.27
2001,49,2001-06-06,3,1,99.6,NA,NA,16.38,16.38,NA,NA,0.32
2001,50,2001-06-06,3,2,117.47,NA,NA,16,17,NA,NA,0.33
2001,51,2001-06-06,3,3,60.79,NA,NA,16,15,NA,NA,0.37
2001,52,2001-06-06,3,4,117.69,NA,NA,15.63,16,NA,NA,0.28
2001,53,2001-06-06,3,5,78.08,NA,NA,15.25,15.75,NA,NA,0.27
2001,54,2001-06-06,3,6,121.55,NA,NA,15.88,14.75,NA,NA,0.3
2001,55,2001-07-10,1,1,172.8,NA,NA,19.25,18.13,NA,NA,0.27
2001,56,2001-07-10,1,2,144.52,NA,NA,19.38,16.13,NA,NA,0.29
2001,57,2001-07-10,1,3,176.67,NA,NA,19.25,16.63,NA,NA,0.33
2001,58,2001-07-10,1,4,153.55,NA,NA,18.63,18.38,NA,NA,0.36
2001,59,2001-07-10,1,5,110.13,NA,NA,18.13,17.25,NA,NA,0.29
2001,60,2001-07-10,1,6,214.8,NA,NA,19.38,17.5,NA,NA,0.29
2001,61,2001-07-10,2,1,116.15,NA,NA,18.25,17.75,NA,NA,0.26
2001,62,2001-07-10,2,2,158.06,NA,NA,19.88,18.38,NA,NA,0.38
2001,63,2001-07-10,2,3,187.04,NA,NA,17.88,15.5,NA,NA,0.28
2001,64,2001-07-10,2,4,164.9,NA,NA,23.25,19.13,NA,NA,0.32
2001,65,2001-07-10,2,5,187.02,NA,NA,19.63,17.75,NA,NA,0.26
2001,66,2001-07-10,2,6,201.19,NA,NA,20.38,19.88,NA,NA,0.27
2001,67,2001-07-10,3,1,125.81,NA,NA,22.25,21.13,NA,NA,0.32
2001,68,2001-07-10,3,2,181.76,NA,NA,19.63,21,NA,NA,0.33
2001,69,2001-07-10,3,3,115.02,NA,NA,22,23.25,NA,NA,0.37
2001,70,2001-07-10,3,4,147.02,NA,NA,21.75,21.5,NA,NA,0.28
2001,71,2001-07-10,3,5,167.15,NA,NA,22.38,22,NA,NA,0.27
2001,72,2001-07-10,3,6,169.74,NA,NA,19,21.75,NA,NA,0.3
2001,73,2001-08-28,1,1,85.48,NA,NA,19,18.63,NA,NA,0.08
2001,74,2001-08-28,1,2,76.82,NA,NA,20.25,17.75,NA,NA,0.1
2001,75,2001-08-28,1,3,112.96,NA,NA,19.38,17.25,NA,NA,0.11
2001,76,2001-08-28,1,4,89.43,NA,NA,20.5,19,NA,NA,0.12
2001,77,2001-08-28,1,5,58.17,NA,NA,20.5,18.5,NA,NA,0.13
2001,78,2001-08-28,1,6,98.11,NA,NA,19.13,18.13,NA,NA,0.11
2001,79,2001-08-28,2,1,69.25,NA,NA,18.75,18.25,NA,NA,0.08
2001,80,2001-08-28,2,2,69.28,NA,NA,20.13,16.5,NA,NA,0.12
2001,81,2001-08-28,2,3,125.22,NA,NA,19.63,18.5,NA,NA,0.11
2001,82,2001-08-28,2,4,68.36,NA,NA,20.25,19.25,NA,NA,0.1
2001,83,2001-08-28,2,5,133.79,NA,NA,21,20.25,NA,NA,0.1
2001,84,2001-08-28,2,6,98.88,NA,NA,19.25,18.13,NA,NA,0.1
2001,85,2001-08-28,3,1,49.47,NA,NA,21.5,23.25,NA,NA,0.11
2001,86,2001-08-28,3,2,67.62,NA,NA,21.5,22.25,NA,NA,0.13
2001,87,2001-08-28,3,3,58.42,NA,NA,22.38,24.25,NA,NA,0.12
2001,88,2001-08-28,3,4,89.26,NA,NA,22.25,22.38,NA,NA,0.12
2001,89,2001-08-28,3,5,75.58,NA,NA,20.5,21.88,NA,NA,0.12
2001,90,2001-08-28,3,6,58.74,NA,NA,22.5,23.5,NA,NA,0.11
2001,91,2001-10-10,1,1,61.67,NA,NA,10.63,10.13,NA,NA,0.14
2001,92,2001-10-10,1,2,53.72,NA,NA,10.25,10.25,NA,NA,0.18
2001,93,2001-10-10,1,3,69.37,NA,NA,10.13,10.13,NA,NA,0.14
2001,94,2001-10-10,1,4,57.39,NA,NA,10.25,10.63,NA,NA,0.16
2001,95,2001-10-10,1,5,31.09,NA,NA,11,10.75,NA,NA,0.16
2001,96,2001-10-10,1,6,77.61,NA,NA,9.63,9.5,NA,NA,0.12
2001,97,2001-10-10,2,1,31.53,NA,NA,9.5,8.88,NA,NA,0.12
2001,98,2001-10-10,2,2,61.41,NA,NA,10.75,9.88,NA,NA,0.16
2001,99,2001-10-10,2,3,77.64,NA,NA,11.88,9.75,NA,NA,0.13
2001,100,2001-10-10,2,4,59.74,NA,NA,10,8.38,NA,NA,0.14
2001,101,2001-10-10,2,5,97.29,NA,NA,10.38,9.88,NA,NA,0.16
2001,102,2001-10-10,2,6,72.62,NA,NA,9.38,9.5,NA,NA,0.14
2001,103,2001-10-10,3,1,42.77,NA,NA,14.13,14.88,NA,NA,0.14
2001,104,2001-10-10,3,2,52.56,NA,NA,11.5,13.13,NA,NA,0.19
2001,105,2001-10-10,3,3,50.24,NA,NA,12.25,13.75,NA,NA,0.2
2001,106,2001-10-10,3,4,73.56,NA,NA,11.75,12.63,NA,NA,0.17
2001,107,2001-10-10,3,5,58.85,NA,NA,11.63,12,NA,NA,0.2
2001,108,2001-10-10,3,6,69.88,NA,NA,13,14,NA,NA,0.13
2001,109,2001-11-07,1,1,37.29,NA,NA,5.5,5.88,NA,NA,0.2
2001,110,2001-11-07,1,2,45.74,NA,NA,7.25,6.5,NA,NA,0.23
2001,111,2001-11-07,1,3,45.47,NA,NA,5.25,5.5,NA,NA,0.18
2001,112,2001-11-07,1,4,61.22,NA,NA,5.5,5.88,NA,NA,0.22
2001,113,2001-11-07,1,5,42.08,NA,NA,5.25,4.63,NA,NA,0.23
2001,114,2001-11-07,1,6,47.99,NA,NA,6.25,5.5,NA,NA,0.14
2001,115,2001-11-07,2,1,37.95,NA,NA,5.63,5.63,NA,NA,0.18
2001,116,2001-11-07,2,2,55.08,NA,NA,6.5,6.13,NA,NA,0.21
2001,117,2001-11-07,2,3,49.26,NA,NA,6.5,7.25,NA,NA,0.23
2001,118,2001-11-07,2,4,43.48,NA,NA,5.38,6.5,NA,NA,0.24
2001,119,2001-11-07,2,5,45.11,NA,NA,5.38,4.75,NA,NA,0.2
2001,120,2001-11-07,2,6,71.73,NA,NA,6.5,5.75,NA,NA,0.2
2001,121,2001-11-07,3,1,35.4,NA,NA,9.5,10.75,NA,NA,0.18
2001,122,2001-11-07,3,2,57.66,NA,NA,8.5,9.88,NA,NA,0.24
2001,123,2001-11-07,3,3,35.86,NA,NA,6.25,8.25,NA,NA,0.27
2001,124,2001-11-07,3,4,54.29,NA,NA,7.5,6.5,NA,NA,0.28
2001,125,2001-11-07,3,5,44.29,NA,NA,8.5,8.88,NA,NA,0.2
2001,126,2001-11-07,3,6,47.61,NA,NA,6.75,9.75,NA,NA,0.14
2002,1,2002-04-30,1,1,43.98,NA,NA,12,11.25,NA,NA,0.29
2002,2,2002-04-30,1,2,58.04,NA,NA,11,9.5,NA,NA,0.29
2002,3,2002-04-30,1,3,43.59,NA,NA,13.5,10.75,NA,NA,0.31
2002,4,2002-04-30,1,4,44.41,NA,NA,13.75,10,NA,NA,0.36
2002,5,2002-04-30,1,5,40.64,NA,NA,11.75,9.5,NA,NA,0.25
2002,6,2002-04-30,1,6,38.81,NA,NA,13.25,7.5,NA,NA,0.26
2002,7,2002-04-30,2,1,34.98,-0.09,7.48,15.5,13.5,NA,NA,0.23
2002,8,2002-04-30,2,2,53.11,-0.08,-7.77,14,11.5,NA,NA,0.33
2002,9,2002-04-30,2,3,66.21,-0.09,-18.11,11.5,10.75,NA,NA,0.28
2002,10,2002-04-30,2,4,46.96,-0.11,-10.14,14.25,10,NA,NA,0.29
2002,11,2002-04-30,2,5,38.49,-0.12,1.68,12.75,8.25,NA,NA,0.24
2002,12,2002-04-30,2,6,46.72,-0.07,2.88,11.5,7.5,NA,NA,0.25
2002,13,2002-04-30,3,1,37.01,-0.21,-4.71,16,14.25,NA,NA,0.28
2002,14,2002-04-30,3,2,62.81,-0.17,-10.98,15,12.25,NA,NA,0.37
2002,15,2002-04-30,3,3,60.25,-0.12,-3.54,13.75,17,NA,NA,0.26
2002,16,2002-04-30,3,4,54.5,-0.12,-6.94,15.25,14.5,NA,NA,0.25
2002,17,2002-04-30,3,5,54.29,-0.15,6.34,13,13.75,NA,NA,0.31
2002,18,2002-04-30,3,6,59.65,-0.14,8.09,16.5,15.25,NA,NA,0.37
2002,19,2002-05-21,1,1,43.1,NA,NA,7.75,8.75,NA,NA,0.82
2002,20,2002-05-21,1,2,33.91,NA,NA,8.13,7.75,NA,NA,0.32
2002,21,2002-05-21,1,3,45.09,NA,NA,8,8.5,NA,NA,0.36
2002,22,2002-05-21,1,4,41.49,NA,NA,8,7.38,NA,NA,0.37
2002,23,2002-05-21,1,5,31.9,NA,NA,9.13,7.88,NA,NA,0.24
2002,24,2002-05-21,1,6,47.34,NA,NA,6.88,6.63,NA,NA,0.25
2002,25,2002-05-21,2,1,33.39,-0.25,-6.85,7.25,8.75,NA,NA,0.25
2002,26,2002-05-21,2,2,41.57,-0.11,-14.35,8.13,7.5,NA,NA,0.35
2002,27,2002-05-21,2,3,72.84,-0.09,3.61,9.75,8.5,NA,NA,0.28
2002,28,2002-05-21,2,4,35.7,-0.11,-17.73,8.38,8.63,NA,NA,0.32
2002,29,2002-05-21,2,5,36.71,-0.15,-8.8,8.13,7.75,NA,NA,0.24
2002,30,2002-05-21,2,6,41.75,-0.1,-18.31,9.38,9.5,NA,NA,0.24
2002,31,2002-05-21,3,1,42.55,-0.24,-0.99,8.25,10.88,NA,NA,0.26
2002,32,2002-05-21,3,2,55.87,-0.21,-3.03,12.75,12.75,NA,NA,0.32
2002,33,2002-05-21,3,3,48.43,-0.1,-13.48,10.5,12,NA,NA,0.36
2002,34,2002-05-21,3,4,60.34,-0.11,-12.12,9.5,11.5,NA,NA,0.37
2002,35,2002-05-21,3,5,36.1,-0.2,-19.18,10.75,11.13,NA,NA,0.26
2002,36,2002-05-21,3,6,55.34,-0.18,-14.6,10,12.13,NA,NA,0.25
2002,37,2002-06-18,1,1,120.54,NA,NA,14.25,15.13,NA,NA,0.27
2002,38,2002-06-18,1,2,134.22,NA,NA,15,14,NA,NA,0.31
2002,39,2002-06-18,1,3,152.26,NA,NA,15.38,14.75,NA,NA,0.32
2002,40,2002-06-18,1,4,123.9,NA,NA,15.63,15.38,NA,NA,0.35
2002,41,2002-06-18,1,5,98.06,NA,NA,16.5,13.75,NA,NA,0.32
2002,42,2002-06-18,1,6,103.73,NA,NA,13.38,13.38,NA,NA,0.25
2002,43,2002-06-18,2,1,69.83,-0.18,0.06,14.63,13.5,NA,NA,0.24
2002,44,2002-06-18,2,2,148.34,-0.2,-4.69,16.75,14.5,NA,NA,0.33
2002,45,2002-06-18,2,3,141.38,-0.17,4.83,15.75,13.25,NA,NA,0.28
2002,46,2002-06-18,2,4,130.18,-0.13,3.04,17.13,14.63,NA,NA,0.31
2002,47,2002-06-18,2,5,93.11,-0.2,-2.33,15.5,13.13,NA,NA,0.23
2002,48,2002-06-18,2,6,109.79,-0.16,-3.93,15.75,13.88,NA,NA,0.24
2002,49,2002-06-18,3,1,123.47,-0.17,17.91,16.13,17.5,NA,NA,0.22
2002,50,2002-06-18,3,2,155.48,-0.18,5.32,17.13,16.75,NA,NA,0.31
2002,51,2002-06-18,3,3,102.12,-0.17,-4.71,17.25,16.25,NA,NA,0.33
2002,52,2002-06-18,3,4,126.06,-0.14,6.31,16.63,17.38,NA,NA,0.32
2002,53,2002-06-18,3,5,81.53,-0.15,-5.51,16.63,17.63,NA,NA,0.19
2002,54,2002-06-18,3,6,137.64,-0.09,23.31,16.38,17.63,NA,NA,0.25
2002,55,2002-07-23,1,1,214.96,NA,NA,21.25,21,NA,NA,0.14
2002,56,2002-07-23,1,2,141.44,NA,NA,24.75,21.5,NA,NA,0.16
2002,57,2002-07-23,1,3,234.61,NA,NA,19.88,19.88,NA,NA,0.16
2002,58,2002-07-23,1,4,200.39,NA,NA,21,20.13,NA,NA,0.17
2002,59,2002-07-23,1,5,86.79,NA,NA,21.63,22,NA,NA,0.19
2002,60,2002-07-23,1,6,173.28,NA,NA,21,20.5,NA,NA,0.11
2002,61,2002-07-23,2,1,141.65,-0.11,-6.53,20.75,22,NA,NA,0.11
2002,62,2002-07-23,2,2,138.69,-0.08,-2.35,24.5,23.75,NA,NA,0.17
2002,63,2002-07-23,2,3,178.08,-0.09,1.28,24.5,22.63,NA,NA,0.16
2002,64,2002-07-23,2,4,184.16,-0.13,1.47,20.75,19.75,NA,NA,0.16
2002,65,2002-07-23,2,5,211.88,-0.23,9.79,24.25,21.63,NA,NA,0.13
2002,66,2002-07-23,2,6,170.37,-0.26,6.2,23.25,21.75,NA,NA,0.12
2002,67,2002-07-23,3,1,182.54,-0.17,-10.09,21.38,25.88,NA,NA,0.12
2002,68,2002-07-23,3,2,173.01,-0.24,1.14,25.88,26.75,NA,NA,0.22
2002,69,2002-07-23,3,3,88.25,-0.18,6.24,22,23.25,NA,NA,0.22
2002,70,2002-07-23,3,4,211.52,-0.14,6.88,22.38,21.63,NA,NA,0.18
2002,71,2002-07-23,3,5,134.74,-0.23,-1.92,25.75,25.88,NA,NA,0.14
2002,72,2002-07-23,3,6,106.99,-0.11,10.98,24.38,23.5,NA,NA,0.12
2002,73,2002-08-21,1,1,255.32,NA,NA,20.38,19.63,NA,NA,0.13
2002,74,2002-08-21,1,2,143.25,NA,NA,19.25,18.25,NA,NA,0.15
2002,75,2002-08-21,1,3,165.82,NA,NA,19.75,19,NA,NA,0.15
2002,76,2002-08-21,1,4,138.42,NA,NA,19.88,19.25,NA,NA,0.15
2002,77,2002-08-21,1,5,85.38,NA,NA,19.38,18.25,NA,NA,0.18
2002,78,2002-08-21,1,6,175.07,NA,NA,19.5,19,NA,NA,0.14
2002,79,2002-08-21,2,1,97.42,-0.19,-2.57,20.5,19,NA,NA,0.11
2002,80,2002-08-21,2,2,159.88,-0.18,-0.58,20.38,20.25,NA,NA,0.1
2002,81,2002-08-21,2,3,236.36,-0.13,5.32,20,18.75,NA,NA,0.15
2002,82,2002-08-21,2,4,127.2,-0.12,1.52,18.75,18.38,NA,NA,0.14
2002,83,2002-08-21,2,5,224.54,-0.25,1.39,19.5,19,NA,NA,0.14
2002,84,2002-08-21,2,6,160.9,-0.17,1.82,20.38,19.75,NA,NA,0.11
2002,85,2002-08-21,3,1,106.29,-0.28,-9.34,22,21.88,NA,NA,0.08
2002,86,2002-08-21,3,2,95.9,-0.25,3.05,22.5,23.25,NA,NA,0.15
2002,87,2002-08-21,3,3,139.71,-0.24,-0.14,20.25,21.75,NA,NA,0.17
2002,88,2002-08-21,3,4,105.58,-0.16,8.16,22.25,23.38,NA,NA,0.12
2002,89,2002-08-21,3,5,161.27,-0.19,0.14,22.13,25.25,NA,NA,0.2
2002,90,2002-08-21,3,6,135.99,-0.18,-2.06,21.88,23,NA,NA,0.14
2002,91,2002-09-10,1,1,222.44,NA,NA,22.13,20.5,NA,NA,0.12
2002,92,2002-09-10,1,2,103.41,NA,NA,21.75,20.5,NA,NA,0.11
2002,93,2002-09-10,1,3,145.41,NA,NA,22,20.5,NA,NA,0.15
2002,94,2002-09-10,1,4,132.43,NA,NA,23,20.75,NA,NA,0.11
2002,95,2002-09-10,1,5,73.79,NA,NA,21.63,20.88,NA,NA,0.16
2002,96,2002-09-10,1,6,169.63,NA,NA,22.25,20.25,NA,NA,0.11
2002,97,2002-09-10,2,1,90.53,-0.23,1.09,21.63,20.88,NA,NA,0.1
2002,98,2002-09-10,2,2,106.46,-0.17,-1.36,22.88,21.5,NA,NA,0.26
2002,99,2002-09-10,2,3,230.29,-0.17,-0.5,20.75,19.63,NA,NA,0.11
2002,100,2002-09-10,2,4,111.97,-0.23,-0.2,21.5,21.5,NA,NA,0.12
2002,101,2002-09-10,2,5,160.58,-0.24,-0.75,21.75,23.13,NA,NA,0.1
2002,102,2002-09-10,2,6,140.1,-0.2,-0.39,22.38,19.75,NA,NA,0.11
2002,103,2002-09-10,3,1,75.55,-0.2,-4.95,24.13,24.75,NA,NA,0.08
2002,104,2002-09-10,3,2,109.92,-0.23,-2.74,23.88,24.13,NA,NA,0.17
2002,105,2002-09-10,3,3,70.13,-0.26,-1.11,24.38,23.38,NA,NA,0.13
2002,106,2002-09-10,3,4,107.84,-0.18,-1.81,24.38,23.88,NA,NA,0.12
2002,107,2002-09-10,3,5,102.16,-0.19,-7.47,23.25,22.75,NA,NA,0.14
2002,108,2002-09-10,3,6,85.55,-0.18,0.33,26.88,25,NA,NA,0.1
2002,109,2002-10-10,1,1,106.59,NA,NA,12.13,11.38,NA,NA,0.17
2002,110,2002-10-10,1,2,74.64,NA,NA,12.38,11.13,NA,NA,0.16
2002,111,2002-10-10,1,3,85.4,NA,NA,12.25,13.25,NA,NA,0.17
2002,112,2002-10-10,1,4,89.84,NA,NA,12,12.25,NA,NA,0.16
2002,113,2002-10-10,1,5,47.54,NA,NA,11.38,11.38,NA,NA,0.18
2002,114,2002-10-10,1,6,103.15,NA,NA,11.5,11.38,NA,NA,0.19
2002,115,2002-10-10,2,1,49.35,-0.24,0.35,11.63,11.5,NA,NA,0.14
2002,116,2002-10-10,2,2,89.31,-0.2,-0.33,11.38,11.38,NA,NA,0.14
2002,117,2002-10-10,2,3,117.21,-0.19,-0.17,12,12.5,NA,NA,0.13
2002,118,2002-10-10,2,4,62.5,-0.18,-2.92,12,12.5,NA,NA,0.18
2002,119,2002-10-10,2,5,106.22,-0.25,-2.6,11.75,11,NA,NA,0.18
2002,120,2002-10-10,2,6,79.34,-0.19,-1.01,11.5,10.75,NA,NA,0.15
2002,121,2002-10-10,3,1,75.81,-0.24,-3.97,14.38,15.63,NA,NA,0.08
2002,122,2002-10-10,3,2,86.6,-0.16,4.12,13.63,15.5,NA,NA,0.2
2002,123,2002-10-10,3,3,64.86,-0.21,2.54,13.75,15.25,NA,NA,0.15
2002,124,2002-10-10,3,4,90.78,-0.19,-0.16,13.88,15.88,NA,NA,0.14
2002,125,2002-10-10,3,5,70.29,-0.21,0.97,13.5,15.13,NA,NA,0.16
2002,126,2002-10-10,3,6,81.73,-0.16,0.32,14.5,15.5,NA,NA,0.13
2002,127,2002-11-25,1,1,55.92,NA,NA,3.5,3,NA,NA,0.3
2002,128,2002-11-25,1,2,63.64,NA,NA,4,4.5,NA,NA,0.28
2002,129,2002-11-25,1,3,44.53,NA,NA,5,4.25,NA,NA,0.27
2002,130,2002-11-25,1,4,53.04,NA,NA,4.75,4.25,NA,NA,0.33
2002,131,2002-11-25,1,5,24.31,NA,NA,4.75,4.5,NA,NA,0.26
2002,132,2002-11-25,1,6,67.62,NA,NA,4.5,6.25,NA,NA,0.31
2002,133,2002-11-25,2,1,15.87,-0.16,1.72,4,4.5,NA,NA,0.21
2002,134,2002-11-25,2,2,63.65,-0.1,-5.24,3,3.5,NA,NA,0.24
2002,135,2002-11-25,2,3,78.55,-0.15,0.98,5,4.5,NA,NA,0.22
2002,136,2002-11-25,2,4,29.86,-0.09,-9.42,6.5,4.25,NA,NA,0.34
2002,137,2002-11-25,2,5,49.15,-0.17,0.6,5.5,4,NA,NA,0.26
2002,138,2002-11-25,2,6,45.69,-0.17,11.69,3.75,2.5,NA,NA,0.22
2002,139,2002-11-25,3,1,35.87,-0.21,0.86,5.75,8,NA,NA,0.21
2002,140,2002-11-25,3,2,56.72,-0.15,-1.49,5.5,8,NA,NA,0.29
2002,141,2002-11-25,3,3,28.76,-0.15,0.32,7,7.25,NA,NA,0.26
2002,142,2002-11-25,3,4,65.74,-0.09,-4.82,5.75,7.75,NA,NA,0.25
2002,143,2002-11-25,3,5,55.79,-0.15,0.72,7,8,NA,NA,0.26
2002,144,2002-11-25,3,6,45.79,-0.13,-9.51,7.5,9.75,NA,NA,0.22
