YEAR,MONTH,DAY,PLOT,TRT,REP,HOR,NETNO3,NETNH4,DAYSINCU
2006,6,14,1,C,4,mineral,0.00,14.16,34
2006,6,14,1,C,4,organic,3.67,61.13,34
2006,6,14,2,H,3,mineral,0.00,13.55,34
2006,6,14,2,H,3,organic,0.00,89.03,34
2006,6,14,3,HN,6,mineral,1.09,28.17,34
2006,6,14,3,HN,6,organic,0.00,34.20,34
2006,6,14,4,HN,3,mineral,0.00,20.44,34
2006,6,14,4,HN,3,organic,1.89,187.72,34
2006,6,14,5,H,5,organic,0.00,25.08,34
2006,6,14,5,HN,5,mineral,0.00,27.29,34
2006,6,14,6,N,1,mineral,0.00,19.39,34
2006,6,14,6,N,1,organic,0.00,49.49,34
2006,6,14,7,HN,5,mineral,0.00,46.44,34
2006,6,14,7,HN,5,organic,0.00,28.94,34
2006,6,14,8,H,2,mineral,0.00,45.48,34
2006,6,14,8,H,2,organic,0.00,91.56,34
2006,6,14,9,N,5,mineral,0.00,68.77,34
2006,6,14,9,N,5,organic,2.62,4.73,34
2006,6,14,10,HN,1,mineral,NA,NA,34
2006,6,14,10,HN,1,organic,1.68,9.05,34
2006,6,14,11,N,4,mineral,0.00,78.77,34
2006,6,14,11,N,4,organic,0.00,111.70,34
2006,6,14,13,H,1,mineral,0.00,62.14,34
2006,6,14,13,H,1,organic,0.00,59.29,34
2006,6,14,14,C,3,mineral,0.00,5.72,34
2006,6,14,14,C,3,organic,0.00,12.67,34
2006,6,14,16,N,2,mineral,0.00,50.17,34
2006,6,14,16,N,2,organic,0.00,167.49,34
2006,6,14,17,HN,4,mineral,3.40,25.85,34
2006,6,14,17,HN,4,organic,0.00,77.68,34
2006,6,14,18,H,4,mineral,0.00,0.00,34
2006,6,14,18,H,4,organic,13.02,475.74,34
2006,6,14,19,C,5,mineral,0.00,45.32,34
2006,6,14,19,C,5,organic,0.00,66.31,34
2006,6,14,20,C,6,mineral,0.00,20.04,34
2006,6,14,20,C,6,organic,0.00,83.17,34
2006,6,14,21,N,3,mineral,NA,NA,NA
2006,6,14,21,N,3,organic,0.00,122.63,34
2006,6,14,22,H,6,mineral,0.00,38.95,34
2006,6,14,22,H,6,organic,0.00,36.06,34
2006,6,14,23,N,6,mineral,0.00,25.37,34
2006,6,14,23,N,6,organic,0.00,76.71,34
2006,6,14,24,C,1,mineral,NA,NA,34
2006,6,14,24,C,1,organic,NA,NA,34
2006,7,18,1,C,4,mineral,1.73,7.03,36
2006,7,18,1,C,4,organic,-0.01,7.30,36
2006,7,18,2,H,3,mineral,0.00,53.11,36
2006,7,18,2,H,3,organic,0.00,212.13,36
2006,7,18,3,HN,6,mineral,6.81,21.61,36
2006,7,18,3,HN,6,organic,0.00,143.44,36
2006,7,18,4,HN,3,mineral,0.00,41.02,36
2006,7,18,4,HN,3,organic,0.00,91.43,36
2006,7,18,5,H,5,mineral,0.00,33.79,36
2006,7,18,5,H,5,organic,0.00,70.08,36
2006,7,18,6,N,1,mineral,0.00,64.27,36
2006,7,18,6,N,1,organic,0.00,83.90,36
2006,7,18,7,HN,5,mineral,0.00,108.46,36
2006,7,18,7,HN,5,organic,0.80,6.46,36
2006,7,18,8,H,2,mineral,0.00,66.56,36
2006,7,18,8,H,2,organic,0.00,116.25,36
2006,7,18,9,N,5,mineral,0.00,14.91,36
2006,7,18,9,N,5,organic,0.00,14.71,36
2006,7,18,10,HN,1,mineral,0.00,64.65,36
2006,7,18,10,HN,1,organic,0.00,78.53,36
2006,7,18,11,N,4,mineral,1.40,13.33,36
2006,7,18,11,N,4,organic,0.00,19.90,36
2006,7,18,12,C,2,mineral,0.00,25.68,36
2006,7,18,12,C,2,organic,0.00,27.97,36
2006,7,18,13,H,1,mineral,0.00,54.42,36
2006,7,18,13,H,1,organic,0.00,157.27,36
2006,7,18,14,C,3,mineral,0.00,71.15,36
2006,7,18,14,C,3,organic,0.00,136.23,36
2006,7,18,15,HN,2,mineral,3.69,7.14,36
2006,7,18,15,HN,2,organic,0.00,9.03,36
2006,7,18,16,N,2,mineral,8.54,13.20,36
2006,7,18,16,N,2,organic,0.73,92.67,36
2006,7,18,17,HN,4,mineral,0.00,4.98,36
2006,7,18,17,HN,4,organic,0.00,0.00,36
2006,7,18,18,H,4,mineral,0.79,9.66,36
2006,7,18,18,H,4,organic,0.00,0.00,36
2006,7,18,19,C,5,mineral,0.00,46.75,36
2006,7,18,19,C,5,organic,0.00,41.17,36
2006,7,18,20,C,6,mineral,0.00,43.88,36
2006,7,18,20,C,6,organic,0.00,40.19,36
2006,7,18,21,N,3,mineral,1.27,2.41,36
2006,7,18,21,N,3,organic,0.68,20.79,36
2006,7,18,22,H,6,mineral,0.00,24.57,36
2006,7,18,22,H,6,organic,0.00,80.58,36
2006,7,18,23,N,6,mineral,0.00,31.88,36
2006,7,18,23,N,6,organic,0.00,38.82,36
2006,7,18,24,C,1,mineral,0.00,43.42,36
2006,7,18,24,C,1,organic,0.00,87.64,36
2006,8,23,1,C,4,mineral,0.00,15.83,42
2006,8,23,1,C,4,organic,0.00,32.58,42
2006,8,23,2,H,3,mineral,0.00,28.33,42
2006,8,23,2,H,3,organic,0.00,175.38,42
2006,8,23,3,HN,6,mineral,2.38,43.45,42
2006,8,23,3,HN,6,organic,0.00,NA,42
2006,8,23,4,HN,3,mineral,0.00,32.81,42
2006,8,23,4,HN,3,organic,0.00,62.24,42
2006,8,23,5,H,5,mineral,0.00,61.12,42
2006,8,23,5,H,5,organic,0.00,NA,42
2006,8,23,6,N,1,mineral,0.00,85.67,42
2006,8,23,6,N,1,organic,0.00,11.00,42
2006,8,23,7,HN,5,mineral,0.00,12.56,42
2006,8,23,7,HN,5,organic,0.00,0.00,42
2006,8,23,8,H,2,mineral,0.00,62.34,42
2006,8,23,8,H,2,organic,0.00,196.89,42
2006,8,23,9,N,5,mineral,0.00,33.60,42
2006,8,23,9,N,5,organic,0.00,77.60,42
2006,8,23,10,HN,1,mineral,0.00,25.41,42
2006,8,23,10,HN,1,organic,0.00,46.90,42
2006,8,23,11,N,4,mineral,0.00,5.80,42
2006,8,23,11,N,4,organic,0.00,NA,42
2006,8,23,12,C,2,mineral,0.00,45.49,42
2006,8,23,12,C,2,organic,0.00,0.00,42
2006,8,23,13,H,1,mineral,0.00,28.93,42
2006,8,23,13,H,1,organic,0.00,217.84,42
2006,8,23,14,C,3,mineral,0.00,88.44,42
2006,8,23,14,C,3,organic,0.00,0.00,42
2006,8,23,15,HN,2,mineral,5.25,13.02,42
2006,8,23,15,HN,2,organic,0.00,129.78,42
2006,8,23,16,N,2,mineral,1.45,25.30,42
2006,8,23,16,N,2,organic,0.00,33.63,42
2006,8,23,17,HN,4,mineral,0.00,80.55,42
2006,8,23,17,HN,4,organic,0.00,39.43,42
2006,8,23,18,H,4,mineral,0.00,11.28,42
2006,8,23,18,H,4,organic,0.00,NA,42
2006,8,23,19,C,5,mineral,0.00,8.71,42
2006,8,23,19,C,5,organic,0.00,36.07,42
2006,8,23,20,C,6,mineral,0.79,0.00,42
2006,8,23,20,C,6,organic,0.00,0.00,42
2006,8,23,21,N,3,mineral,1.08,8.29,42
2006,8,23,21,N,3,organic,0.00,24.01,42
2006,8,23,22,H,6,mineral,1.23,28.19,42
2006,8,23,22,H,6,organic,0.00,NA,42
2006,8,23,23,N,6,mineral,0.00,0.00,42
2006,8,23,23,N,6,organic,0.00,14.96,42
2006,8,23,24,C,1,mineral,0.00,72.41,42
2006,8,23,24,C,1,organic,0.00,8.76,42
2006,10,4,1,C,4,mineral,0.00,14.31,33
2006,10,4,1,C,4,organic,0.00,4.11,33
2006,10,4,2,H,3,mineral,0.00,7.05,33
2006,10,4,2,H,3,organic,0.00,13.84,33
2006,10,4,3,HN,6,mineral,0.00,13.65,33
2006,10,4,3,HN,6,organic,0.00,20.26,33
2006,10,4,4,HN,3,mineral,0.00,24.13,33
2006,10,4,4,HN,3,organic,0.00,19.39,33
2006,10,4,5,H,5,mineral,0.00,54.11,33
2006,10,4,5,H,5,organic,0.00,14.96,33
2006,10,4,6,N,1,mineral,0.00,2.17,33
2006,10,4,6,N,1,organic,0.00,3.20,33
2006,10,4,7,HN,5,mineral,0.00,14.39,33
2006,10,4,7,HN,5,organic,0.00,36.79,33
2006,10,4,8,H,2,mineral,0.00,0.00,33
2006,10,4,8,H,2,organic,0.00,0.00,33
2006,10,4,9,N,5,mineral,0.00,22.08,33
2006,10,4,9,N,5,organic,0.00,3.68,33
2006,10,4,10,HN,1,mineral,0.00,22.36,33
2006,10,4,10,HN,1,organic,0.00,9.06,33
2006,10,4,11,N,4,mineral,1.81,13.31,33
2006,10,4,11,N,4,organic,0.00,8.98,33
2006,10,4,12,C,2,mineral,0.00,0.00,33
2006,10,4,12,C,2,organic,0.00,0.67,33
2006,10,4,13,H,1,mineral,0.00,20.08,33
2006,10,4,13,H,1,organic,0.00,10.64,33
2006,10,4,14,C,3,mineral,0.00,0.00,33
2006,10,4,14,C,3,organic,0.00,0.00,33
2006,10,4,15,HN,2,mineral,1.11,13.23,33
2006,10,4,15,HN,2,organic,0.93,50.75,33
2006,10,4,16,N,2,mineral,0.00,18.98,33
2006,10,4,16,N,2,organic,0.00,0.00,33
2006,10,4,17,HN,4,mineral,0.00,19.41,33
2006,10,4,17,HN,4,organic,0.00,11.33,33
2006,10,4,18,H,4,mineral,NA,NA,33
2006,10,4,18,H,4,organic,NA,NA,33
2006,10,4,19,C,5,mineral,0.00,11.05,33
2006,10,4,19,C,5,organic,0.00,2.06,33
2006,10,4,20,C,6,mineral,0.00,0.00,33
2006,10,4,20,C,6,organic,0.00,3.00,33
2006,10,4,21,N,3,mineral,0.00,12.22,33
2006,10,4,21,N,3,organic,0.00,2.93,33
2006,10,4,22,H,6,mineral,0.00,12.32,33
2006,10,4,22,H,6,organic,0.00,50.58,33
2006,10,4,23,N,6,mineral,0.00,14.40,33
2006,10,4,23,N,6,organic,0.00,0.00,33
2006,10,4,24,C,1,mineral,0.00,0.00,33
2006,10,4,24,C,1,organic,0.00,0.00,33
2007,5,16,1,C,4,mineral,0.00,3.27,27
2007,5,16,1,C,4,organic,0.00,-14.21,27
2007,5,16,2,H,3,mineral,0.00,3.09,27
2007,5,16,2,H,3,organic,0.00,1.71,27
2007,5,16,3,HN,6,mineral,0.00,16.48,27
2007,5,16,3,HN,6,organic,0.00,23.79,27
2007,5,16,4,HN,3,mineral,0.00,3.49,27
2007,5,16,4,HN,3,organic,0.00,34.07,27
2007,5,16,5,H,5,mineral,0.00,6.41,27
2007,5,16,5,H,5,organic,0.00,7.25,27
2007,5,16,6,N,1,mineral,0.00,17.24,27
2007,5,16,6,N,1,organic,0.00,-15.96,27
2007,5,16,7,HN,5,mineral,0.00,32.29,27
2007,5,16,7,HN,5,organic,0.00,28.42,27
2007,5,16,8,H,2,mineral,0.00,-1.03,27
2007,5,16,8,H,2,organic,0.00,-7.07,27
2007,5,16,9,N,5,mineral,0.00,13.73,27
2007,5,16,9,N,5,organic,0.00,-9.30,27
2007,5,16,10,HN,1,mineral,0.00,2.94,27
2007,5,16,10,HN,1,organic,0.00,12.22,27
2007,5,16,11,N,4,mineral,0.00,16.97,27
2007,5,16,11,N,4,organic,0.00,-19.20,27
2007,5,16,12,C,2,mineral,0.00,-5.15,27
2007,5,16,12,C,2,organic,0.00,18.26,27
2007,5,16,13,H,1,mineral,0.00,7.31,27
2007,5,16,13,H,1,organic,0.00,22.32,27
2007,5,16,14,C,3,organic,0.00,57.08,27
2007,5,16,15,HN,2,mineral,0.00,4.00,27
2007,5,16,15,HN,2,organic,0.00,130.81,27
2007,5,16,16,N,2,mineral,0.00,3.69,27
2007,5,16,16,N,2,organic,0.00,-46.29,27
2007,5,16,17,HN,4,mineral,0.00,30.72,27
2007,5,16,17,HN,4,organic,0.00,-4.24,27
2007,5,16,18,H,4,mineral,9.30,-1.03,27
2007,5,16,18,H,4,organic,5.93,26.74,27
2007,5,16,19,C,5,mineral,0.00,34.59,27
2007,5,16,19,C,5,organic,0.00,11.31,27
2007,5,16,20,C,6,mineral,0.00,-2.30,27
2007,5,16,20,C,6,organic,0.00,11.02,27
2007,5,16,21,N,3,mineral,0.00,4.89,27
2007,5,16,21,N,3,organic,0.00,-14.01,27
2007,5,16,22,H,6,mineral,0.00,19.68,27
2007,5,16,22,H,6,organic,0.00,31.52,27
2007,5,16,23,N,6,mineral,0.00,2.85,27
2007,5,16,23,N,6,organic,0.00,-17.43,27
2007,5,16,24,C,1,mineral,0.00,0.73,27
2007,5,16,24,C,1,organic,0.00,-2.72,27
2007,6,12,1,C,4,mineral,0.00,8.99,29
2007,6,12,2,H,3,mineral,0.00,5.89,29
2007,6,12,2,H,3,organic,2.39,18.63,29
2007,6,12,3,HN,6,mineral,0.00,23.42,29
2007,6,12,4,HN,3,mineral,0.00,9.10,29
2007,6,12,4,HN,3,organic,2.46,24.10,29
2007,6,12,5,H,5,mineral,0.00,10.37,29
2007,6,12,5,H,5,organic,0.00,103.63,29
2007,6,12,6,N,1,mineral,0.00,10.54,29
2007,6,12,6,N,1,organic,0.00,7.56,29
2007,6,12,7,HN,5,mineral,0.00,21.46,29
2007,6,12,7,HN,5,organic,0.00,59.18,29
2007,6,12,8,H,2,mineral,0.00,18.70,29
2007,6,12,8,H,2,organic,0.00,54.99,29
2007,6,12,9,N,5,mineral,0.00,10.47,29
2007,6,12,9,N,5,organic,0.00,53.21,29
2007,6,12,10,HN,1,mineral,0.00,12.38,29
2007,6,12,10,HN,1,organic,0.00,20.99,29
2007,6,12,11,N,4,mineral,0.00,8.81,29
2007,6,12,11,N,4,organic,0.00,-6.97,29
2007,6,12,12,C,2,mineral,0.00,20.49,29
2007,6,12,12,C,2,organic,0.00,30.51,29
2007,6,12,13,H,1,mineral,0.00,6.64,29
2007,6,12,13,H,1,organic,0.00,88.00,29
2007,6,12,14,C,3,organic,4.92,24.60,29
2007,6,12,15,HN,2,mineral,0.00,13.75,29
2007,6,12,15,HN,2,organic,0.00,41.87,29
2007,6,12,16,N,2,mineral,0.00,6.40,29
2007,6,12,16,N,2,organic,1.63,45.37,29
2007,6,12,17,HN,4,mineral,0.00,15.40,29
2007,6,12,18,H,4,mineral,1.06,0.83,29
2007,6,12,18,H,4,organic,4.87,15.46,29
2007,6,12,19,C,5,mineral,0.00,7.65,29
2007,6,12,19,C,5,organic,0.00,115.19,29
2007,6,12,20,C,6,mineral,0.00,18.68,29
2007,6,12,20,C,6,organic,0.00,104.90,29
2007,6,12,21,N,3,mineral,0.00,10.27,29
2007,6,12,22,H,6,organic,0.00,11.98,29
2007,6,12,22,H,6,organic,0.00,15.96,29
2007,6,12,23,N,6,mineral,0.00,16.82,29
2007,6,12,23,N,6,organic,0.00,46.27,29
2007,6,12,24,C,1,mineral,0.00,9.29,29
2007,6,12,24,C,1,organic,0.00,22.29,29
2007,7,11,1,C,4,mineral,0.00,7.43,35
2007,7,11,2,H,3,mineral,0.00,26.84,35
2007,7,11,2,H,3,organic,0.00,70.15,35
2007,7,11,3,HN,6,mineral,0.00,22.59,35
2007,7,11,4,HN,3,mineral,0.00,23.57,35
2007,7,11,4,HN,3,organic,0.00,125.68,35
2007,7,11,5,H,5,mineral,0.00,33.66,35
2007,7,11,5,H,5,organic,0.00,168.38,35
2007,7,11,6,N,1,mineral,0.00,35.57,35
2007,7,11,6,N,1,organic,0.00,50.88,35
2007,7,11,7,HN,5,mineral,0.00,17.89,35
2007,7,11,7,HN,5,organic,0.00,117.60,35
2007,7,11,8,H,2,mineral,0.00,51.16,35
2007,7,11,8,H,2,organic,0.00,156.46,35
2007,7,11,9,N,5,mineral,0.00,37.64,35
2007,7,11,9,N,5,organic,0.00,87.42,35
2007,7,11,10,HN,1,mineral,0.00,22.99,35
2007,7,11,10,HN,1,organic,0.00,69.22,35
2007,7,11,11,N,4,mineral,0.00,25.13,35
2007,7,11,11,N,4,organic,0.00,132.03,35
2007,7,11,12,C,2,mineral,0.00,9.60,35
2007,7,11,12,C,2,organic,1.65,84.43,35
2007,7,11,13,H,1,mineral,0.00,31.14,35
2007,7,11,13,H,1,organic,0.00,141.49,35
2007,7,11,14,C,3,mineral,0.00,9.84,35
2007,7,11,14,C,3,organic,0.00,84.04,35
2007,7,11,15,HN,2,mineral,0.00,14.00,35
2007,7,11,15,HN,2,organic,2.81,96.53,35
2007,7,11,16,N,2,mineral,0.00,16.88,35
2007,7,11,16,N,2,organic,0.00,111.00,35
2007,7,11,17,HN,4,mineral,0.00,35.01,35
2007,7,11,18,H,4,mineral,14.06,9.60,35
2007,7,11,18,H,4,organic,0.00,85.37,35
2007,7,11,19,C,5,mineral,0.00,3.09,35
2007,7,11,19,C,5,organic,0.00,143.70,35
2007,7,11,20,C,6,mineral,0.00,21.83,35
2007,7,11,20,C,6,organic,0.00,197.88,35
2007,7,11,21,N,3,mineral,0.00,49.71,35
2007,7,11,22,H,6,mineral,0.00,35.34,35
2007,7,11,22,H,6,organic,0.00,58.91,35
2007,7,11,23,N,6,mineral,0.00,24.17,35
2007,7,11,23,N,6,organic,0.00,155.94,35
2007,7,11,24,C,1,mineral,0.00,29.14,35
2007,7,11,24,C,1,organic,0.00,87.14,35
2007,8,15,1,C,4,mineral,4.18,14.03,26
2007,8,15,1,C,4,organic,0.00,303.31,26
2007,8,15,2,H,3,mineral,0.00,23.78,26
2007,8,15,3,HN,6,mineral,0.00,185.12,26
2007,8,15,4,HN,3,mineral,0.00,32.63,26
2007,8,15,5,H,5,mineral,0.00,10.19,26
2007,8,15,5,H,5,organic,0.00,41.16,26
2007,8,15,6,N,1,mineral,0.00,25.70,26
2007,8,15,6,N,1,organic,0.00,200.93,26
2007,8,15,7,HN,5,mineral,1.44,22.40,26
2007,8,15,7,HN,5,organic,0.00,298.99,26
2007,8,15,8,H,2,mineral,0.00,21.98,26
2007,8,15,9,N,5,mineral,0.82,10.64,26
2007,8,15,9,N,5,organic,0.00,144.07,26
2007,8,15,10,HN,1,mineral,0.00,44.85,26
2007,8,15,10,HN,1,organic,0.00,419.13,26
2007,8,15,11,N,4,mineral,12.61,4.90,26
2007,8,15,11,N,4,organic,0.00,135.36,26
2007,8,15,12,C,2,mineral,13.02,4.74,26
2007,8,15,12,C,2,organic,1.76,40.69,26
2007,8,15,13,H,1,mineral,0.00,26.57,26
2007,8,15,14,C,3,mineral,0.00,12.10,26
2007,8,15,15,HN,2,mineral,0.00,80.61,26
2007,8,15,16,N,2,mineral,0.00,18.54,26
2007,8,15,17,HN,4,mineral,0.00,28.02,26
2007,8,15,17,HN,4,organic,0.00,252.72,26
2007,8,15,18,H,4,mineral,7.74,38.61,26
2007,8,15,18,H,4,organic,3.94,169.41,26
2007,8,15,19,C,5,mineral,0.00,8.45,26
2007,8,15,19,C,5,organic,0.00,55.91,26
2007,8,15,20,C,6,mineral,0.00,31.13,26
2007,8,15,20,C,6,organic,0.00,206.25,26
2007,8,15,21,N,3,mineral,0.00,11.01,26
2007,8,15,21,N,3,organic,0.00,34.71,26
2007,8,15,22,H,6,mineral,0.00,34.00,26
2007,8,15,22,H,6,organic,0.00,229.61,26
2007,8,15,23,N,6,mineral,0.00,26.73,26
2007,8,15,23,N,6,organic,0.00,54.85,26
2007,8,15,24,C,1,organic,0.00,68.74,26
2007,9,10,1,C,4,mineral,0.00,4.87,30
2007,9,10,1,C,4,organic,0.00,33.46,30
2007,9,10,2,H,3,mineral,0.00,1.36,30
2007,9,10,3,HN,6,mineral,0.00,36.31,30
2007,9,10,4,HN,3,mineral,0.00,25.26,30
2007,9,10,5,H,5,mineral,0.00,13.43,30
2007,9,10,5,H,5,organic,0.00,33.01,30
2007,9,10,6,N,1,mineral,0.00,19.53,30
2007,9,10,6,N,1,organic,0.00,40.26,30
2007,9,10,7,HN,5,mineral,0.55,17.00,30
2007,9,10,7,HN,5,organic,0.00,34.81,30
2007,9,10,8,H,2,mineral,0.00,2.89,30
2007,9,10,9,N,5,mineral,0.00,4.62,30
2007,9,10,9,N,5,organic,0.00,-0.02,30
2007,9,10,10,HN,1,mineral,0.00,14.66,30
2007,9,10,10,HN,1,organic,0.00,94.97,30
2007,9,10,11,N,4,mineral,0.43,9.23,30
2007,9,10,11,N,4,organic,-1.00,44.47,30
2007,9,10,12,C,2,mineral,5.79,13.03,30
2007,9,10,12,C,2,organic,0.00,34.84,30
2007,9,10,13,H,1,mineral,0.00,20.58,30
2007,9,10,14,C,3,mineral,0.00,12.37,30
2007,9,10,15,HN,2,mineral,0.00,16.65,30
2007,9,10,15,HN,2,organic,0.00,43.70,30
2007,9,10,16,N,2,mineral,0.00,4.77,30
2007,9,10,17,HN,4,mineral,4.05,5.55,30
2007,9,10,17,HN,4,organic,0.00,12.57,30
2007,9,10,18,H,4,mineral,0.55,14.78,30
2007,9,10,18,H,4,organic,0.00,55.11,30
2007,9,10,19,C,5,mineral,2.98,8.37,30
2007,9,10,19,C,5,organic,0.00,15.37,30
2007,9,10,20,C,6,mineral,0.00,20.73,30
2007,9,10,20,C,6,organic,0.00,62.53,30
2007,9,10,21,N,3,mineral,5.72,9.56,30
2007,9,10,21,N,3,organic,0.00,16.17,30
2007,9,10,22,H,6,mineral,0.00,14.91,30
2007,9,10,22,H,6,organic,0.00,24.49,30
2007,9,10,23,N,6,mineral,0.00,14.42,30
2007,9,10,23,N,6,organic,0.00,25.45,30
2007,9,10,24,C,1,organic,0.00,45.25,30
2007,10,10,1,C,4,mineral,0.52,3.01,23
2007,10,10,1,C,4,organic,0.00,9.93,23
2007,10,10,2,H,3,mineral,0.00,9.04,23
2007,10,10,2,H,3,organic,0.00,31.87,23
2007,10,10,3,HN,6,mineral,0.00,5.75,23
2007,10,10,3,HN,6,organic,0.00,12.13,23
2007,10,10,4,HN,3,mineral,0.00,10.32,23
2007,10,10,4,HN,3,organic,0.00,21.77,23
2007,10,10,5,H,5,mineral,0.00,16.86,23
2007,10,10,5,H,5,organic,0.00,56.26,23
2007,10,10,6,N,1,mineral,0.00,6.53,23
2007,10,10,6,N,1,organic,0.00,16.01,23
2007,10,10,7,HN,5,mineral,0.00,6.25,23
2007,10,10,7,HN,5,organic,0.00,14.74,23
2007,10,10,8,H,2,mineral,0.00,4.97,23
2007,10,10,8,H,2,organic,0.00,38.10,23
2007,10,10,9,N,5,mineral,0.00,1.75,23
2007,10,10,9,N,5,organic,0.00,2.71,23
2007,10,10,10,HN,1,mineral,0.00,2.41,23
2007,10,10,10,HN,1,organic,0.00,7.54,23
2007,10,10,11,N,4,mineral,4.93,12.07,23
2007,10,10,11,N,4,organic,0.00,34.95,23
2007,10,10,12,C,2,mineral,4.65,2.53,23
2007,10,10,12,C,2,organic,0.00,19.28,23
2007,10,10,13,H,1,mineral,0.00,11.44,23
2007,10,10,13,H,1,organic,0.00,12.73,23
2007,10,10,14,C,3,mineral,0.00,4.04,23
2007,10,10,14,C,3,organic,0.00,38.28,23
2007,10,10,15,HN,2,mineral,0.00,5.14,23
2007,10,10,15,HN,2,organic,0.46,28.62,23
2007,10,10,16,N,2,mineral,0.00,1.41,23
2007,10,10,16,N,2,organic,0.00,11.18,23
2007,10,10,17,HN,4,mineral,0.00,17.99,23
2007,10,10,17,HN,4,organic,0.00,46.60,23
2007,10,10,18,H,4,mineral,9.52,3.16,23
2007,10,10,18,H,4,organic,0.00,16.54,23
2007,10,10,19,C,5,mineral,0.00,5.91,23
2007,10,10,19,C,5,organic,0.00,42.74,23
2007,10,10,20,C,6,mineral,0.00,4.94,23
2007,10,10,20,C,6,organic,0.00,3.52,23
2007,10,10,21,N,3,mineral,0.00,2.24,23
2007,10,10,22,H,6,mineral,0.00,9.20,23
2007,10,10,22,H,6,organic,0.00,67.97,23
2007,10,10,23,N,6,mineral,0.00,3.14,23
2007,10,10,23,N,6,organic,0.00,-3.18,23
2007,10,10,24,C,1,mineral,0.00,5.07,23
2007,10,10,24,C,1,organic,0.00,53.40,23
2007,11,2,1,C,4,mineral,1.10,0.87,40
2007,11,2,1,C,4,organic,-0.37,-6.26,40
2007,11,2,2,H,3,mineral,1.04,6.77,40
2007,11,2,2,H,3,organic,0.42,21.23,40
2007,11,2,4,HN,3,mineral,1.56,3.84,40
2007,11,2,4,HN,3,organic,0.66,5.11,40
2007,11,2,5,H,5,mineral,0.10,5.45,40
2007,11,2,5,H,5,organic,-0.08,12.50,40
2007,11,2,6,N,1,mineral,2.15,3.17,40
2007,11,2,6,N,1,organic,2.46,11.88,40
2007,11,2,7,HN,5,mineral,0.13,3.49,40
2007,11,2,7,HN,5,organic,-0.03,9.87,40
2007,11,2,8,H,2,mineral,1.28,4.34,40
2007,11,2,8,H,2,organic,1.61,48.34,40
2007,11,2,9,N,5,organic,-0.18,3.93,40
2007,11,2,10,HN,1,mineral,1.81,14.25,40
2007,11,2,10,HN,1,organic,-0.21,15.89,40
2007,11,2,11,N,4,mineral,1.21,1.29,40
2007,11,2,11,N,4,organic,-0.68,24.87,40
2007,11,2,12,C,2,mineral,2.94,0.76,40
2007,11,2,12,C,2,organic,-1.54,1.14,40
2007,11,2,13,H,1,mineral,1.25,15.23,40
2007,11,2,13,H,1,organic,-0.55,7.09,40
2007,11,2,14,C,3,mineral,1.33,2.65,40
2007,11,2,14,C,3,organic,-0.25,19.48,40
2007,11,2,15,HN,2,mineral,1.13,3.19,40
2007,11,2,15,HN,2,organic,-0.95,-0.74,40
2007,11,2,16,N,2,mineral,1.51,0.62,40
2007,11,2,16,N,2,organic,-0.34,3.10,40
2007,11,2,17,HN,4,mineral,0.26,2.67,40
2007,11,2,17,HN,4,organic,-0.84,8.61,40
2007,11,2,18,H,4,mineral,-0.31,1.72,40
2007,11,2,18,H,4,organic,-1.39,13.20,40
2007,11,2,19,C,5,mineral,0.15,-1.17,40
2007,11,2,19,C,5,organic,-0.69,-0.07,40
2007,11,2,20,C,6,mineral,-0.12,0.97,40
2007,11,2,20,C,6,organic,0.52,10.09,40
2007,11,2,21,N,3,mineral,0.48,2.06,40
2007,11,2,21,N,3,organic,0.37,13.76,40
2007,11,2,22,H,6,mineral,0.50,5.68,40
2007,11,2,22,H,6,organic,-0.75,7.77,40
2007,11,2,23,N,6,mineral,0.43,3.19,40
2007,11,2,23,N,6,organic,-0.27,31.99,40
2007,11,2,24,C,1,mineral,1.34,-1.19,40
2007,11,2,24,C,1,organic,1.39,30.27,40
2007,12,12,1,C,4,mineral,0.00,0.21,35
2007,12,12,1,C,4,organic,0.00,9.96,35
2007,12,12,2,H,3,mineral,0.00,5.48,35
2007,12,12,2,H,3,organic,0.00,27.77,35
2007,12,12,4,HN,3,mineral,0.00,3.03,35
2007,12,12,4,HN,3,organic,0.00,22.33,35
2007,12,12,5,H,5,mineral,0.00,1.54,35
2007,12,12,5,H,5,organic,0.00,30.04,35
2007,12,12,7,HN,5,mineral,0.00,1.72,35
2007,12,12,7,HN,5,organic,0.00,13.81,35
2007,12,12,8,H,2,mineral,0.00,0.07,35
2007,12,12,8,H,2,organic,0.00,1.66,35
2007,12,12,9,N,5,mineral,0.00,-0.37,35
2007,12,12,9,N,5,organic,0.00,3.13,35
2007,12,12,10,HN,1,organic,0.00,11.20,35
2007,12,12,11,N,4,mineral,0.00,-1.31,35
2007,12,12,11,N,4,organic,0.00,5.06,35
2007,12,12,12,C,2,mineral,0.00,4.11,35
2007,12,12,12,C,2,organic,0.00,0.35,35
2007,12,12,14,C,3,organic,0.00,-0.18,35
2007,12,12,15,HN,2,mineral,0.97,-0.01,35
2007,12,12,15,HN,2,organic,0.00,0.83,35
2007,12,12,16,N,2,mineral,0.00,0.48,35
2007,12,12,16,N,2,organic,0.00,-3.48,35
2007,12,12,17,HN,4,mineral,0.00,-2.90,35
2007,12,12,17,HN,4,organic,0.00,-1.76,35
2007,12,12,18,H,4,mineral,1.66,-0.20,35
2007,12,12,19,C,5,mineral,0.00,2.85,35
2007,12,12,19,C,5,organic,0.00,1.66,35
2007,12,12,21,N,3,organic,0.00,2.78,35
2007,12,12,22,H,6,mineral,0.00,4.26,35
2007,12,12,22,H,6,organic,0.00,-0.40,35
2007,12,12,23,N,6,organic,0.00,-5.22,35
2007,12,12,24,C,1,organic,1.54,2.96,35
2008,1,16,1,C,4,mineral,0.00,15.53,43
2008,1,16,1,C,4,organic,0.00,39.87,43
2008,1,16,2,H,3,mineral,0.00,16.94,43
2008,1,16,2,H,3,organic,0.00,16.80,43
2008,1,16,3,HN,6,mineral,0.00,16.33,43
2008,1,16,3,HN,6,organic,0.00,35.15,43
2008,1,16,4,HN,3,mineral,0.00,6.19,43
2008,1,16,5,H,5,organic,0.00,18.33,43
2008,1,16,7,HN,5,mineral,0.00,14.51,43
2008,1,16,7,HN,5,organic,0.00,20.23,43
2008,1,16,8,H,2,mineral,0.00,14.71,43
2008,1,16,8,H,2,organic,0.00,53.38,43
2008,1,16,9,N,5,mineral,0.00,15.82,43
2008,1,16,9,N,5,organic,0.00,31.51,43
2008,1,16,10,HN,1,mineral,0.00,40.11,43
2008,1,16,10,HN,1,organic,0.00,67.84,43
2008,1,16,11,N,4,mineral,0.00,12.03,43
2008,1,16,11,N,4,organic,0.00,40.39,43
2008,1,16,12,C,2,mineral,0.00,7.18,43
2008,1,16,12,C,2,organic,0.00,16.50,43
2008,1,16,13,H,1,mineral,0.00,23.48,43
2008,1,16,13,H,1,organic,0.00,81.31,43
2008,1,16,14,C,3,organic,0.00,31.44,43
2008,1,16,15,HN,2,mineral,0.00,10.01,43
2008,1,16,15,HN,2,organic,0.00,27.49,43
2008,1,16,16,N,2,mineral,0.00,17.78,43
2008,1,16,16,N,2,organic,0.00,30.51,43
2008,1,16,17,HN,4,mineral,0.00,29.99,43
2008,1,16,18,H,4,mineral,0.00,15.62,43
2008,1,16,18,H,4,organic,0.00,49.08,43
2008,1,16,19,C,5,mineral,0.00,12.47,43
2008,1,16,20,C,6,organic,0.00,24.64,43
2008,1,16,21,N,3,mineral,0.00,16.87,43
2008,1,16,21,N,3,organic,0.00,44.16,43
2008,1,16,22,H,6,mineral,0.00,25.32,43
2008,1,16,22,H,6,organic,0.00,-11.87,43
2008,1,16,23,N,6,mineral,0.00,11.36,43
2008,1,16,23,N,6,organic,0.00,5.24,43
2008,1,16,24,C,1,mineral,0.00,19.51,43
2008,1,16,24,C,1,organic,0.00,57.95,43
2008,2,28,1,C,4,mineral,0.00,-0.43,29
2008,2,28,1,C,4,organic,0.00,-4.70,29
2008,2,28,2,H,3,mineral,0.00,0.29,29
2008,2,28,2,H,3,organic,3.16,29.06,29
2008,2,28,3,HN,6,mineral,0.00,-4.61,29
2008,2,28,3,HN,6,organic,0.00,-5.89,29
2008,2,28,4,HN,3,mineral,0.00,-0.81,29
2008,2,28,5,H,5,organic,0.00,-5.99,29
2008,2,28,7,HN,5,mineral,0.00,-1.09,29
2008,2,28,7,HN,5,organic,0.00,-1.33,29
2008,2,28,8,H,2,mineral,0.00,-1.15,29
2008,2,28,8,H,2,organic,0.00,-3.40,29
2008,2,28,9,N,5,organic,0.00,-8.40,29
2008,2,28,10,HN,1,mineral,0.00,3.77,29
2008,2,28,10,HN,1,organic,0.00,13.61,29
2008,2,28,11,N,4,mineral,2.04,-2.57,29
2008,2,28,11,N,4,organic,3.82,-16.58,29
2008,2,28,12,C,2,mineral,0.00,-0.60,29
2008,2,28,12,C,2,organic,0.00,1.55,29
2008,2,28,13,H,1,mineral,0.00,3.87,29
2008,2,28,13,H,1,organic,0.00,-4.34,29
2008,2,28,14,C,3,organic,3.72,3.95,29
2008,2,28,15,HN,2,mineral,0.00,6.15,29
2008,2,28,15,HN,2,organic,0.00,6.23,29
2008,2,28,16,N,2,organic,3.20,8.32,29
2008,2,28,17,HN,4,mineral,0.00,-1.04,29
2008,2,28,17,HN,4,organic,0.00,-21.65,29
2008,2,28,18,H,4,mineral,0.00,-2.02,29
2008,2,28,18,H,4,organic,0.00,-8.19,29
2008,2,28,19,C,5,mineral,0.00,-3.65,29
2008,2,28,20,C,6,mineral,0.00,-0.22,29
2008,2,28,20,C,6,mineral,0.00,-5.28,29
2008,2,28,20,C,6,organic,0.00,-4.65,29
2008,2,28,21,N,3,mineral,0.00,-1.43,29
2008,2,28,22,H,6,mineral,0.00,-1.80,29
2008,2,28,22,H,6,mineral,0.00,-1.95,29
2008,2,28,22,H,6,organic,0.00,-1.67,29
2008,2,28,23,N,6,mineral,0.00,1.30,29
2008,2,28,23,N,6,mineral,0.00,-0.23,29
2008,2,28,23,N,6,organic,0.00,-4.25,29
2008,2,28,24,C,1,mineral,0.00,0.10,29
2008,2,28,24,C,1,organic,0.00,-9.02,29
2008,3,28,1,C,4,mineral,0.00,0.73,25
2008,3,28,1,C,4,organic,0.00,-0.05,25
2008,3,28,2,H,3,mineral,0.00,0.83,25
2008,3,28,2,H,3,organic,0.00,1.94,25
2008,3,28,3,HN,6,mineral,0.00,1.56,25
2008,3,28,3,HN,6,organic,0.00,-0.76,25
2008,3,28,4,HN,3,mineral,0.00,1.78,25
2008,3,28,5,H,5,mineral,0.00,0.36,25
2008,3,28,5,H,5,organic,0.00,-1.23,25
2008,3,28,6,N,1,mineral,0.00,-1.28,25
2008,3,28,6,N,1,organic,0.00,-0.82,25
2008,3,28,7,HN,5,mineral,0.00,1.87,25
2008,3,28,8,H,2,mineral,0.00,0.00,25
2008,3,28,8,H,2,organic,0.00,-3.19,25
2008,3,28,9,N,5,mineral,0.00,1.78,25
2008,3,28,9,N,5,organic,0.00,1.90,25
2008,3,28,10,HN,1,mineral,0.00,1.63,25
2008,3,28,10,HN,1,organic,0.00,0.54,25
2008,3,28,11,N,4,organic,0.00,10.62,25
2008,3,28,12,C,2,mineral,0.00,-48.83,25
2008,3,28,13,H,1,mineral,0.00,2.04,25
2008,3,28,13,H,1,organic,0.00,1.43,25
2008,3,28,14,C,3,organic,0.00,12.62,25
2008,3,28,16,N,2,organic,0.00,11.17,25
2008,3,28,17,HN,4,mineral,0.00,14.22,25
2008,3,28,17,HN,4,organic,0.00,1.35,25
2008,3,28,18,H,4,mineral,0.00,0.78,25
2008,3,28,19,C,5,mineral,0.00,1.89,25
2008,3,28,19,C,5,organic,0.00,-1.14,25
2008,3,28,20,C,6,mineral,0.00,0.00,25
2008,3,28,20,C,6,organic,0.00,-25.83,25
2008,3,28,21,N,3,mineral,0.00,1.12,25
2008,3,28,21,N,3,organic,0.00,-54.45,25
2008,3,28,22,H,6,mineral,0.00,2.07,25
2008,3,28,22,H,6,organic,0.00,-9.92,25
2008,3,28,23,N,6,mineral,0.00,2.09,25
2008,3,28,23,N,6,organic,0.00,-2.11,25
2008,3,28,24,C,1,mineral,0.00,1.12,25
2008,3,28,24,C,1,organic,0.00,5.29,25
2008,4,22,1,C,4,mineral,0.00,4.60,37
2008,4,22,1,C,4,organic,0.00,8.53,37
2008,4,22,2,H,3,mineral,0.00,10.85,37
2008,4,22,2,H,3,organic,0.00,42.02,37
2008,4,22,3,HN,6,mineral,0.00,9.50,37
2008,4,22,3,HN,6,organic,0.00,29.91,37
2008,4,22,4,HN,3,mineral,0.00,12.52,37
2008,4,22,4,HN,3,organic,0.00,40.01,37
2008,4,22,5,H,5,mineral,0.00,11.32,37
2008,4,22,5,H,5,organic,0.00,50.25,37
2008,4,22,6,N,1,mineral,0.00,8.97,37
2008,4,22,6,N,1,organic,0.00,15.69,37
2008,4,22,7,HN,5,mineral,0.00,24.08,37
2008,4,22,7,HN,5,organic,0.00,40.91,37
2008,4,22,8,H,2,mineral,0.00,15.16,37
2008,4,22,8,H,2,organic,0.00,38.55,37
2008,4,22,9,N,5,mineral,0.00,29.32,37
2008,4,22,9,N,5,organic,0.00,38.90,37
2008,4,22,10,HN,1,mineral,0.00,21.59,37
2008,4,22,10,HN,1,organic,0.00,60.40,37
2008,4,22,11,N,4,mineral,0.00,20.70,37
2008,4,22,11,N,4,organic,0.00,44.31,37
2008,4,22,12,C,2,mineral,0.00,3.75,37
2008,4,22,12,C,2,organic,0.00,21.80,37
2008,4,22,13,H,1,mineral,0.00,26.18,37
2008,4,22,13,H,1,organic,0.00,91.49,37
2008,4,22,14,C,3,mineral,0.00,7.70,37
2008,4,22,14,C,3,organic,0.00,26.50,37
2008,4,22,15,HN,2,mineral,0.00,19.85,37
2008,4,22,15,HN,2,organic,0.00,35.96,37
2008,4,22,16,N,2,mineral,0.00,9.04,37
2008,4,22,16,N,2,organic,0.00,21.22,37
2008,4,22,17,HN,4,mineral,0.00,14.97,37
2008,4,22,17,HN,4,organic,0.00,77.02,37
2008,4,22,19,C,5,mineral,0.00,2.85,37
2008,4,22,20,C,6,organic,0.00,8.61,37
2008,4,22,21,N,3,mineral,0.00,14.21,37
2008,4,22,21,N,3,organic,0.00,8.76,37
2008,4,22,22,H,6,organic,0.00,59.81,37
2008,4,22,23,N,6,mineral,0.00,5.95,37
2008,4,22,23,N,6,organic,0.00,2.07,37
2008,4,22,24,C,1,mineral,0.00,7.43,37
2008,4,22,24,C,1,organic,0.00,40.63,37
2008,5,29,1,C,4,mineral,0.00,17.56,25
2008,5,29,1,C,4,organic,0.00,20.65,25
2008,5,29,2,H,3,mineral,0.00,18.25,25
2008,5,29,2,H,3,organic,0.00,53.05,25
2008,5,29,3,HN,6,mineral,0.00,10.48,25
2008,5,29,3,HN,6,organic,1.05,32.22,25
2008,5,29,4,HN,3,mineral,0.00,7.32,25
2008,5,29,4,HN,3,organic,0.00,27.21,25
2008,5,29,5,H,5,mineral,0.00,13.86,25
2008,5,29,5,H,5,organic,1.88,34.84,25
2008,5,29,6,N,1,mineral,1.92,2.97,25
2008,5,29,6,N,1,organic,0.00,23.44,25
2008,5,29,7,HN,5,mineral,0.00,21.57,25
2008,5,29,7,HN,5,organic,1.54,64.95,25
2008,5,29,8,H,2,mineral,0.00,10.47,25
2008,5,29,8,H,2,organic,0.00,38.37,25
2008,5,29,9,N,5,mineral,0.00,16.19,25
2008,5,29,9,N,5,organic,1.97,41.72,25
2008,5,29,10,HN,1,mineral,0.00,23.18,25
2008,5,29,10,HN,1,organic,0.00,133.98,25
2008,5,29,10,HN,1,organic,0.00,134.22,25
2008,5,29,11,N,4,mineral,0.00,1.12,25
2008,5,29,11,N,4,organic,0.00,47.46,25
2008,5,29,12,C,2,mineral,2.25,3.53,25
2008,5,29,12,C,2,organic,0.00,13.82,25
2008,5,29,13,H,1,mineral,0.00,16.99,25
2008,5,29,14,C,3,mineral,0.00,4.91,25
2008,5,29,14,C,3,organic,0.00,23.16,25
2008,5,29,17,HN,4,mineral,0.00,12.97,25
2008,5,29,17,HN,4,organic,0.00,47.84,25
2008,5,29,18,H,4,mineral,0.00,32.41,25
2008,5,29,18,H,4,organic,0.00,32.63,25
2008,5,29,19,C,5,mineral,0.00,1.83,25
2008,5,29,19,C,5,organic,1.09,15.16,25
2008,5,29,20,C,6,mineral,0.00,8.63,25
2008,5,29,20,C,6,mineral,0.00,8.74,25
2008,5,29,21,N,3,mineral,0.00,19.20,25
2008,5,29,21,N,3,organic,0.00,167.99,25
2008,5,29,22,H,6,mineral,0.00,9.44,25
2008,5,29,22,H,6,organic,1.94,59.89,25
2008,5,29,23,N,6,mineral,0.00,6.36,25
2008,5,29,23,N,6,organic,0.00,6.85,25
2008,5,29,24,C,1,mineral,0.00,13.05,25
2008,5,29,24,C,1,organic,0.00,31.75,25
2008,6,23,1,C,4,mineral,0.00,10.88,31
2008,6,23,1,C,4,organic,0.00,11.49,31
2008,6,23,3,HN,6,mineral,0.00,30.31,31
2008,6,23,3,HN,6,organic,1.41,136.41,31
2008,6,23,4,HN,3,mineral,0.00,21.92,31
2008,6,23,4,HN,3,organic,0.00,47.88,31
2008,6,23,5,H,5,mineral,0.00,23.37,31
2008,6,23,5,H,5,organic,2.70,100.74,31
2008,6,23,6,N,1,mineral,3.32,25.36,31
2008,6,23,6,N,1,organic,0.00,55.97,31
2008,6,23,7,HN,5,mineral,0.00,11.59,31
2008,6,23,7,HN,5,organic,2.55,22.11,31
2008,6,23,8,H,2,mineral,0.00,70.48,31
2008,6,23,8,H,2,organic,0.00,77.76,31
2008,6,23,9,N,5,mineral,0.00,10.43,31
2008,6,23,9,N,5,organic,3.43,26.25,31
2008,6,23,10,HN,1,mineral,0.00,28.17,31
2008,6,23,10,HN,1,organic,0.00,232.59,31
2008,6,23,11,N,4,mineral,0.00,27.56,31
2008,6,23,11,N,4,organic,0.00,212.44,31
2008,6,23,12,C,2,mineral,0.00,17.07,31
2008,6,23,12,C,2,organic,0.00,38.05,31
2008,6,23,13,H,1,mineral,0.00,51.88,31
2008,6,23,13,H,1,organic,0.00,173.43,31
2008,6,23,14,C,3,mineral,0.00,19.01,31
2008,6,23,14,C,3,organic,0.00,53.57,31
2008,6,23,15,HN,2,mineral,0.00,12.34,31
2008,6,23,15,HN,2,organic,0.00,10.18,31
2008,6,23,16,N,2,mineral,0.00,19.68,31
2008,6,23,16,N,2,organic,0.00,165.20,31
2008,6,23,17,HN,4,mineral,0.00,8.03,31
2008,6,23,17,HN,4,organic,0.00,29.70,31
2008,6,23,18,H,4,mineral,0.00,10.90,31
2008,6,23,19,C,5,mineral,0.00,20.04,31
2008,6,23,19,C,5,organic,1.45,36.25,31
2008,6,23,20,C,6,mineral,0.00,9.91,31
2008,6,23,20,C,6,organic,2.18,24.79,31
2008,6,23,21,N,3,mineral,0.00,12.92,31
2008,6,23,21,N,3,organic,0.00,58.94,31
2008,6,23,22,H,6,mineral,0.00,15.01,31
2008,6,23,22,H,6,organic,1.61,11.73,31
2008,6,23,23,N,6,mineral,0.00,15.73,31
2008,6,23,23,N,6,organic,3.25,22.33,31
2008,6,23,24,C,1,mineral,0.00,18.75,31
2008,6,23,24,C,1,organic,0.00,52.32,31
2008,7,24,1,C,4,mineral,0.00,9.58,32
2008,7,24,1,C,4,organic,0.00,40.39,32
2008,7,24,2,H,3,organic,0.00,18.45,32
2008,7,24,3,HN,6,mineral,0.00,12.25,32
2008,7,24,3,HN,6,organic,0.00,9.40,32
2008,7,24,4,HN,3,mineral,0.00,17.93,32
2008,7,24,4,HN,3,organic,0.00,145.27,32
2008,7,24,6,N,1,mineral,0.00,30.09,32
2008,7,24,6,N,1,organic,0.00,31.07,32
2008,7,24,7,HN,5,mineral,0.00,12.34,32
2008,7,24,7,HN,5,organic,0.00,36.57,32
2008,7,24,8,H,2,mineral,0.00,16.37,32
2008,7,24,8,H,2,organic,0.00,48.89,32
2008,7,24,9,N,5,mineral,0.00,18.56,32
2008,7,24,9,N,5,organic,0.00,42.57,32
2008,7,24,10,HN,1,mineral,0.00,43.33,32
2008,7,24,10,HN,1,organic,0.00,221.32,32
2008,7,24,11,N,4,mineral,0.00,7.65,32
2008,7,24,11,N,4,organic,0.00,29.13,32
2008,7,24,12,C,2,mineral,0.00,2.76,32
2008,7,24,12,C,2,organic,0.00,14.03,32
2008,7,24,13,H,1,mineral,0.00,14.32,32
2008,7,24,13,H,1,organic,5.46,267.49,32
2008,7,24,14,C,3,mineral,0.00,11.95,32
2008,7,24,14,C,3,organic,0.00,45.31,32
2008,7,24,15,HN,2,mineral,6.15,4.65,32
2008,7,24,15,HN,2,organic,-2.17,4.30,32
2008,7,24,16,N,2,mineral,0.00,17.05,32
2008,7,24,16,N,2,organic,0.00,60.19,32
2008,7,24,17,HN,4,mineral,0.00,30.57,32
2008,7,24,17,HN,4,organic,0.00,221.76,32
2008,7,24,18,H,4,mineral,6.29,12.55,32
2008,7,24,18,H,4,organic,0.00,154.42,32
2008,7,24,19,C,5,mineral,0.00,14.36,32
2008,7,24,19,C,5,organic,0.00,34.55,32
2008,7,24,20,C,6,organic,0.00,18.03,32
2008,7,24,21,N,3,mineral,0.00,17.17,32
2008,7,24,21,N,3,organic,0.00,117.09,32
2008,7,24,22,H,6,mineral,0.00,15.13,32
2008,7,24,22,H,6,organic,0.00,26.34,32
2008,7,24,23,N,6,mineral,0.00,7.39,32
2008,7,24,23,N,6,organic,0.00,26.16,32
2008,7,24,24,C,1,mineral,0.00,16.31,32
2008,7,24,24,C,1,organic,0.00,124.54,32
2008,8,25,1,C,4,mineral,0.00,3.89,31
2008,8,25,1,C,4,organic,0.00,0.57,31
2008,8,25,2,H,3,mineral,0.00,2.47,31
2008,8,25,2,H,3,organic,0.00,26.93,31
2008,8,25,3,HN,6,mineral,0.00,22.39,31
2008,8,25,3,HN,6,organic,0.00,29.24,31
2008,8,25,4,HN,3,mineral,0.00,8.22,31
2008,8,25,4,HN,3,organic,0.00,39.72,31
2008,8,25,5,H,5,mineral,0.00,9.49,31
2008,8,25,5,H,5,organic,0.00,27.99,31
2008,8,25,6,N,1,NA,0.00,6.58,31
2008,8,25,6,N,1,organic,0.00,21.01,31
2008,8,25,7,HN,5,mineral,0.00,33.40,31
2008,8,25,7,HN,5,organic,0.00,27.41,31
2008,8,25,8,H,2,mineral,0.00,1.45,31
2008,8,25,8,H,2,organic,0.00,19.83,31
2008,8,25,9,N,5,organic,0.00,29.50,31
2008,8,25,10,HN,1,mineral,0.00,8.79,31
2008,8,25,10,HN,1,organic,0.00,101.73,31
2008,8,25,11,N,4,NA,0.00,10.05,31
2008,8,25,11,N,4,organic,0.00,2.17,31
2008,8,25,12,C,2,mineral,0.00,3.13,31
2008,8,25,13,H,1,mineral,0.00,19.49,31
2008,8,25,13,H,1,organic,0.00,195.16,31
2008,8,25,14,C,3,mineral,0.00,26.92,31
2008,8,25,14,C,3,organic,0.00,33.23,31
2008,8,25,15,HN,2,mineral,0.00,7.35,31
2008,8,25,16,N,2,NA,0.00,11.42,31
2008,8,25,16,N,2,organic,0.00,28.67,31
2008,8,25,17,HN,4,mineral,0.00,17.43,31
2008,8,25,17,HN,4,organic,0.00,43.76,31
2008,8,25,18,H,4,mineral,0.75,4.92,31
2008,8,25,18,H,4,organic,0.00,6.04,31
2008,8,25,19,C,5,mineral,0.00,6.06,31
2008,8,25,19,C,5,organic,0.00,14.98,31
2008,8,25,20,C,6,organic,0.00,38.15,31
2008,8,25,21,N,3,NA,0.00,6.07,31
2008,8,25,21,N,3,organic,0.00,21.20,31
2008,8,25,22,H,6,mineral,0.00,12.35,31
2008,8,25,22,H,6,organic,0.00,30.86,31
2008,8,25,23,N,6,NA,0.00,9.10,31
2008,8,25,24,C,1,mineral,0.00,12.93,31
2008,8,25,24,C,1,organic,0.00,28.17,31
2008,9,25,1,C,4,mineral,0.00,14.90,18
2008,9,25,1,C,4,organic,0.00,0.99,18
2008,9,25,2,H,3,organic,0.00,18.11,18
2008,9,25,3,HN,6,mineral,0.00,7.64,18
2008,9,25,3,HN,6,organic,0.00,54.50,18
2008,9,25,4,HN,3,mineral,0.00,5.23,18
2008,9,25,5,H,5,mineral,0.00,8.64,18
2008,9,25,5,H,5,organic,0.00,8.98,18
2008,9,25,6,N,1,mineral,0.00,3.31,18
2008,9,25,6,N,1,organic,0.00,2.49,18
2008,9,25,7,HN,5,mineral,0.00,5.46,18
2008,9,25,7,HN,5,organic,0.00,11.08,18
2008,9,25,8,H,2,mineral,0.00,5.53,18
2008,9,25,8,H,2,organic,0.00,14.63,18
2008,9,25,9,N,5,mineral,0.00,0.45,18
2008,9,25,9,N,5,organic,0.00,4.27,18
2008,9,25,10,HN,1,mineral,0.00,10.03,18
2008,9,25,10,HN,1,organic,0.00,36.07,18
2008,9,25,11,N,4,mineral,0.00,6.01,18
2008,9,25,12,C,2,mineral,0.00,-1.69,18
2008,9,25,12,C,2,organic,0.00,5.80,18
2008,9,25,13,H,1,mineral,0.00,3.73,18
2008,9,25,13,H,1,organic,0.00,7.55,18
2008,9,25,14,C,3,organic,0.00,4.29,18
2008,9,25,15,HN,2,mineral,0.00,1.25,18
2008,9,25,15,HN,2,organic,0.00,9.97,18
2008,9,25,16,N,2,mineral,0.00,2.15,18
2008,9,25,16,N,2,organic,0.00,6.54,18
2008,9,25,17,HN,4,mineral,0.00,4.62,18
2008,9,25,17,HN,4,organic,0.00,8.06,18
2008,9,25,18,H,4,mineral,0.00,4.35,18
2008,9,25,18,H,4,organic,0.00,25.88,18
2008,9,25,19,C,5,mineral,0.00,2.16,18
2008,9,25,19,C,5,organic,0.00,6.53,18
2008,9,25,20,C,6,mineral,0.00,1.22,18
2008,9,25,20,C,6,organic,0.00,23.80,18
2008,9,25,21,N,3,mineral,0.00,3.38,18
2008,9,25,21,N,3,organic,3.56,2.61,18
2008,9,25,22,H,6,mineral,0.00,6.25,18
2008,9,25,22,H,6,organic,0.00,35.07,18
2008,9,25,23,N,6,mineral,0.00,1.83,18
2008,9,25,23,N,6,organic,0.00,3.55,18
2008,9,25,24,C,1,mineral,0.00,2.19,18
2008,9,25,24,C,1,organic,0.00,12.98,18
2008,10,13,1,C,4,mineral,0.00,3.32,63
2008,10,13,1,C,4,organic,0.00,22.42,63
2008,10,13,2,H,3,mineral,0.00,6.18,63
2008,10,13,2,H,3,organic,0.00,34.59,63
2008,10,13,2,H,3,organic,0.00,34.59,63
2008,10,13,2,H,3,organic,0.00,35.13,63
2008,10,13,2,H,3,organic,0.00,35.13,63
2008,10,13,3,HN,6,mineral,0.00,10.76,63
2008,10,13,3,HN,6,organic,0.00,23.91,63
2008,10,13,4,HN,3,mineral,0.00,7.86,63
2008,10,13,4,HN,3,organic,0.00,28.54,63
2008,10,13,5,H,5,mineral,0.00,6.40,63
2008,10,13,5,H,5,organic,0.00,21.73,63
2008,10,13,6,N,1,mineral,1.22,3.42,63
2008,10,13,6,N,1,organic,0.00,54.51,63
2008,10,13,7,HN,5,mineral,0.00,3.10,63
2008,10,13,7,HN,5,organic,0.00,70.28,63
2008,10,13,8,H,2,mineral,0.00,1.41,63
2008,10,13,8,H,2,organic,0.00,10.03,63
2008,10,13,9,N,5,mineral,0.00,3.85,63
2008,10,13,9,N,5,organic,0.00,25.15,63
2008,10,13,10,HN,1,mineral,0.00,9.76,63
2008,10,13,10,HN,1,organic,0.00,65.36,63
2008,10,13,11,N,4,mineral,0.00,4.27,63
2008,10,13,11,N,4,organic,0.00,11.60,63
2008,10,13,12,C,2,mineral,0.00,0.00,63
2008,10,13,12,C,2,organic,0.00,0.60,63
2008,10,13,13,H,1,mineral,0.00,10.36,63
2008,10,13,13,H,1,organic,0.00,47.95,63
2008,10,13,14,C,3,mineral,0.00,0.97,63
2008,10,13,14,C,3,organic,0.00,-0.33,63
2008,10,13,15,HN,2,mineral,0.00,4.56,63
2008,10,13,15,HN,2,organic,0.00,20.08,63
2008,10,13,16,N,2,mineral,0.00,8.64,63
2008,10,13,16,N,2,organic,0.00,57.81,63
2008,10,13,17,HN,4,mineral,0.00,12.67,63
2008,10,13,17,HN,4,organic,0.00,45.11,63
2008,10,13,18,H,4,mineral,0.00,15.74,63
2008,10,13,18,H,4,organic,0.00,110.22,63
2008,10,13,19,C,5,mineral,0.00,1.61,63
2008,10,13,19,C,5,organic,0.00,0.18,63
2008,10,13,20,C,6,mineral,0.00,0.48,63
2008,10,13,20,C,6,organic,0.00,10.02,63
2008,10,13,21,N,3,mineral,0.00,2.96,63
2008,10,13,21,N,3,organic,0.00,33.60,63
2008,10,13,22,H,6,mineral,0.00,9.49,63
2008,10,13,23,N,6,mineral,0.00,3.73,63
2008,10,13,23,N,6,organic,0.00,18.85,63
2008,10,13,24,C,1,mineral,0.00,9.58,63
2008,10,13,24,C,1,organic,0.00,47.70,63
2009,1,28,1,C,4,mineral,-0.92,-6.21,26
2009,1,28,1,C,4,organic,-1.63,1.83,26
2009,1,28,2,H,3,mineral,0.00,-3.59,26
2009,1,28,2,H,3,organic,-2.59,-20.31,26
2009,1,28,3,HN,6,mineral,0.09,-1.75,26
2009,1,28,3,HN,6,organic,0.00,-4.84,26
2009,1,28,4,HN,3,mineral,0.00,-2.81,26
2009,1,28,4,HN,3,organic,-2.43,-7.20,26
2009,1,28,5,H,5,mineral,-0.93,-9.34,26
2009,1,28,5,H,5,organic,-1.39,-3.31,26
2009,1,28,6,N,1,mineral,0.00,-2.15,26
2009,1,28,6,N,1,organic,0.00,-8.12,26
2009,1,28,7,HN,5,mineral,-1.06,-12.02,26
2009,1,28,7,HN,5,organic,-2.32,-0.45,26
2009,1,28,8,H,2,mineral,0.00,-1.89,26
2009,1,28,8,H,2,organic,-1.74,-9.03,26
2009,1,28,10,HN,1,mineral,0.00,-1.34,26
2009,1,28,10,HN,1,organic,0.00,1.33,26
2009,1,28,11,N,4,mineral,-0.93,-10.15,26
2009,1,28,11,N,4,organic,-1.37,-0.39,26
2009,1,28,12,C,2,mineral,0.00,-5.32,26
2009,1,28,12,C,2,organic,-2.52,-4.85,26
2009,1,28,13,H,1,mineral,0.00,-1.52,26
2009,1,28,13,H,1,organic,-1.55,-3.32,26
2009,1,28,14,C,3,mineral,0.00,-3.30,26
2009,1,28,14,C,3,organic,-2.39,-4.22,26
2009,1,28,15,HN,2,mineral,0.00,-3.79,26
2009,1,28,15,HN,2,organic,-1.48,-3.88,26
2009,1,28,16,N,2,mineral,0.00,-4.49,26
2009,1,28,16,N,2,organic,-3.85,-29.20,26
2009,1,28,17,HN,4,mineral,-1.11,-10.72,26
2009,1,28,17,HN,4,organic,-1.96,-12.26,26
2009,1,28,18,H,4,mineral,-0.99,-11.11,26
2009,1,28,18,H,4,organic,-1.92,-6.30,26
2009,1,28,19,C,5,mineral,-0.98,-5.62,26
2009,1,28,19,C,5,organic,-3.08,-9.46,26
2009,1,28,20,C,6,mineral,-2.74,-14.88,26
2009,1,28,20,C,6,organic,0.00,-3.53,26
2009,1,28,21,N,3,mineral,-2.34,-6.04,26
2009,1,28,21,N,3,organic,-1.68,-3.93,26
2009,1,28,22,H,6,mineral,0.00,0.82,26
2009,1,28,22,H,6,organic,0.00,-9.05,26
2009,2,23,1,C,4,mineral,0.00,0.67,30
2009,2,23,2,H,3,mineral,0.00,0.00,30
2009,2,23,2,H,3,organic,0.00,5.96,30
2009,2,23,3,HN,6,mineral,0.00,4.00,30
2009,2,23,4,HN,3,mineral,0.00,0.00,30
2009,2,23,4,HN,3,organic,0.00,3.25,30
2009,2,23,5,H,5,mineral,0.00,0.00,30
2009,2,23,6,N,1,mineral,0.00,0.00,30
2009,2,23,6,N,1,organic,0.00,8.12,30
2009,2,23,7,HN,5,mineral,0.00,0.00,30
2009,2,23,7,HN,5,organic,0.00,3.70,30
2009,2,23,8,H,2,mineral,0.00,0.00,30
2009,2,23,8,H,2,organic,0.00,0.00,30
2009,2,23,10,HN,1,mineral,0.00,-0.99,30
2009,2,23,10,HN,1,organic,0.00,6.64,30
2009,2,23,11,N,4,mineral,0.00,0.00,30
2009,2,23,13,H,1,mineral,0.00,0.00,30
2009,2,23,13,H,1,organic,0.00,1.52,30
2009,2,23,14,C,3,mineral,0.00,2.33,30
2009,2,23,14,C,3,organic,0.00,0.00,30
2009,2,23,15,HN,2,organic,0.00,-1.01,30
2009,2,23,16,N,2,mineral,0.00,0.00,30
2009,2,23,16,N,2,organic,0.00,-9.04,30
2009,2,23,17,HN,4,mineral,0.00,0.00,30
2009,2,23,17,HN,4,organic,0.00,-2.38,30
2009,2,23,18,H,4,mineral,0.00,0.00,30
2009,2,23,18,H,4,organic,0.00,0.53,30
2009,2,23,19,C,5,mineral,0.00,1.34,30
2009,2,23,19,C,5,organic,0.00,1.15,30
2009,2,23,20,C,6,mineral,0.00,2.76,30
2009,2,23,20,C,6,organic,0.00,11.13,30
2009,2,23,21,N,3,mineral,0.00,0.00,30
2009,2,23,21,N,3,organic,0.00,-1.96,30
2009,2,23,22,H,6,mineral,0.00,5.31,30
2009,2,23,22,H,6,organic,0.00,3.66,30
2009,3,25,1,C,4,mineral,0.00,5.67,33
2009,3,25,1,C,4,organic,0.00,20.33,33
2009,3,25,3,HN,6,mineral,0.00,2.84,33
2009,3,25,4,HN,3,mineral,0.00,4.50,33
2009,3,25,4,HN,3,organic,0.00,26.07,33
2009,3,25,5,H,5,mineral,0.00,5.75,33
2009,3,25,5,H,5,organic,0.00,30.11,33
2009,3,25,6,N,1,mineral,0.00,4.22,33
2009,3,25,6,N,1,organic,0.00,6.07,33
2009,3,25,7,HN,5,mineral,0.00,5.45,33
2009,3,25,7,HN,5,organic,0.00,10.47,33
2009,3,25,8,H,2,mineral,0.00,6.75,33
2009,3,25,8,H,2,organic,0.00,28.16,33
2009,3,25,9,N,5,mineral,0.00,8.17,33
2009,3,25,9,N,5,organic,0.00,10.58,33
2009,3,25,10,HN,1,organic,0.00,24.14,33
2009,3,25,11,N,4,mineral,0.00,6.95,33
2009,3,25,11,N,4,organic,0.00,31.98,33
2009,3,25,12,C,2,mineral,0.00,2.39,33
2009,3,25,12,C,2,organic,0.00,10.65,33
2009,3,25,13,H,1,mineral,0.00,9.61,33
2009,3,25,13,H,1,organic,0.00,25.24,33
2009,3,25,14,C,3,mineral,0.00,0.00,33
2009,3,25,14,C,3,organic,0.00,28.03,33
2009,3,25,15,HN,2,mineral,0.00,7.22,33
2009,3,25,15,HN,2,mineral,0.00,7.22,33
2009,3,25,15,HN,2,organic,0.00,21.84,33
2009,3,25,16,N,2,mineral,0.00,3.38,33
2009,3,25,16,N,2,organic,0.00,7.15,33
2009,3,25,17,HN,4,mineral,0.00,7.34,33
2009,3,25,17,HN,4,organic,0.00,23.25,33
2009,3,25,18,H,4,mineral,0.00,2.91,33
2009,3,25,18,H,4,organic,0.00,10.17,33
2009,3,25,19,C,5,mineral,0.00,2.75,33
2009,3,25,19,C,5,organic,0.00,10.85,33
2009,3,25,20,C,6,mineral,0.00,2.40,33
2009,3,25,21,N,3,mineral,0.00,3.76,33
2009,3,25,21,N,3,organic,0.00,16.32,33
2009,3,25,22,H,6,mineral,0.00,15.41,33
2009,3,25,22,H,6,organic,0.00,15.49,33
2009,3,25,23,N,6,mineral,-0.31,1.33,33
2009,3,25,24,C,1,organic,0.00,26.05,33
2009,3,25,24,C,1,organic,0.00,46.09,33
2009,4,27,1,C,4,mineral,0.00,7.29,23
2009,4,27,1,C,4,organic,1.60,5.72,23
2009,4,27,2,H,3,mineral,0.00,4.99,23
2009,4,27,2,H,3,organic,0.00,10.63,23
2009,4,27,3,HN,6,mineral,0.00,8.34,23
2009,4,27,3,HN,6,organic,1.60,15.15,23
2009,4,27,4,HN,3,mineral,0.00,14.05,23
2009,4,27,4,HN,3,organic,1.53,50.01,23
2009,4,27,5,H,5,mineral,0.00,11.77,23
2009,4,27,5,H,5,organic,0.94,16.73,23
2009,4,27,6,N,1,mineral,0.00,13.91,23
2009,4,27,6,N,1,organic,0.00,5.81,23
2009,4,27,7,HN,5,mineral,0.00,19.64,23
2009,4,27,7,HN,5,organic,0.00,32.45,23
2009,4,27,8,H,2,mineral,0.00,8.80,23
2009,4,27,8,H,2,organic,1.34,23.09,23
2009,4,27,9,N,5,mineral,0.00,8.64,23
2009,4,27,9,N,5,organic,1.22,22.35,23
2009,4,27,10,HN,1,mineral,0.00,12.24,23
2009,4,27,10,HN,1,organic,1.58,3.64,23
2009,4,27,11,N,4,mineral,0.00,6.86,23
2009,4,27,12,C,2,mineral,0.00,0.20,23
2009,4,27,12,C,2,organic,0.00,-11.48,23
2009,4,27,13,H,1,mineral,0.00,15.83,23
2009,4,27,13,H,1,organic,0.00,24.89,23
2009,4,27,14,C,3,mineral,0.00,3.87,23
2009,4,27,14,C,3,organic,1.83,10.46,23
2009,4,27,15,HN,2,mineral,0.00,17.21,23
2009,4,27,15,HN,2,organic,1.76,35.81,23
2009,4,27,16,N,2,mineral,0.00,3.65,23
2009,4,27,16,N,2,organic,1.58,2.92,23
2009,4,27,17,HN,4,mineral,0.00,10.85,23
2009,4,27,17,HN,4,organic,1.93,22.03,23
2009,4,27,18,H,4,mineral,0.00,2.01,23
2009,4,27,18,H,4,organic,1.08,2.18,23
2009,4,27,19,C,5,mineral,0.00,7.18,23
2009,4,27,19,C,5,organic,1.66,6.13,23
2009,4,27,20,C,6,mineral,0.00,13.93,23
2009,4,27,20,C,6,organic,1.53,19.99,23
2009,4,27,21,N,3,mineral,0.00,10.96,23
2009,4,27,21,N,3,organic,1.44,28.97,23
2009,4,27,22,H,6,mineral,0.00,21.09,23
2009,4,27,22,H,6,organic,1.51,26.67,23
2009,4,27,23,N,6,mineral,0.08,13.34,23
2009,4,27,23,N,6,organic,1.44,12.51,23
2009,4,27,24,C,1,mineral,0.00,15.08,23
2009,4,27,24,C,1,organic,0.00,12.46,23
