year,site,transect,segment,diameter.mm,decay
2001,ems,1,1,28.9,3
2001,ems,1,2,54.88,3
2001,ems,1,3,23.35,2
2001,ems,1,3,21.46,2
2001,ems,1,4,29.4,2
2001,ems,1,5,22.7,2
2001,ems,1,6,45.36,4
2001,ems,1,6,25.21,1
2001,ems,1,6,26.57,2
2001,ems,1,6,20.7,2
2001,ems,1,7,41.36,5
2001,ems,1,7,22.87,4
2001,ems,1,8,61.98,3
2001,ems,1,8,22,1
2001,ems,1,8,72.6,3
2001,ems,1,9,21.3,3
2001,ems,1,10,31.12,3
2001,ems,1,10,27,2
2001,ems,1,11,24.7,2
2001,ems,1,11,26.9,1
2001,ems,1,12,0,0
2001,ems,1,13,22.75,2
2001,ems,1,13,63.99,5
2001,ems,1,14,25.3,4
2001,ems,1,15,33.8,2
2001,ems,1,15,22.7,2
2001,ems,1,15,32.8,4.5
2001,ems,2,1,61.03,3
2001,ems,2,1,42.1,2
2001,ems,2,1,44.4,2
2001,ems,2,2,39.6,4
2001,ems,2,2,31.6,3
2001,ems,2,2,41.6,5
2001,ems,2,2,46,5
2001,ems,2,3,57.5,3
2001,ems,2,3,58,2
2001,ems,2,3,40.7,3
2001,ems,2,3,23.2,2
2001,ems,2,4,30.8,2
2001,ems,2,4,30,4
2001,ems,2,4,25.7,3
2001,ems,2,4,39,3
2001,ems,2,4,27.6,3
2001,ems,2,4,26,3
2001,ems,2,4,55.8,3
2001,ems,2,4,21.5,3
2001,ems,2,4,26.1,2
2001,ems,2,4,24.6,2
2001,ems,2,5,30.5,4
2001,ems,2,5,31.1,2
2001,ems,2,5,70,3
2001,ems,2,5,36.3,3
2001,ems,2,5,69.2,5
2001,ems,2,6,47.3,5
2001,ems,2,6,34.9,3
2001,ems,2,6,34.6,3
2001,ems,2,6,54,4
2001,ems,2,6,58.3,5
2001,ems,2,7,27.1,3
2001,ems,2,7,27.3,3
2001,ems,2,7,25.9,3
2001,ems,2,8,58.1,2
2001,ems,2,8,24.9,2
2001,ems,2,9,34.3,3
2001,ems,2,9,57.5,3
2001,ems,2,9,28.2,2
2001,ems,2,10,31,4
2001,ems,2,10,25.1,2
2001,ems,2,11,29,3
2001,ems,2,11,28.3,3
2001,ems,2,11,23.6,4
2001,harv,1,1,25.9,1
2001,harv,1,1,43.8,1
2001,harv,1,1,26.7,3
2001,harv,1,1,32.9,1
2001,harv,1,1,25.4,1
2001,harv,1,1,31.1,2
2001,harv,1,1,23.1,2
2001,harv,1,2,32.6,3
2001,harv,1,2,47.4,3.5
2001,harv,1,2,34.2,1
2001,harv,1,2,24.1,3
2001,harv,1,2,28,2
2001,harv,1,2,28.4,4
2001,harv,1,2,29.4,1
2001,harv,1,2,54,3
2001,harv,1,2,42.8,5
2001,harv,1,2,54.5,3.5
2001,harv,1,2,32,1
2001,harv,1,2,25.3,5
2001,harv,1,3,27.4,2
2001,harv,1,3,21.9,3
2001,harv,1,3,27.7,3
2001,harv,1,3,48,3
2001,harv,1,3,26.4,1
2001,harv,1,3,29.4,1
2001,harv,1,3,22.8,1
2001,harv,1,3,22,1
2001,harv,1,3,32.2,1
2001,harv,1,3,31,3
2001,harv,1,3,30.4,1
2001,harv,1,3,36.4,1
2001,harv,1,3,36.1,1
2001,harv,1,3,23.9,1
2001,harv,1,3,37,1
2001,harv,1,3,28.5,1
2001,harv,1,4,32,4
2001,harv,1,4,35.8,3
2001,harv,1,4,32.2,3
2001,harv,1,4,23.8,3
2001,harv,1,4,62.3,3
2001,harv,1,4,23.4,3
2001,harv,1,4,35.8,3
2001,harv,1,4,52.4,2
2001,harv,1,5,24.5,1
2001,harv,1,5,32.3,4
2001,harv,1,5,27.3,4
2001,harv,1,5,41.4,4
2001,harv,1,5,59.1,3
2001,harv,1,5,32.4,2
2001,harv,1,5,38,2
2001,harv,1,5,28.4,2
2001,harv,1,5,28.2,1
2001,harv,1,5,50,3
2001,harv,1,5,43.8,1
2001,harv,1,5,29.4,1
2001,harv,1,5,35.1,3
2001,harv,1,5,32.2,1
2001,harv,1,5,29.2,1
2001,harv,1,5,27.1,1
2001,harv,1,5,32.6,1
2001,harv,1,6,22.3,2
2001,harv,1,6,31.9,1
2001,harv,1,6,55.2,1
2001,harv,1,6,44.5,1
2001,harv,1,6,33.6,1
2001,harv,1,6,27.4,1
2001,harv,1,6,25,1
2001,harv,1,6,65.2,1
2001,harv,1,6,55.2,2
2001,harv,1,6,71.8,3
2001,harv,1,6,28.1,1
2001,harv,1,6,60.1,4
2001,harv,1,6,24.9,4
2001,harv,1,6,26.9,1
2001,harv,1,6,38,1
2001,harv,1,6,45.4,2
2001,harv,1,6,36,1
2001,harv,2,1,36.7,2
2001,harv,2,1,53.5,1.5
2001,harv,2,1,41.8,1.5
2001,harv,2,1,41.1,1.5
2001,harv,2,1,69.9,1.5
2001,harv,2,1,62.5,1
2001,harv,2,1,62.4,1
2001,harv,2,1,27.6,1
2001,harv,2,1,20.9,1
2001,harv,2,1,69.1,3.5
2001,harv,2,1,20.1,1
2001,harv,2,1,21.47,1
2001,harv,2,1,71,2
2001,harv,2,1,20.5,1
2001,harv,2,1,42.6,1
2001,harv,2,2,36.6,3
2001,harv,2,2,25.8,5
2001,harv,2,3,23,3
2001,harv,2,3,35,2
2001,harv,2,3,20,1
2001,harv,2,3,43.4,1
2001,harv,2,3,60.8,1
2001,harv,2,3,20.6,1
2001,harv,2,3,20.2,2
2001,harv,2,3,24.8,5
2001,harv,2,4,73.2,2
2001,harv,2,4,47.7,2
2001,harv,2,4,32.8,1.5
2001,harv,2,4,21.6,1.5
2001,harv,2,4,23,1
2001,harv,2,4,32.9,1
2001,harv,2,4,40,4
2001,harv,2,4,33.8,3
2001,harv,2,4,33.9,1
2001,harv,2,4,30.4,1
2001,harv,2,4,25,1
2001,harv,2,4,51.6,1
2001,harv,2,4,40.1,1
2001,harv,2,5,22.3,1
2001,harv,2,5,35.6,1
2001,harv,2,5,20,1
2001,harv,2,5,21.7,1
2001,harv,2,5,21.2,1
2001,harv,2,5,30.4,2
2001,harv,2,5,32.9,3
2001,harv,2,5,36,2
2001,harv,2,5,33,2.5
2001,harv,2,5,33,2.5
2001,harv,2,5,41.1,3
2001,harv,2,5,34.3,4
2001,harv,2,5,26.1,1
2001,harv,2,5,43.8,2.5
2001,harv,2,6,50.4,5
2001,harv,2,6,62.9,3
2001,harv,2,6,21.5,1
2001,harv,2,6,61.5,1
2001,harv,2,6,35.5,3
2001,harv,2,6,45,1
2001,harv,2,6,39.6,1
2001,harv,2,6,32,1
2001,harv,2,6,24,1
2001,harv,2,6,25.8,1
2001,harv,2,6,66.6,1
2001,harv,2,6,28.1,2.5
2001,harv,2,6,56.8,1
2001,harv,2,7,35,1
2001,harv,2,7,30.9,2
2001,harv,2,7,53.7,1.5
2001,harv,2,7,25.3,2
2001,harv,2,7,49.65,1
2001,harv,2,7,25.7,1
2001,harv,2,7,48,3
2001,harv,2,7,46.3,3
2001,harv,3,1,32.6,2
2001,harv,3,1,37.5,1.5
2001,harv,3,1,56.7,2
2001,harv,3,1,66.3,2
2001,harv,3,1,29.8,1
2001,harv,3,1,54.6,1
2001,harv,3,1,50.2,2
2001,harv,3,1,51.2,3
2001,harv,3,1,29.8,2
2001,harv,3,1,66.2,2
2001,harv,3,1,74,4
2001,harv,3,2,27.2,1.5
2001,harv,3,2,38.5,3
2001,harv,3,2,44.6,3
2001,harv,3,2,41.3,2
2001,harv,3,3,39.2,1
2001,harv,3,3,57.3,1
2001,harv,3,3,32.9,1
2001,harv,3,3,54.6,1
2001,harv,3,3,38.8,1
2001,harv,3,3,40.7,1
2001,harv,3,3,32.7,1
2001,harv,3,3,35,1
2001,harv,3,3,21.3,1
2001,harv,3,3,33,1
2001,harv,3,3,51.8,1
2001,harv,3,3,33.1,1
2001,harv,3,3,34.1,1
2001,harv,3,3,24.8,1
2001,harv,3,3,24.8,1
2001,harv,3,3,38.2,3
2001,harv,3,3,64.1,4
2001,harv,3,3,62.7,4
2001,harv,3,3,71.2,3
2001,harv,3,4,30.1,3
2001,harv,3,4,29.6,2
2001,harv,3,5,59.3,3
2001,harv,3,5,60.2,3
2001,harv,3,5,31.4,3
2001,harv,3,5,38.4,3
2001,harv,3,5,36.6,1
2001,harv,3,5,40.7,1
2001,harv,3,5,50.4,1
2001,harv,3,6,21.5,1
2001,harv,3,6,69.7,3
2001,harv,3,6,28.1,4
2001,harv,3,6,69.6,1
2001,harv,3,6,40.3,1
2001,harv,3,6,72.6,4.5
2001,harv,3,6,54.3,1
2001,harv,3,6,56.1,4
2001,harv,3,6,43.4,1
2001,harv,3,6,26.3,1
2001,harv,3,6,21.3,1
2001,harv,3,6,44.5,1
2001,harv,3,6,45.7,1
2001,harv,3,6,24,1
2001,harv,3,6,25.3,1
2001,harv,4,1,49.1,1
2001,harv,4,1,21.2,1
2001,harv,4,1,24.1,1
2001,harv,4,1,30.6,1
2001,harv,4,1,29.3,3
2001,harv,4,1,47.4,2
2001,harv,4,1,62.7,1
2001,harv,4,1,56.3,1
2001,harv,4,1,56.1,1
2001,harv,4,1,62,1
2001,harv,4,1,52.5,1
2001,harv,4,1,34,1
2001,harv,4,1,25,1
2001,harv,4,1,20.7,2
2001,harv,4,1,53,1
2001,harv,4,1,29.6,1
2001,harv,4,1,33.4,1
2001,harv,4,1,21.4,2
2001,harv,4,1,35.2,2
2001,harv,4,1,51.4,1
2001,harv,4,1,25.8,1
2001,harv,4,1,35.7,1
2001,harv,4,1,42.6,1
2001,harv,4,1,28.3,1
2001,harv,4,1,20.9,1
2001,harv,4,1,40.3,1
2001,harv,4,1,29,1
2001,harv,4,1,32.1,1
2001,harv,4,1,46.5,1
2001,harv,4,1,44.2,1
2001,harv,4,1,40,1
2001,harv,4,1,23.6,1
2001,harv,4,1,47.4,1
2001,harv,4,1,34.1,1
2001,harv,4,1,25.9,1
2001,harv,4,1,35.4,1
2001,harv,4,1,29.1,1
2001,harv,4,1,34.7,1
2001,harv,4,1,29.6,2.5
2001,harv,4,1,41.2,1
2001,harv,4,1,20,1
2001,harv,4,1,25,1
2001,harv,4,1,30.9,1
2001,harv,4,1,20.1,1
2001,harv,4,1,31.4,1
2001,harv,4,1,31.7,1
2001,harv,4,1,38.7,4
2001,harv,4,1,28.4,1
2001,harv,4,1,72,1
2001,harv,4,1,34.2,1
2001,harv,4,1,44.5,1
2001,harv,4,1,27.5,1
2001,harv,4,1,38.5,1
2001,harv,4,1,37.8,1
2001,harv,4,2,36,1
2001,harv,4,2,49.3,1
2001,harv,4,2,40,1
2001,harv,4,2,25.7,1
2001,harv,4,2,73.1,2
2001,harv,4,2,31.6,1
2001,harv,4,2,23.4,1
2001,harv,4,2,60.3,1
2001,harv,4,2,59.7,1
2001,harv,4,2,45.3,1
2001,harv,4,2,25.6,1
2001,harv,4,2,22.9,1
2001,harv,4,2,52.9,1
2001,harv,4,2,28,1
2001,harv,4,2,49.9,1
2001,harv,4,2,24.9,1
2001,harv,4,2,54.7,2
2001,harv,4,2,20.7,1
2001,harv,4,2,22.4,1
2001,harv,4,2,35.5,1
2001,harv,4,2,56.3,1
2001,harv,4,2,23.5,1
2001,harv,4,2,40,4
2001,harv,4,2,21.9,2
2001,harv,4,2,28.1,1
2001,harv,4,2,24.3,1
2001,harv,4,2,37.7,1
2001,harv,4,2,27.8,1
2001,harv,4,2,25.6,4
2001,harv,4,2,49.2,2
2001,harv,4,2,24.9,4
2001,harv,4,2,28.9,1
2001,harv,4,2,31.4,4
2001,harv,4,2,30.4,3
2001,harv,4,2,50.5,1
2001,harv,4,2,21.9,1
2001,harv,4,2,37,1
2001,harv,4,2,37.4,1
2001,harv,4,2,65.9,1
2001,harv,4,2,40.1,1
2001,harv,4,2,25.7,1
2001,harv,4,2,69.7,1
2001,harv,4,3,25.3,1
2001,harv,4,3,51.3,1
2001,harv,4,3,25.3,1
2001,harv,4,3,51.8,1
2001,harv,4,3,32.4,1
2001,harv,4,3,29.1,1
2001,harv,4,3,68.9,1
2001,harv,4,3,39.8,1
2001,harv,4,3,45,1
2001,harv,4,3,26,2
2001,harv,4,3,26.2,1
2001,harv,4,3,20.2,1
2001,harv,4,3,20,1
2001,harv,4,3,26.8,1
2001,harv,4,3,22.6,1
2001,harv,4,3,59.4,1
2001,harv,4,3,22.5,1
2001,harv,4,3,35.6,1
2001,harv,4,3,23.1,1
2001,harv,4,3,60.3,1
2001,harv,4,3,61.4,1
2001,harv,4,3,30.8,1
2001,harv,4,3,25.3,1
2001,harv,4,3,28,1
2001,harv,4,3,60,1
2001,harv,4,3,27.4,1
2001,harv,4,3,21.3,1
2001,harv,4,3,26.8,1
2001,harv,4,3,37.4,3
2001,harv,4,3,20.83,1
2001,harv,4,3,24.8,2
2001,harv,4,3,50,4
2001,harv,4,3,57,4
2001,harv,4,3,39.3,2
2001,harv,4,3,47.1,2
2001,harv,4,3,28,4
2001,harv,4,4,20,3
2001,harv,4,4,28.5,3
2001,harv,4,4,30.7,1
2001,harv,4,4,23.2,3
2001,harv,4,4,23.9,3
2001,harv,4,4,33.9,1
2001,harv,4,4,31.7,1
2001,harv,4,4,25.3,1
2001,harv,4,4,25.9,1
2001,harv,4,4,40.4,1
2001,harv,4,4,49.2,1
2001,harv,4,4,31.6,1
2001,harv,4,4,74.4,2
2001,harv,4,4,23.4,1
2001,harv,4,4,27.8,1
2001,harv,4,4,26.9,1
2001,harv,4,4,27.4,1
2001,harv,4,4,20.4,3
2001,harv,4,4,37.6,1
2001,harv,4,4,28.9,1
2001,harv,4,4,44.6,1
2001,harv,4,4,34.5,1
2001,harv,4,5,23.5,3
2001,harv,4,5,20.9,2
2001,harv,4,5,39.8,5
2001,harv,4,5,32.8,3
2001,harv,4,5,59.4,4.5
2001,harv,4,5,21.3,5
2001,harv,4,6,28.8,1
2001,harv,4,6,35.9,1
2001,harv,4,6,49.4,4
2001,harv,4,6,37.6,4
2001,harv,4,6,41.15,3
2001,harv,4,6,45.5,3.5
2001,harv,4,6,71.7,3
2001,harv,4,6,46.6,3.5
2001,harv,4,6,52.1,3.5
2001,harv,4,6,39,3.5
2001,harv,4,6,23.3,1
2001,harv,4,6,25,1
2001,harv,4,6,40.9,1
2001,harv,4,6,43,4.5
2001,harv,4,7,22.1,4
2001,harv,4,7,26.2,4
2001,harv,4,7,46.9,4
2001,harv,4,7,22.9,2
2001,harv,4,7,20.9,1
2001,harv,4,7,20.9,1
2001,harv,4,7,23.3,1
2001,harv,4,7,30.9,2
2001,harv,4,7,30.8,4
2003,ems,1,1,21,3
2003,ems,1,1,20,1
2003,ems,1,1,20,2
2003,ems,1,1,20,3
2003,ems,1,1,23,3
2003,ems,1,1,21,2
2003,ems,1,1,25,3
2003,ems,1,1,40,4
2003,ems,1,1,26,3
2003,ems,1,2,31,4
2003,ems,1,2,40,1
2003,ems,1,2,21,2
2003,ems,1,3,25,3
2003,ems,1,3,52,3
2003,ems,1,3,52,3
2003,ems,1,3,28,3
2003,ems,1,4,23,1
2003,ems,1,4,30,2
2003,ems,1,4,22,1
2003,ems,1,4,65,4
2003,ems,1,4,20,1
2003,ems,1,4,32,3
2003,ems,1,5,44,3
2003,ems,1,5,26,1
2003,ems,1,5,31,3
2003,ems,1,6,28,1
2003,ems,1,6,20,1
2003,ems,1,6,37,4
2003,ems,1,6,24,3
2003,ems,1,6,33,3
2003,ems,1,7,75,3
2003,ems,1,7,20,2
2003,ems,1,7,44,3
2003,ems,1,7,55,3
2003,ems,1,7,44,3
2003,ems,1,7,37,3
2003,ems,1,8,20,2
2003,ems,1,8,47,3
2003,ems,1,8,71,3
2003,ems,1,8,58,3
2003,ems,1,8,53,3
2003,ems,1,9,28,1
2003,ems,1,10,71,3
2003,ems,1,10,36,2
2003,ems,1,10,64,2
2003,ems,1,10,33,3
2003,ems,1,11,23,3
2003,ems,1,11,23,3
2003,ems,1,11,48,1
2003,ems,1,12,29,3
2003,ems,1,12,33,3
2003,ems,1,12,26,4
2003,ems,1,12,66,3
2003,ems,1,12,23,1
2003,ems,1,12,29,3
2003,ems,1,12,22,2
2003,ems,1,12,26,2
2003,ems,1,12,63,2
2003,ems,1,12,28,1
2003,ems,1,12,58,2
2003,ems,1,13,74,2
2003,ems,1,13,30,3
2003,ems,1,13,35,4
2003,ems,1,13,66,2
2003,ems,1,13,20,1
2003,ems,1,13,35,4
2003,ems,1,13,47,3
2003,ems,1,14,72,4
2003,ems,1,14,24,1
2003,ems,1,14,23,2
2003,ems,1,14,52,4
2003,ems,1,14,37,4
2003,ems,1,15,25,2
2003,ems,1,15,48,2
2003,ems,1,15,40,2
2003,ems,1,15,41,4
2003,ems,1,15,25,2
2003,ems,1,16,21,3
2003,ems,1,16,20,1
2003,ems,1,16,25,3
2003,ems,1,17,20,3
2003,ems,1,17,33,2
2003,ems,1,17,43,3
2003,ems,1,17,49,2
2003,ems,1,18,33,4
2003,ems,1,18,38,3
2003,ems,1,18,23,5
2003,ems,2,1,26,3
2003,ems,2,1,31,2
2003,ems,2,1,20,1
2003,ems,2,2,28,2
2003,ems,2,2,38,3
2003,ems,2,2,28,2
2003,ems,2,3,45,3
2003,ems,2,3,23,2
2003,ems,2,3,53,5
2003,ems,2,4,42,3
2003,ems,2,5,37,3
2003,ems,2,5,68,3
2003,ems,2,5,50,3
2003,ems,2,5,36,4
2003,ems,2,6,26,1
2003,ems,2,6,27,1
2003,ems,2,7,45,3
2003,ems,2,7,20,2
2003,ems,2,8,34,2
2003,ems,2,8,30,1
2003,ems,2,9,24,2
2003,ems,2,9,23,3
2003,ems,2,9,22,3
2003,ems,2,9,28,1
2003,ems,2,9,56,3
2003,ems,2,10,22,1
2003,ems,2,11,39,2
2003,ems,2,11,22,1
2003,ems,2,11,22,1
2003,ems,2,11,26,3
2003,ems,2,12,24,2
2003,ems,2,12,65,2
2003,ems,2,12,20,1
2003,ems,2,12,29,3
2003,ems,2,12,35,1
2003,ems,2,13,24,3
2003,ems,2,13,26,1
2003,ems,2,13,21,1
2003,ems,2,14,28,3
2003,ems,2,14,41,1
2003,ems,2,14,29,1
2003,ems,2,14,27,1
2003,ems,2,14,27,1
2003,ems,2,14,23,1
2003,ems,2,14,25,2
2003,ems,2,14,34,3
2003,ems,2,15,35,1
2003,ems,2,15,22,1
2003,ems,2,15,38,2
2003,ems,2,15,37,4
2003,ems,2,15,42,4
2003,ems,2,15,29,2
2003,ems,2,16,20,3
2003,ems,2,16,31,5
2003,ems,2,16,71,3
2003,ems,2,17,57,3
2003,ems,2,17,24,2
2003,ems,2,17,44,2
2003,ems,2,17,36,3
2003,ems,2,18,50,3
2003,ems,2,18,27,2
2003,ems,2,18,38,2
2003,ems,2,18,34,3
2003,ems,2,18,32,1
2003,ems,2,18,22,1
2003,ems,2,18,47,3
2003,ems,2,18,35,3
2003,ems,2,19,29,2
2003,ems,2,19,21,2
2003,ems,2,19,32,2
2003,ems,2,20,52,2
2003,ems,2,20,22,3
2003,ems,2,20,24,4
2003,ems,2,20,74,2
2003,ems,2,21,58,3
2003,ems,2,21,38,2
2003,ems,2,21,36,3
2003,ems,2,21,52,1
2003,ems,2,21,50,3
2003,ems,2,21,69,2
2003,ems,2,22,25,1
2003,ems,2,22,25,1
2003,ems,2,22,22,5
2003,ems,2,22,47,4
2003,ems,2,22,22,1
2003,harv,2,1,192.5,3
2003,harv,2,1,24,3
2003,harv,2,1,98,3
2003,harv,2,1,23,2
2003,harv,2,1,25,2
2003,harv,2,1,24,4
2003,harv,2,1,116,3
2003,harv,2,1,25,2
2003,harv,2,1,25,2
2003,harv,2,1,24,2
2003,harv,2,1,29,2
2003,harv,2,1,23,2
2003,harv,2,1,29,2
2003,harv,2,1,24,2
2003,harv,2,1,22,2
2003,harv,2,1,20,2
2003,harv,2,1,38,2
2003,harv,2,2,70,2
2003,harv,2,2,55,3
2003,harv,2,2,30,2
2003,harv,2,2,25,3
2003,harv,2,2,30,2
2003,harv,2,2,40,2
2003,harv,2,2,25,4
2003,harv,2,2,28,4
2003,harv,2,2,20,2
2003,harv,2,2,26,5
2003,harv,2,2,25,2
2003,harv,2,2,29,2
2003,harv,2,2,47,5
2003,harv,2,2,24,4
2003,harv,2,3,38,2
2003,harv,2,3,38,5
2003,harv,2,3,34,3
2003,harv,2,3,24,4
2003,harv,2,3,23,1
2003,harv,2,3,26,1
2003,harv,2,4,122,2
2003,harv,2,4,165,1
2003,harv,2,4,145,1
2003,harv,2,4,42,1
2003,harv,2,4,24,2
2003,harv,2,4,26,3
2003,harv,2,4,22,2
2003,harv,2,4,43,1
2003,harv,2,4,270,2
2003,harv,2,4,80,2
2003,harv,2,4,46,3
2003,harv,2,4,51,3
2003,harv,2,4,82,1
2003,harv,2,4,21,2
2003,harv,2,4,24,4
2003,harv,2,4,29,2
2003,harv,2,4,125,2
2003,harv,2,4,240,3
2003,harv,2,4,48,1
2003,harv,2,4,35,2
2003,harv,2,4,58,1
2003,harv,2,4,42,1
2003,harv,2,4,28,2
2003,harv,2,4,21,2
2003,harv,2,4,22,2
2003,harv,2,4,20,2
2003,harv,2,4,33,1
2003,harv,2,4,21,3
2003,harv,2,5,23,2
2003,harv,2,5,23,3
2003,harv,2,5,28,3
2003,harv,2,5,21,2
2003,harv,2,5,22,2
2003,harv,2,5,35,2
2003,harv,2,5,29,4
2003,harv,2,5,31,4
2003,harv,2,5,32,4
2003,harv,2,5,45.5,4
2003,harv,2,5,172,3
2003,harv,2,5,76,1
2003,harv,2,5,25,2
2003,harv,2,5,160,5
2003,harv,2,5,30,2
2003,harv,2,5,68,4
2003,harv,2,5,85,1
2003,harv,2,5,36,2
2003,harv,2,5,176,2
2003,harv,2,5,27,2
2003,harv,2,5,36.5,3
2003,harv,2,5,83.5,3
2003,harv,2,5,21,2
2003,harv,2,5,31,4
2003,harv,2,6,130,3
2003,harv,2,6,20,1
2003,harv,2,6,33.5,2
2003,harv,2,6,131,1
2003,harv,2,6,24,1
2003,harv,2,6,67.5,1
2003,harv,2,6,46,3
2003,harv,2,7,27,1
2003,harv,2,7,35,2
2003,harv,2,7,34,2
2003,harv,2,7,36,2
2003,harv,2,7,31,2
2003,harv,2,7,30,2
2003,harv,2,7,20,2
2003,harv,2,7,41,2
2003,harv,2,7,38,2
2003,harv,2,7,30,1
2003,harv,2,7,45,1
2003,harv,2,7,72,1
2003,harv,2,7,52,2
2003,harv,2,7,36,2
2003,harv,2,7,20,1
2003,harv,2,7,56,1
2003,harv,2,7,83,1
2003,harv,2,7,51,2
2003,harv,2,7,50,2
2003,harv,2,7,25,2
2003,harv,2,7,42,2
2003,harv,2,7,86,2
2003,harv,2,7,42,2
2003,harv,2,7,45,2
2003,harv,2,7,31,2
2003,harv,2,7,39,2
2003,harv,2,7,23,2
2003,harv,2,7,32,1
2003,harv,2,7,37,2
2003,harv,2,8,36,1
2003,harv,2,8,23,2
2003,harv,2,8,25,1
2003,harv,2,8,40,1
2003,harv,2,8,25,1
2003,harv,2,8,22,3
2003,harv,2,8,67,2
2003,harv,2,9,25,2
2003,harv,2,9,131,1
2003,harv,2,9,29,1
2003,harv,2,9,25,1
2003,harv,2,9,34,1
2003,harv,2,9,26,1
2003,harv,2,9,21,1
2003,harv,2,9,36,1
2003,harv,2,9,31,2
2003,harv,2,9,56,1
2003,harv,2,9,25,1
2003,harv,2,9,29,1
2003,harv,2,9,80,1
2003,harv,2,9,20,1
2003,harv,2,10,41,3
2003,harv,2,10,28,2
2003,harv,2,10,38,1
2003,harv,2,10,31,2
2003,harv,2,10,66,2
2003,harv,2,10,55,1
2003,harv,2,10,31,1
2003,harv,2,10,126,3
2003,harv,2,10,92,2
2003,harv,2,10,22,2
2003,harv,2,10,67,1
2003,harv,2,10,345,1
2003,harv,2,11,30,3
2003,harv,2,11,52,1
2003,harv,2,11,41.5,3
2003,harv,2,11,87,1
2003,harv,2,12,28,2
2003,harv,2,12,24,3
2003,harv,2,12,20,1
2003,harv,2,12,39,2
2003,harv,2,12,27,1
2003,harv,2,12,32,1
2003,harv,2,12,39,1
2003,harv,2,12,26,1
2003,harv,2,12,96,1
2003,harv,2,12,27,2
2003,harv,2,12,34,1
2003,harv,2,12,41,3
2003,harv,2,12,30,2
2003,harv,2,12,59,2
2003,harv,2,12,22,2
2003,harv,2,12,22,2
2003,harv,2,12,30,2
2003,harv,2,12,22,2
2003,harv,2,13,20,1
2003,harv,2,13,170,2
2003,harv,2,13,20,1
2003,harv,2,13,21,1
2003,harv,2,13,33,3
2003,harv,2,13,29,2
2003,harv,2,13,31,1
2003,harv,2,13,24,1
2003,harv,2,13,100,2
2003,harv,2,13,24,1
2003,harv,2,13,56,2
2003,harv,2,13,41,2
2003,harv,2,13,48,2
2003,harv,2,13,97,1
2003,harv,2,14,36,1
2003,harv,2,14,35,1
2003,harv,2,14,47,3
2003,harv,2,14,69,2
2003,harv,2,14,45,2
2003,harv,2,14,29,2
2003,harv,2,14,23,2
2003,harv,2,14,36,2
2003,harv,2,14,36,3
2003,harv,2,14,64,2
2003,harv,2,14,32,2
2003,harv,2,14,80,1
2003,harv,2,14,53,1
2003,harv,2,14,44,2
2003,harv,2,14,29,1
2003,harv,2,14,43,2
2003,harv,2,14,23,1
2003,harv,2,14,36,2
2003,harv,2,14,32,2
2003,harv,2,14,122,2
2003,harv,2,14,26,2
2003,harv,2,14,35,1
2003,harv,2,14,26,2
2003,harv,2,14,42,1
2003,harv,2,14,24,1
2003,harv,2,14,27,1
2003,harv,2,14,22,1
2003,harv,2,14,41,1
2003,harv,2,14,22,2
2003,harv,2,14,36,2
2003,harv,2,14,41,2
2003,harv,2,15,25,3
2003,harv,2,15,27,2
2003,harv,2,15,25,2
2003,harv,2,15,86,2
2003,harv,2,15,77,2
2003,harv,2,15,20,2
2003,harv,2,15,270,1
2003,harv,2,15,22,2
2003,harv,2,15,35,3
2003,harv,2,15,85,3
2003,harv,2,15,75,2
2003,harv,2,15,52,2
2003,harv,2,15,21,3
2003,harv,2,15,95,2
2003,harv,2,15,29,3
2003,harv,2,15,31,4
2003,harv,2,15,31,3
2003,harv,2,15,39,4
2003,harv,2,15,37,5
2003,harv,2,16,30,2
2003,harv,2,16,35,2
2003,harv,2,16,41,2
2003,harv,2,16,22,2
2003,harv,2,16,29,1
2003,harv,2,16,35,1
2003,harv,2,16,21,2
2003,harv,2,16,52,3
2003,harv,2,16,48,3
2003,harv,2,16,28,2
2003,harv,2,16,60,2
2003,harv,2,16,30,2
2003,harv,2,16,34,2
2003,harv,2,17,67,2
2003,harv,2,17,47,2
2003,harv,2,17,47,2
2003,harv,2,17,60,2
2003,harv,2,17,23,1
2003,harv,2,17,51,2
2003,harv,2,17,80,5
2003,harv,2,17,46,2
2003,harv,2,17,48,2
2003,harv,2,18,43,2
2003,harv,2,18,36,2
2003,harv,2,18,140,2
2003,harv,2,19,92,2
2003,harv,2,19,22,2
2003,harv,2,19,75,2
2003,harv,2,19,70,1
2003,harv,2,19,23,1
2003,harv,2,19,28,1
2003,harv,2,19,32,1
2003,harv,2,20,27,1
2003,harv,2,20,41,1
2003,harv,2,20,31,1
2003,harv,2,20,80,1
2003,harv,2,20,28,1
2003,harv,2,20,21,1
2003,harv,2,20,75,2
2003,harv,2,20,34,2
2003,harv,2,20,20,1
2003,harv,2,20,23,2
2003,harv,2,20,27,1
2003,harv,2,20,33,2
2003,harv,2,20,140,2
2003,harv,2,20,90,2
2003,harv,2,20,22,2
2003,harv,2,20,27,1
2003,harv,2,20,37,2
2003,harv,2,20,38,2
2003,harv,2,20,40,2
2003,harv,2,20,26,2
2003,harv,2,20,40,2
2003,harv,2,20,26,2
2003,harv,2,21,49,2
2003,harv,2,21,240,2
2003,harv,2,21,34,1
2003,harv,2,21,38,2
2003,harv,2,21,230,2
2003,harv,2,21,44,2
2003,harv,2,21,32.5,3
2003,harv,2,21,51,2
2003,harv,2,21,82,1
2003,harv,2,21,20,2
2003,harv,2,21,25,2
2003,harv,2,21,38,2
2003,harv,2,21,40,2
2003,harv,2,21,25,2
2003,harv,2,22,167,2
2003,harv,2,22,25,2
2003,harv,2,22,53,2
2003,harv,2,22,23,2
2003,harv,2,22,20,2
2003,harv,2,22,41,2
2003,harv,2,22,40,2
2003,harv,2,22,41,2
2003,harv,2,22,65,3
2003,harv,2,22,120,2
2003,harv,2,22,30,2
2003,harv,2,22,30,2
2003,harv,2,22,31,3
2003,harv,2,22,37,3
2003,harv,2,22,66,3
2003,harv,2,22,90,2
2003,harv,2,22,80,2
2003,harv,2,22,87,2
2003,harv,2,22,87,2
2003,harv,2,22,28,2
2003,harv,2,22,39,2
2003,harv,2,22,61,3
2003,harv,2,22,27,2
2003,harv,2,22,52,2
2003,harv,2,23,67,3
2003,harv,2,23,25,2
2003,harv,2,23,61,3
2003,harv,2,23,38,4
2003,harv,2,23,46,5
2003,harv,2,23,25,2
2003,harv,2,23,61,2
2003,harv,2,24,95,3
2003,harv,2,24,60,2
2003,harv,2,24,90,2
2003,harv,2,24,34,2
2003,harv,2,24,21,2
2003,harv,2,24,20,2
2003,harv,2,24,28,2
2003,harv,2,24,33,2
2003,harv,2,25,65,3
2003,harv,2,25,26,2
2003,harv,2,25,45,2
2003,harv,2,25,54,3
2003,harv,2,25,54,2
2003,harv,2,26,152,2
2003,harv,2,26,85,5
2003,harv,2,26,22,1
2003,harv,2,26,53,3
2003,harv,2,26,33,3
2003,harv,2,27,127,2
2003,harv,2,27,35,3
2003,harv,2,27,64,2
2003,harv,2,28,33,2
2003,harv,2,29,20,1
2003,harv,2,29,143.5,3
2003,harv,2,29,51,3
2003,harv,2,29,39,3
2003,harv,2,29,33,3
2003,harv,2,29,52,3
2003,harv,2,29,144,4
2003,harv,2,29,114,4
2003,harv,2,29,20,4
2003,harv,2,29,40,2
2003,harv,2,30,130,2
2003,harv,2,30,22,2
2003,harv,1,1,20,2
2003,harv,1,1,21,2
2003,harv,1,1,38,2
2003,harv,1,1,22,3
2003,harv,1,1,41,3
2003,harv,1,1,46,2
2003,harv,1,1,27,3
2003,harv,1,1,42,2
2003,harv,1,1,23,2
2003,harv,1,1,22,2
2003,harv,1,1,53,4
2003,harv,1,1,27,2
2003,harv,1,1,71,2
2003,harv,1,1,30,2
2003,harv,1,1,29,2
2003,harv,1,1,53,2
2003,harv,1,1,56,2
2003,harv,1,2,117.5,2
2003,harv,1,2,32,2
2003,harv,1,2,21,2
2003,harv,1,2,44,2
2003,harv,1,2,38,3
2003,harv,1,2,20,2
2003,harv,1,2,84,2
2003,harv,1,2,22,1
2003,harv,1,2,20,2
2003,harv,1,2,22,1
2003,harv,1,2,44,1
2003,harv,1,2,39,1
2003,harv,1,2,100,3
2003,harv,1,2,27,2
2003,harv,1,2,20,2
2003,harv,1,2,33,2
2003,harv,1,2,46,3
2003,harv,1,3,70,2
2003,harv,1,3,31,2
2003,harv,1,3,20,2
2003,harv,1,3,70,5
2003,harv,1,3,23,1
2003,harv,1,3,26,2
2003,harv,1,3,54,1
2003,harv,1,3,47,2
2003,harv,1,3,21,1
2003,harv,1,3,28,1
2003,harv,1,3,21,2
2003,harv,1,3,36,1
2003,harv,1,3,27,1
2003,harv,1,3,33,2
2003,harv,1,3,26,1
2003,harv,1,3,21,1
2003,harv,1,3,215,3
2003,harv,1,3,40,4
2003,harv,1,3,35,3
2003,harv,1,3,33,2
2003,harv,1,3,51,2
2003,harv,1,3,38,2
2003,harv,1,3,40,3
2003,harv,1,3,30,3
2003,harv,1,3,26.5,3
2003,harv,1,3,39,2
2003,harv,1,4,60,4
2003,harv,1,4,44,2
2003,harv,1,4,62,2
2003,harv,1,4,74,3
2003,harv,1,4,39,3
2003,harv,1,5,30,2
2003,harv,1,5,90,2
2003,harv,1,5,39,2
2003,harv,1,5,27,2
2003,harv,1,5,52,4
2003,harv,1,5,57,3
2003,harv,1,5,43.5,3
2003,harv,1,6,26.5,3
2003,harv,1,6,68,2
2003,harv,1,6,31,2
2003,harv,1,6,26,2
2003,harv,1,6,62,2
2003,harv,1,6,74,2
2003,harv,1,6,22,1
2003,harv,1,6,37,3
2003,harv,1,6,75,2
2003,harv,1,6,37,2
2003,harv,1,7,23,2
2003,harv,1,7,37,2
2003,harv,1,7,21,2
2003,harv,1,7,22,1
2003,harv,1,7,280,5
2003,harv,1,7,21,1
2003,harv,1,7,100,1
2003,harv,1,7,26,5
2003,harv,1,8,87,4
2003,harv,1,8,90,1
2003,harv,1,8,28,2
2003,harv,1,8,75,1
2003,harv,1,8,52,1
2003,harv,1,8,47,2
2003,harv,1,8,28,2
2003,harv,1,8,28,2
2003,harv,1,8,21,1
2003,harv,1,8,34,3
2003,harv,1,8,21,4
2003,harv,1,8,20,2
2003,harv,1,8,22,2
2003,harv,1,8,34,2
2003,harv,1,9,30,5
2003,harv,1,9,105,5
2003,harv,1,9,60,2
2003,harv,1,9,92,2
2003,harv,1,9,57,2
2003,harv,1,9,120,2
2003,harv,1,9,135,5
2003,harv,1,9,92,2
2003,harv,1,9,40,1
2003,harv,1,9,120,2
2003,harv,1,9,75,3
2003,harv,1,9,30,2
2003,harv,1,9,24,2
2003,harv,1,10,97,3
2003,harv,1,10,105,2
2003,harv,1,10,100,2
2003,harv,1,10,50,4
2003,harv,1,10,25,1
2003,harv,1,10,45,4
2003,harv,1,10,20,1
2003,harv,1,10,82,2
2003,harv,1,10,52,5
2003,harv,1,10,25,1
2003,harv,1,10,31,1
2003,harv,1,10,90,5
2003,harv,1,10,80,5
2003,harv,1,11,22,1
2003,harv,1,11,28,2
2003,harv,1,11,105,2
2003,harv,1,11,90,2
2003,harv,1,11,27,1
2003,harv,1,11,34,3
2003,harv,1,11,29,2
2003,harv,1,11,33,1
2003,harv,1,11,87,2
2003,harv,1,11,97,2
2003,harv,1,12,26,3
2003,harv,1,12,25,2
2003,harv,1,12,75,2
2003,harv,1,12,40,2
2003,harv,1,12,105,1
2003,harv,1,12,85,3
2003,harv,1,12,31,3
2003,harv,1,12,205,2
2003,harv,1,13,67,2
2003,harv,1,14,67.5,2
2003,harv,1,14,62,3
2003,harv,1,14,47,3
2003,harv,1,14,22,3
2003,harv,1,14,21,4
2003,harv,1,15,42,2
2003,harv,1,15,51,2
2003,harv,1,15,101,2
2003,harv,1,15,37,3
2003,harv,1,15,45,3
2003,harv,1,16,75,2
2003,harv,1,16,25,1
2003,harv,1,16,55,2
2003,harv,1,16,40,1
2003,harv,1,16,65,2
2003,harv,1,16,30,2
2003,harv,1,16,30,2
2003,harv,1,16,30,2
2003,harv,1,16,50,3
2003,harv,1,16,44,3
2003,harv,1,17,95,2
2003,harv,1,17,125,1
2003,harv,1,17,70,2
2003,harv,1,17,45,2
2003,harv,1,17,25,1
2003,harv,1,17,52,2
2003,harv,1,17,26,2
2003,harv,1,17,37,3
2003,harv,1,17,47,2
2003,harv,1,17,46,2
2003,harv,1,17,28,1
2003,harv,1,17,48,1
2003,harv,1,17,38,2
2006,ems,1,1,11.8,2
2006,ems,1,1,13.17,4
2006,ems,1,1,11.73,3
2006,ems,1,1,10.71,2
2006,ems,1,1,15.66,3
2006,ems,1,1,14.16,3
2006,ems,1,1,19.56,4
2006,ems,1,1,36.05,4
2006,ems,1,1,11.45,3
2006,ems,1,2,13.33,2
2006,ems,1,2,14.26,2
2006,ems,1,2,44.01,3
2006,ems,1,2,30.5,3
2006,ems,1,2,11.2,2
2006,ems,1,2,17.45,4
2006,ems,1,2,13.84,2
2006,ems,1,2,20.17,3
2006,ems,1,3,12.87,3
2006,ems,1,3,49.81,3
2006,ems,1,3,38.69,3
2006,ems,1,3,36.63,5
2006,ems,1,3,31.21,3
2006,ems,1,3,23.37,3
2006,ems,1,3,17.92,3
2006,ems,1,3,25.5,2
2006,ems,1,3,15.55,5
2006,ems,1,3,13.89,3
2006,ems,1,3,10.08,3
2006,ems,1,3,14.32,3
2006,ems,1,3,10.18,3
2006,ems,1,3,15.56,5
2006,ems,1,3,46.28,2
2006,ems,1,3,10.96,4
2006,ems,1,4,0,0
2006,ems,1,5,10.41,3
2006,ems,1,5,11.46,2
2006,ems,1,5,15.41,2
2006,ems,1,5,11.06,4
2006,ems,1,5,25.79,3
2006,ems,1,5,13.47,2
2006,ems,1,5,10.48,3
2006,ems,1,5,10.92,3
2006,ems,1,5,17.83,3
2006,ems,1,5,14.14,2
2006,ems,1,5,16.72,3
2006,ems,1,5,15.92,3
2006,ems,1,5,10.91,4
2006,ems,1,5,15.85,3
2006,ems,1,5,21.85,3
2006,ems,1,5,29.01,3
2006,ems,1,5,11.3,3
2006,ems,1,6,14.54,4
2006,ems,1,6,12.13,2
2006,ems,1,6,11.14,2
2006,ems,1,6,23.4,3
2006,ems,1,6,23.33,3
2006,ems,1,6,11.69,3
2006,ems,1,6,59.7,3
2006,ems,1,6,59.27,4
2006,ems,1,6,27.19,3
2006,ems,1,6,11.64,3
2006,ems,1,6,15.84,5
2006,ems,1,6,14.24,3
2006,ems,1,6,13.3,4
2006,ems,1,6,11.39,5
2006,ems,1,6,47.34,3
2006,ems,1,6,12.88,3
2006,ems,1,7,19.28,4
2006,ems,1,7,31.04,4
2006,ems,1,7,11.83,3
2006,ems,1,7,20.99,4
2006,ems,1,7,17.98,3
2006,ems,1,7,18.23,2
2006,ems,1,7,10.31,3
2006,ems,1,7,15.25,3
2006,ems,1,7,26.19,4
2006,ems,1,7,16.45,3
2006,ems,1,7,32.48,5
2006,ems,1,8,13.39,2
2006,ems,1,8,16.54,4
2006,ems,1,8,10.89,2
2006,ems,1,8,12.75,2
2006,ems,1,8,22.16,4
2006,ems,1,8,12.79,3
2006,ems,1,9,19.4,3
2006,ems,1,9,30.77,3
2006,ems,1,9,73.18,3
2006,ems,1,9,10.51,4
2006,ems,1,9,22.27,3
2006,ems,1,9,10.39,2
2006,ems,1,9,22.98,3
2006,ems,1,9,37.12,5
2006,ems,1,9,17.76,3
2006,ems,1,9,19.46,2
2006,ems,1,9,10.9,3
2006,ems,1,9,21.11,3
2006,ems,1,10,12.05,2
2006,ems,1,10,11.19,2
2006,ems,1,10,10.87,4
2006,ems,1,10,18.38,4
2006,ems,1,10,14.18,3
2006,ems,1,10,57.26,4
2006,ems,1,10,10.91,3
2006,ems,1,10,31.62,3
2006,ems,1,10,39.48,5
2006,ems,1,10,43.45,3
2006,ems,1,10,10.36,2
2006,ems,1,10,10.84,2
2006,ems,1,11,21.06,3
2006,ems,1,11,15.68,4
2006,ems,1,11,18.46,3
2006,ems,1,11,36.65,3
2006,ems,1,11,29.72,3
2006,ems,1,11,10.48,3
2006,ems,1,11,10.81,2
2006,ems,1,11,20.49,3
2006,ems,1,11,15.18,3
2006,ems,1,11,10.35,3
2006,ems,1,11,23.24,3
2006,ems,1,11,12.37,3
2006,ems,1,11,15.59,4
2006,ems,1,11,12.89,3
2006,ems,1,11,19.23,3
2006,ems,1,11,10.31,3
2006,ems,1,11,14.38,3
2006,ems,1,11,25.74,4
2006,ems,1,11,18.16,3
2006,ems,1,11,32.67,3
2006,ems,1,11,25.51,3
2006,ems,1,11,21.75,4
2006,ems,1,11,56.15,4
2006,ems,1,11,13.8,4
2006,ems,1,12,11.92,3
2006,ems,1,12,11.21,2
2006,ems,1,12,33.99,2
2006,ems,1,12,13.03,3
2006,ems,1,12,10.11,1
2006,ems,1,12,21.77,4
2006,ems,1,12,11.6,5
2006,ems,1,12,12.04,2
2006,ems,1,12,18.74,3
2006,ems,1,12,16.7,2
2006,ems,1,12,11.19,3
2006,ems,1,12,17.17,3
2006,ems,1,12,14.14,3
2006,ems,1,12,11.66,3
2006,ems,1,12,34.15,3
2006,ems,1,13,11.76,2
2006,ems,1,13,25.5,4
2006,ems,1,13,10.2,3
2006,ems,1,13,11.5,2
2006,ems,1,13,18.2,3
2006,ems,1,13,33.29,4
2006,ems,1,13,46.43,4
2006,ems,1,13,19.11,3
2006,ems,1,13,42,3
2006,ems,1,13,26,3
2006,ems,1,13,74.19,2
2006,ems,1,13,10.15,4
2006,ems,1,13,29.88,4
2006,ems,1,13,12.81,5
2006,ems,1,14,14.55,2
2006,ems,1,14,16.91,4
2006,ems,1,14,16.1,3
2006,ems,1,14,26.75,3
2006,ems,1,14,11.05,3
2006,ems,1,14,12.97,3
2006,ems,1,14,11.4,3
2006,ems,1,14,17.31,3
2006,ems,1,14,54.32,4
2006,ems,1,14,16.16,3
2006,ems,1,14,10.18,3
2006,ems,1,14,17.2,2
2006,ems,1,14,11.89,2
2006,ems,1,14,69.16,3
2006,ems,1,14,48.13,2
2006,ems,1,14,47.72,3
2006,ems,1,14,34.91,4
2006,ems,1,14,13.66,2
2006,ems,1,14,58.36,3
2006,ems,1,15,41.71,3
2006,ems,1,15,35.66,4
2006,ems,1,15,11.35,3
2006,ems,1,15,48.07,3
2006,ems,1,15,27.7,3
2006,ems,1,15,35.79,3
2006,ems,1,15,16.02,4
2006,ems,1,15,14.23,2
2006,ems,1,15,11.74,4
2006,ems,1,15,28.27,4
2006,ems,1,15,25.31,3
2006,ems,1,15,11.09,3
2006,ems,2,1,13.9,4
2006,ems,2,1,29.6,4
2006,ems,2,1,20.58,3
2006,ems,2,1,23.71,3
2006,ems,2,1,15.75,5
2006,ems,2,1,19.92,3
2006,ems,2,1,11.87,4
2006,ems,2,1,17.38,3
2006,ems,2,1,19.52,2
2006,ems,2,1,17.15,3
2006,ems,2,1,45.88,3
2006,ems,2,1,13.83,3
2006,ems,2,1,12.79,3
2006,ems,2,1,59.7,3
2006,ems,2,1,66.44,3
2006,ems,2,2,13.44,4
2006,ems,2,2,31.85,4
2006,ems,2,2,14.52,4
2006,ems,2,2,20.87,3
2006,ems,2,2,14.85,3
2006,ems,2,2,35.12,3
2006,ems,2,2,13.07,2
2006,ems,2,2,14.5,3
2006,ems,2,2,11.84,3
2006,ems,2,2,12.19,3
2006,ems,2,2,27.38,4
2006,ems,2,2,20.47,3
2006,ems,2,2,31.1,4
2006,ems,2,2,46.08,5
2006,ems,2,3,14.25,3
2006,ems,2,3,16.52,3
2006,ems,2,3,20.26,3
2006,ems,2,3,47.58,4
2006,ems,2,3,58.96,5
2006,ems,2,3,19.36,5
2006,ems,2,3,10.79,3
2006,ems,2,3,14.16,2
2006,ems,2,3,21.22,3
2006,ems,2,3,10.62,2
2006,ems,2,3,11.17,3
2006,ems,2,3,71.17,4
2006,ems,2,4,14.26,3
2006,ems,2,4,12.15,3
2006,ems,2,4,41.05,3
2006,ems,2,4,21.78,3
2006,ems,2,4,13.53,3
2006,ems,2,4,11.81,3
2006,ems,2,4,27.83,4
2006,ems,2,5,25.1,2
2006,ems,2,5,12.76,2
2006,ems,2,5,12.72,3
2006,ems,2,5,38.69,3
2006,ems,2,5,17.31,2
2006,ems,2,5,47.3,5
2006,ems,2,5,29.48,4
2006,ems,2,5,10.89,2
2006,ems,2,5,37.57,4
2006,ems,2,5,34,3
2006,ems,2,5,10.23,2
2006,ems,2,5,10.01,2
2006,ems,2,5,13.07,2
2006,ems,2,5,10.34,1
2006,ems,2,6,13.83,3
2006,ems,2,6,36.19,3
2006,ems,2,6,10.71,2
2006,ems,2,6,10.35,2
2006,ems,2,6,20.45,3
2006,ems,2,6,21.97,3
2006,ems,2,6,15.44,3
2006,ems,2,6,36.2,4
2006,ems,2,6,21.6,4
2006,ems,2,6,24.87,4
2006,ems,2,6,14.84,1
2006,ems,2,6,12.27,3
2006,ems,2,7,11.13,2
2006,ems,2,7,10.19,1
2006,ems,2,7,25.56,3
2006,ems,2,7,60.52,4
2006,ems,2,7,14.48,4
2006,ems,2,7,34.99,5
2006,ems,2,7,19.07,2
2006,ems,2,7,49.68,2
2006,ems,2,7,10.55,3
2006,ems,2,7,13.04,3
2006,ems,2,7,45.07,2
2006,ems,2,7,20.36,2
2006,ems,2,7,21.67,3
2006,ems,2,8,17.4,3
2006,ems,2,8,62.27,5
2006,ems,2,8,14.2,3
2006,ems,2,8,21.69,3
2006,ems,2,8,66.52,4
2006,ems,2,9,20.35,3
2006,ems,2,9,17.54,3
2006,ems,2,9,14.78,4
2006,ems,2,9,23.94,2
2006,ems,2,9,31.68,2
2006,ems,2,9,20.18,2
2006,ems,2,9,23.69,2
2006,ems,2,9,33.17,2
2006,ems,2,9,18.8,5
2006,ems,2,9,56.1,4
2006,ems,2,9,28.71,5
2006,ems,2,9,20.67,1
2006,ems,2,10,15.86,4
2006,ems,2,10,22.07,3
2006,ems,2,10,13.43,3
2006,ems,2,10,13.06,3
2006,ems,2,10,10.29,4
2006,ems,2,10,13.08,3
2006,ems,2,10,47.77,5
2006,ems,2,10,13.63,3
2006,ems,2,10,49.11,3
2006,ems,2,10,10.55,3
2006,ems,2,10,17.62,3
2006,ems,2,10,11.16,4
2006,ems,2,10,14.07,3
2006,ems,2,10,16.56,3
2006,ems,2,11,15.4,4
2006,ems,2,11,21.5,3
2006,ems,2,11,13.76,3
2006,ems,2,11,13.11,3
2006,ems,2,11,12.65,2
2006,ems,2,11,13.37,4
2006,ems,2,11,13.26,3
2006,ems,2,11,25.9,3
2006,ems,2,11,13.79,2
2006,ems,2,12,0,0
2006,ems,2,13,13.75,2
2006,ems,2,13,18.55,3
2006,ems,2,13,13.39,4
2006,ems,2,13,37.94,2
2006,ems,2,13,42.29,2
2006,ems,2,13,45.64,2
2006,ems,2,13,15.8,2
2006,ems,2,13,10.72,1
2006,ems,2,14,10.07,3
2006,ems,2,14,16.83,3
2006,ems,2,14,12.1,3
2006,ems,2,14,35.48,3
2006,ems,2,14,14.35,3
2006,ems,2,14,11.86,3
2006,ems,2,14,14.42,3
2006,ems,2,14,27.56,4
2006,ems,2,14,13.31,3
2006,ems,2,15,35.82,5
2006,ems,2,15,18.18,3
2006,ems,2,15,10.87,2
2006,ems,2,15,11.7,2
2006,ems,2,15,12.56,2
2006,ems,2,15,13.5,2
2006,ems,2,15,11.87,2
2006,ems,2,15,22.61,3
2006,ems,2,15,19.33,3
2006,ems,2,15,43.12,2
2006,ems,2,15,10,2
2006,ems,2,15,10.09,2
2006,ems,2,15,28.19,2
2006,ems,2,15,23.03,2
2006,ems,2,15,12.77,2
2006,ems,2,15,12.32,2
2006,ems,2,15,15.51,2
2006,ems,2,15,13.23,2
2006,ems,2,15,18.56,3
2006,ems,2,15,49.21,3
2006,ems,2,15,10.75,3
2006,harv,1,1,26.9,4
2006,harv,1,1,13.3,3
2006,harv,1,1,10.2,2
2006,harv,1,1,15.4,3
2006,harv,1,1,11.9,3
2006,harv,1,1,31.2,3
2006,harv,1,1,57,3
2006,harv,1,1,17.5,2
2006,harv,1,1,13.2,2
2006,harv,1,1,13.3,3
2006,harv,1,1,11.5,3
2006,harv,1,1,47.9,3
2006,harv,1,1,23,3
2006,harv,1,1,11.5,3
2006,harv,1,1,12.6,4
2006,harv,1,1,15.5,3
2006,harv,1,1,13.8,3
2006,harv,1,1,14.9,5
2006,harv,1,2,11,1
2006,harv,1,2,22.6,4
2006,harv,1,2,21.6,5
2006,harv,1,2,29.6,5
2006,harv,1,2,10.8,5
2006,harv,1,2,18.5,5
2006,harv,1,2,46.8,4
2006,harv,1,2,20,3
2006,harv,1,2,38.5,3
2006,harv,1,2,12.7,3
2006,harv,1,2,25.9,3
2006,harv,1,2,41.4,4
2006,harv,1,2,39.6,3
2006,harv,1,2,45.7,3
2006,harv,1,2,35.3,3
2006,harv,1,2,24,4
2006,harv,1,2,34.5,3
2006,harv,1,2,10.6,5
2006,harv,1,2,56.2,3
2006,harv,1,2,10.7,3
2006,harv,1,2,45.9,3
2006,harv,1,2,36.8,3
2006,harv,1,3,36.4,4
2006,harv,1,3,13.4,4
2006,harv,1,3,10.4,4
2006,harv,1,3,15,3
2006,harv,1,3,16,3
2006,harv,1,3,49.6,5
2006,harv,1,3,10.2,3
2006,harv,1,3,12.4,4
2006,harv,1,3,12,3
2006,harv,1,3,27.9,5
2006,harv,1,3,24.1,5
2006,harv,1,3,41.7,3
2006,harv,1,3,59.5,2
2006,harv,1,3,11.3,3
2006,harv,1,3,11.2,3
2006,harv,1,3,12.4,4
2006,harv,1,3,15.8,2
2006,harv,1,3,15.2,3
2006,harv,1,3,54.9,3
2006,harv,1,3,16.7,3
2006,harv,1,3,50.8,2
2006,harv,1,3,10.5,5
2006,harv,1,3,71.2,5
2006,harv,1,3,26.6,4
2006,harv,1,3,15,4
2006,harv,1,3,24.9,4
2006,harv,1,3,46.2,4
2006,harv,1,3,32.5,5
2006,harv,1,3,27.9,4
2006,harv,1,3,11,3
2006,harv,1,4,11.8,1
2006,harv,1,4,14.6,2
2006,harv,1,4,14.2,1
2006,harv,1,4,18.9,3
2006,harv,1,4,23.4,5
2006,harv,1,4,20.6,4
2006,harv,1,4,12.8,3
2006,harv,1,4,34,3
2006,harv,1,4,31,3
2006,harv,1,4,55,3
2006,harv,1,4,14,2
2006,harv,1,4,13.2,3
2006,harv,1,4,11,3
2006,harv,1,4,11.1,2
2006,harv,1,4,10.6,3
2006,harv,1,4,52.1,3
2006,harv,1,4,32,3
2006,harv,1,4,12.3,3
2006,harv,1,4,56.5,3
2006,harv,1,4,34,3
2006,harv,1,4,16.8,3
2006,harv,1,4,13.9,3
2006,harv,1,4,53.6,3
2006,harv,1,5,24.5,4
2006,harv,1,5,37.1,5
2006,harv,1,5,17,4
2006,harv,1,5,51.5,3
2006,harv,1,5,22.7,3
2006,harv,1,5,10.8,2
2006,harv,1,5,11.5,3
2006,harv,1,5,10.7,3
2006,harv,1,5,11.7,3
2006,harv,1,5,29.7,4
2006,harv,1,5,22.4,5
2006,harv,1,5,30.6,3
2006,harv,1,5,30.2,5
2006,harv,1,5,13.2,3
2006,harv,1,5,14,5
2006,harv,1,5,19.3,5
2006,harv,1,5,25,3
2006,harv,1,5,19.2,3
2006,harv,1,5,13.1,2
2006,harv,1,6,21.8,3
2006,harv,1,6,10.1,4
2006,harv,1,6,23.4,3
2006,harv,1,6,33.9,2
2006,harv,1,6,27.8,3
2006,harv,1,6,12.7,5
2006,harv,1,6,12,1
2006,harv,1,7,25.7,3
2006,harv,1,7,18.7,3
2006,harv,1,7,11.7,3
2006,harv,1,7,12.9,3
2006,harv,1,7,42.9,3
2006,harv,1,7,20.7,5
2006,harv,1,7,12.4,3
2006,harv,1,7,16.8,3
2006,harv,1,7,12.8,3
2006,harv,1,7,13.9,4
2006,harv,1,7,15,4
2006,harv,1,7,14.6,2
2006,harv,1,7,29.1,4
2006,harv,1,7,49.1,4
2006,harv,1,7,69.2,3
2006,harv,1,7,38,3
2006,harv,1,7,48.3,3
2006,harv,1,7,16.7,4
2006,harv,1,7,29.5,3
2006,harv,1,7,31.2,4
2006,harv,1,7,21.6,3
2006,harv,1,7,14.8,3
2006,harv,1,7,16.5,3
2006,harv,1,8,11.4,4
2006,harv,1,8,24.7,3
2006,harv,1,8,19.5,1
2006,harv,1,8,16,1
2006,harv,1,8,11.4,1
2006,harv,1,8,10.9,1
2006,harv,1,8,12.1,1
2006,harv,1,8,10.6,1
2006,harv,1,8,12.6,1
2006,harv,1,8,10.7,1
2006,harv,1,8,10.2,1
2006,harv,1,8,16.4,3
2006,harv,1,8,57.2,2
2006,harv,1,8,22.3,4
2006,harv,1,8,21.7,4
2006,harv,1,8,19.3,4
2006,harv,1,8,13.7,4
2006,harv,1,8,12.4,3
2006,harv,1,8,10.7,4
2006,harv,1,8,11.6,4
2006,harv,1,8,38,3
2006,harv,1,8,15.1,4
2006,harv,1,9,15.7,1
2006,harv,1,9,21.4,3
2006,harv,1,9,21.9,3
2006,harv,1,9,12.5,2
2006,harv,1,9,13.9,2
2006,harv,1,9,11,3
2006,harv,1,9,21.5,3
2006,harv,1,9,11.9,2
2006,harv,1,9,11.6,3
2006,harv,1,9,17.6,3
2006,harv,1,9,14.4,3
2006,harv,1,9,64.4,3
2006,harv,1,9,24.4,4
2006,harv,1,9,21.9,3
2006,harv,1,9,45.7,3
2006,harv,1,9,28.1,4
2006,harv,1,9,19.3,3
2006,harv,1,9,68.6,3
2006,harv,1,9,14.8,3
2006,harv,1,9,12.1,3
2006,harv,1,9,12.2,3
2006,harv,1,9,12.4,3
2006,harv,1,9,14.2,2
2006,harv,1,9,16.4,3
2006,harv,1,9,50.1,3
2006,harv,1,9,28.2,4
2006,harv,1,9,15.4,4
2006,harv,1,9,13.5,3
2006,harv,1,10,32.7,3
2006,harv,1,10,16.9,2
2006,harv,1,10,15.1,2
2006,harv,1,10,32.8,2
2006,harv,1,10,12.3,4
2006,harv,1,10,10,4
2006,harv,1,10,66.4,4
2006,harv,1,10,16.4,3
2006,harv,1,10,56.8,2
2006,harv,1,10,21.2,2
2006,harv,1,10,19.3,2
2006,harv,1,10,16.1,4
2006,harv,1,11,56,2
2006,harv,1,11,54.8,4
2006,harv,1,11,46.4,2
2006,harv,1,11,32.7,2
2006,harv,1,11,39.1,2
2006,harv,1,11,59,3
2006,harv,1,11,53.2,3
2006,harv,1,11,12.4,3
2006,harv,1,11,53.5,5
2006,harv,1,11,10.8,3
2006,harv,1,11,12.1,3
2006,harv,1,11,13.8,3
2006,harv,1,11,12.4,3
2006,harv,1,11,10.7,3
2006,harv,1,12,44.2,4
2006,harv,1,12,49.3,3
2006,harv,1,12,24.4,5
2006,harv,1,12,10.3,3
2006,harv,1,12,50.1,5
2006,harv,1,12,37.2,5
2006,harv,1,12,22.4,3
2006,harv,1,12,15.2,2
2006,harv,1,12,58.9,3
2006,harv,1,12,52.6,4
2006,harv,1,12,12.6,1
2006,harv,1,12,14.8,4
2006,harv,1,12,25.7,5
2006,harv,1,12,13.9,1
2006,harv,1,12,15.7,3
2006,harv,1,12,50.2,3
2006,harv,1,12,12.1,2
2006,harv,1,12,49,3
2006,harv,1,12,10.3,3
2006,harv,1,12,40.8,3
2006,harv,1,12,15.9,4
2006,harv,1,12,12.9,3
2006,harv,1,12,16.7,3
2006,harv,1,12,16.1,3
2006,harv,1,12,10.9,3
2006,harv,1,13,13.2,3
2006,harv,1,13,42.9,3
2006,harv,1,13,21.9,4
2006,harv,1,13,68.2,3
2006,harv,1,13,13.7,3
2006,harv,1,13,33.9,2
2006,harv,1,13,13.7,2
2006,harv,1,13,26.6,2
2006,harv,1,13,30.1,1
2006,harv,1,13,11.4,4
2006,harv,1,13,22.9,1
2006,harv,1,13,13.9,1
2006,harv,1,13,13.3,1
2006,harv,1,13,33.7,1
2006,harv,1,13,18.7,2
2006,harv,1,13,11.4,1
2006,harv,1,13,50,3
2006,harv,1,13,18.2,3
2006,harv,1,13,24.5,3
2006,harv,1,13,20,3
2006,harv,1,13,36.8,3
2006,harv,1,13,26.9,3
2006,harv,1,13,12,3
2006,harv,1,13,20.2,4
2006,harv,1,13,44,3
2006,harv,1,13,21.6,4
2006,harv,1,13,15.2,3
2006,harv,1,13,23.1,3
2006,harv,1,13,20.5,3
2006,harv,1,13,57.1,3
2006,harv,1,13,70.6,3
2006,harv,1,14,44,3
2006,harv,1,14,14.4,3
2006,harv,1,14,10.1,4
2006,harv,1,14,22.7,3
2006,harv,1,14,17,3
2006,harv,1,14,39.5,3
2006,harv,1,14,24.1,3
2006,harv,1,14,22.3,3
2006,harv,1,14,13.9,3
2006,harv,1,14,61,2
2006,harv,1,14,39.6,4
2006,harv,1,14,14.8,3
2006,harv,1,14,34.4,3
2006,harv,1,14,37.1,2
2006,harv,1,14,26.7,3
2006,harv,1,14,11.9,3
2006,harv,1,14,25.9,4
2006,harv,1,14,11.1,3
2006,harv,1,14,38.4,3
2006,harv,1,14,20.4,3
2006,harv,1,14,16,3
2006,harv,1,14,14.6,3
2006,harv,1,14,17,3
2006,harv,1,14,68.9,4
2006,harv,1,14,15,3
2006,harv,1,14,13.1,3
2006,harv,1,14,29.7,3
2006,harv,1,14,26.8,4
2006,harv,1,14,16.9,4
2006,harv,1,14,18.2,3
2006,harv,1,14,16.2,3
2006,harv,1,14,29.8,4
2006,harv,1,14,13.4,4
2006,harv,1,15,12.9,4
2006,harv,1,15,24.2,3
2006,harv,1,15,51.7,3
2006,harv,1,15,10.7,3
2006,harv,1,15,33.3,3
2006,harv,1,15,10.3,3
2006,harv,1,15,15.4,4
2006,harv,1,15,18.2,4
2006,harv,1,15,12.7,3
2006,harv,1,15,18.2,3
2006,harv,1,15,19.9,4
2006,harv,1,15,22.3,4
2006,harv,1,16,13.1,4
2006,harv,1,16,20.6,4
2006,harv,1,16,16.5,4
2006,harv,1,16,28.3,3
2006,harv,1,16,18,3
2006,harv,1,16,13,3
2006,harv,1,16,14.7,1
2006,harv,1,16,18.2,1
2006,harv,1,16,10.7,1
2006,harv,1,16,15.8,1
2006,harv,1,16,14.3,1
2006,harv,1,16,11.7,1
2006,harv,1,16,20.5,1
2006,harv,1,16,15.7,1
2006,harv,1,16,22,1
2006,harv,1,16,22.5,1
2006,harv,1,16,18.4,1
2006,harv,1,16,51.6,3
2006,harv,1,16,35.9,2
2006,harv,1,16,40.5,2
2006,harv,1,16,11.6,2
2006,harv,1,16,18.7,2
2006,harv,1,16,30.2,2
2006,harv,1,16,13.9,1
2006,harv,1,16,34.1,4
2006,harv,1,16,18.2,2
2006,harv,1,16,19,3
2006,harv,1,16,17,4
2006,harv,1,16,16.3,4
2006,harv,1,16,16.4,2
2006,harv,1,16,13.8,2
2006,harv,1,16,23.3,3
2006,harv,1,16,13.2,3
2006,harv,1,16,19.3,3
2006,harv,1,16,14.8,3
2006,harv,1,16,20,2
2006,harv,1,16,16.6,2
2006,harv,1,16,10.4,3
2006,harv,1,16,51.3,3
2006,harv,1,16,32.8,3
2006,harv,1,16,41.2,3
2006,harv,1,16,27.8,3
2006,harv,2,1,46.57,3
2006,harv,2,1,12.97,3
2006,harv,2,1,10.77,2
2006,harv,2,1,32.35,4
2006,harv,2,1,12.76,5
2006,harv,2,1,10.19,3
2006,harv,2,1,15.44,3
2006,harv,2,1,10.66,3
2006,harv,2,1,14.5,4
2006,harv,2,1,10.15,1
2006,harv,2,1,18.53,3
2006,harv,2,1,10.43,4
2006,harv,2,1,31.43,4
2006,harv,2,1,39.52,5
2006,harv,2,1,47.6,3
2006,harv,2,1,10.16,3
2006,harv,2,1,15.2,4
2006,harv,2,1,23.01,4
2006,harv,2,2,57.52,4
2006,harv,2,2,39.44,3
2006,harv,2,2,36.25,4
2006,harv,2,2,10.99,3
2006,harv,2,2,14.74,3
2006,harv,2,2,14.33,1
2006,harv,2,2,29.66,3
2006,harv,2,2,62.77,3
2006,harv,2,2,16.81,2
2006,harv,2,2,15.88,2
2006,harv,2,2,9.82,2
2006,harv,2,3,16.5,2
2006,harv,2,3,10.56,2
2006,harv,2,3,11.94,2
2006,harv,2,3,25.37,3
2006,harv,2,3,15.84,3
2006,harv,2,3,16.52,3
2006,harv,2,3,20.98,3
2006,harv,2,3,14.94,3
2006,harv,2,3,42.22,2
2006,harv,2,3,12.12,3
2006,harv,2,3,66.75,3
2006,harv,2,3,15.8,3
2006,harv,2,3,30.15,3
2006,harv,2,3,23.52,4
2006,harv,2,3,20.68,3
2006,harv,2,3,21.09,4
2006,harv,2,3,10.5,3
2006,harv,2,3,30.5,3
2006,harv,2,3,10.11,3
2006,harv,2,3,16.95,3
2006,harv,2,3,14.33,4
2006,harv,2,3,22.69,3
2006,harv,2,3,10.5,3
2006,harv,2,3,11.67,3
2006,harv,2,3,63.7,3
2006,harv,2,3,17.83,3
2006,harv,2,3,10.1,2
2006,harv,2,3,10.29,3
2006,harv,2,3,28.29,3
2006,harv,2,3,14.78,3
2006,harv,2,3,12.82,3
2006,harv,2,3,12.08,3
2006,harv,2,3,16.54,3
2006,harv,2,3,12.16,3
2006,harv,2,3,24.43,2
2006,harv,2,3,13.73,5
2006,harv,2,3,17.16,4
2006,harv,2,3,11.85,2
2006,harv,2,3,55.55,2
2006,harv,2,3,23.83,4
2006,harv,2,3,16.34,1
2006,harv,2,4,13.81,3
2006,harv,2,4,16.01,2
2006,harv,2,4,20.69,2
2006,harv,2,4,73.2,2
2006,harv,2,4,14.02,4
2006,harv,2,4,23.29,3
2006,harv,2,4,20.49,3
2006,harv,2,4,13.05,3
2006,harv,2,4,15.73,3
2006,harv,2,4,12.3,2
2006,harv,2,4,13.86,2
2006,harv,2,4,31.21,3
2006,harv,2,4,21.55,4
2006,harv,2,4,30.28,3
2006,harv,2,4,20.4,2
2006,harv,2,4,10.9,2
2006,harv,2,4,11.32,2
2006,harv,2,4,15.01,2
2006,harv,2,4,10.48,3
2006,harv,2,4,18.59,2
2006,harv,2,4,13.03,2
2006,harv,2,4,17.32,2
2006,harv,2,4,17.79,3
2006,harv,2,4,13.78,2
2006,harv,2,4,39.43,3
2006,harv,2,4,10.98,2
2006,harv,2,4,20.11,2
2006,harv,2,4,12.78,3
2006,harv,2,4,27.49,3
2006,harv,2,4,13.05,3
2006,harv,2,4,10.69,4
2006,harv,2,4,26.75,3
2006,harv,2,4,10.69,3
2006,harv,2,4,10.74,2
2006,harv,2,4,11.56,2
2006,harv,2,4,22.07,2
2006,harv,2,4,33.04,2
2006,harv,2,4,18.75,2
2006,harv,2,4,27.2,2
2006,harv,2,4,11.22,2
2006,harv,2,4,10.03,1
2006,harv,2,4,10.13,2
2006,harv,2,4,12.8,2
2006,harv,2,4,12.3,3
2006,harv,2,4,17.9,3
2006,harv,2,5,11.95,4
2006,harv,2,5,13.16,3
2006,harv,2,5,21.17,4
2006,harv,2,5,15.45,2
2006,harv,2,5,33.17,3
2006,harv,2,5,65.46,4
2006,harv,2,5,34.11,4
2006,harv,2,5,10.25,3
2006,harv,2,5,37.95,3
2006,harv,2,5,16.56,4
2006,harv,2,5,13.38,3
2006,harv,2,5,43.23,3
2006,harv,2,5,34.89,3
2006,harv,2,5,70.77,3
2006,harv,2,5,31.99,3
2006,harv,2,5,20.43,3
2006,harv,2,5,47.45,3
2006,harv,2,5,28.96,3
2006,harv,2,5,13.23,4
2006,harv,2,5,46.84,3
2006,harv,2,5,11.61,3
2006,harv,2,5,33.35,3
2006,harv,2,5,44,3
2006,harv,2,5,19.82,3
2006,harv,2,5,18.46,4
2006,harv,2,5,25.48,3
2006,harv,2,5,48.37,4
2006,harv,2,5,26.87,4
2006,harv,2,5,12.49,3
2006,harv,2,5,43.1,3
2006,harv,2,5,41.37,3
2006,harv,2,5,22.82,4
2006,harv,2,5,33.88,3
2006,harv,2,5,22.77,4
2006,harv,2,5,46.98,2
2006,harv,2,5,20.13,4
2006,harv,2,5,22.27,4
2006,harv,2,5,11.7,3
2006,harv,2,5,17.23,3
2006,harv,2,5,14.03,3
2006,harv,2,5,20.03,2
2006,harv,2,5,21.8,3
2006,harv,2,5,22.71,3
2006,harv,2,5,13.96,3
2006,harv,2,5,23.57,3
2006,harv,2,5,16.88,3
2006,harv,2,6,17.29,4
2006,harv,2,6,23,2
2006,harv,2,6,58.92,4
2006,harv,2,6,26.45,3
2006,harv,2,6,26.25,3
2006,harv,2,6,40.5,4
2006,harv,2,6,43.45,3
2006,harv,2,6,19.42,3
2006,harv,2,6,18.57,2
2006,harv,2,6,21.42,2
2006,harv,2,6,22.75,3
2006,harv,2,6,18.26,3
2006,harv,2,6,23.69,3
2006,harv,2,6,44.23,3
2006,harv,2,6,14.27,3
2006,harv,2,6,21.18,3
2006,harv,2,6,24.66,4
2006,harv,2,6,48.51,3
2006,harv,2,6,10.12,3
2006,harv,2,6,19.14,3
2006,harv,2,6,27.11,3
2006,harv,2,6,24.9,3
2006,harv,2,6,57.9,3
2006,harv,2,6,11.44,3
2006,harv,2,6,39.52,3
2006,harv,2,6,13.93,4
2006,harv,2,6,10.48,3
2006,harv,2,6,11.33,3
2006,harv,2,6,21.13,3
2006,harv,2,6,17.7,3
2006,harv,2,6,29.79,3
2006,harv,2,6,20.46,3
2006,harv,2,6,26.97,3
2006,harv,2,6,18.65,3
2006,harv,2,6,15.29,3
2006,harv,2,6,36.4,3
2006,harv,2,6,24.45,3
2006,harv,2,6,66.56,3
2006,harv,2,6,11.03,3
2006,harv,2,6,10.21,3
2006,harv,2,6,20.52,3
2006,harv,2,6,18.47,3
2006,harv,2,6,20.81,3
2006,harv,2,6,11.91,3
2006,harv,2,6,17.22,3
2006,harv,2,6,27.7,4
2006,harv,2,6,24.8,4
2006,harv,2,6,19.99,2
2006,harv,2,6,24.92,3
2006,harv,2,6,14.53,3
2006,harv,2,6,18.75,2
2006,harv,2,6,37.84,3
2006,harv,2,6,47.18,3
2006,harv,2,6,21.35,5
2006,harv,2,6,23.4,3
2006,harv,2,6,19.78,4
2006,harv,2,7,54.51,3
2006,harv,2,7,45.44,3
2006,harv,2,7,34.03,3
2006,harv,2,7,23.75,3
2006,harv,2,7,31.73,3
2006,harv,2,7,60.53,3
2006,harv,2,7,44.12,4
2006,harv,2,7,27.05,4
2006,harv,2,7,42.79,4
2006,harv,2,7,37.6,5
2006,harv,2,7,17.21,4
2006,harv,2,7,28.68,3
2006,harv,2,7,12.77,3
2006,harv,2,7,13.95,3
2006,harv,2,7,13.47,3
2006,harv,2,7,16.18,3
2006,harv,2,7,40.48,3
2006,harv,2,7,21.69,3
2006,harv,2,7,23.56,3
2006,harv,2,7,30.09,3
2006,harv,2,7,73.36,3
2006,harv,2,7,12.51,3
2006,harv,2,7,11.66,4
2006,harv,2,7,62.28,3
2006,harv,2,7,60.49,4
2006,harv,2,7,12.32,2
2006,harv,2,7,13.38,2
2006,harv,2,7,17.57,3
2006,harv,2,7,13.53,3
2006,harv,2,7,15.24,3
2006,harv,2,7,55.08,3
2006,harv,2,7,34.27,3
2006,harv,3,1,20.58,4
2006,harv,3,1,20.57,2
2006,harv,3,1,64.2,3
2006,harv,3,1,43.18,3
2006,harv,3,1,28,3
2006,harv,3,1,44.41,3
2006,harv,3,1,25.16,4
2006,harv,3,1,54.25,4
2006,harv,3,1,21.23,2
2006,harv,3,1,47.24,3
2006,harv,3,1,40.33,5
2006,harv,3,1,44.64,3
2006,harv,3,1,20.82,4
2006,harv,3,1,40.27,3
2006,harv,3,1,47.19,4
2006,harv,3,1,25.21,4
2006,harv,3,1,46.67,3
2006,harv,3,2,31.66,3
2006,harv,3,2,24.27,3
2006,harv,3,2,32.1,3
2006,harv,3,2,67,4
2006,harv,3,2,34.31,4
2006,harv,3,2,53.86,5
2006,harv,3,2,23.04,5
2006,harv,3,2,43.17,2
2006,harv,3,2,70.75,3
2006,harv,4,1,44.28,2
2006,harv,4,1,20.66,2
2006,harv,4,1,68.87,2
2006,harv,4,1,65.02,2
2006,harv,4,1,43.75,3
2006,harv,4,1,49.69,3
2006,harv,4,2,21.1,2
2006,harv,4,2,22.22,2
2006,harv,4,2,24.46,2
2006,harv,4,2,27.94,3
2006,harv,4,2,20.34,3
2006,harv,4,2,46.48,3
2006,harv,4,2,24.69,4
2006,harv,4,2,55.27,3
2006,harv,4,2,25.75,3
2006,harv,4,2,27.79,2
2006,harv,4,2,25.88,3
2006,harv,4,2,39.79,4
2006,harv,4,2,23.7,4
2006,harv,4,2,30.44,3
2006,harv,4,2,54.57,5
2006,harv,4,2,25.3,4
2006,harv,4,3,26.01,4
2006,harv,4,3,21.92,3
2006,harv,4,3,34.41,3
2006,harv,4,3,24.85,3
2006,harv,4,3,32.17,4
2006,harv,4,3,45.69,4
2006,harv,4,3,46.5,3
2006,harv,4,3,48.39,4
2006,harv,4,4,20.02,5
2006,harv,4,4,21.57,5
2006,harv,4,4,27.4,4
2006,harv,4,4,28.3,4
2006,harv,4,4,36.38,3
2006,harv,4,4,41.43,4
2006,harv,4,4,29.35,5
2006,harv,4,4,27.07,3
2006,harv,4,4,64.05,3
2006,harv,4,4,27.3,4
2006,harv,4,4,57.92,3
2006,harv,4,4,37.35,3
2006,harv,4,4,58.35,4
2006,harv,4,4,69.4,3
2006,harv,4,4,61.28,4
2006,harv,4,4,26.9,4
2006,harv,4,5,25.68,3
2006,harv,4,5,23.2,4
2006,harv,4,5,21.88,4
2006,harv,4,5,45.97,3
2006,harv,4,5,43.06,3
2006,harv,4,5,40.47,3
2006,harv,4,5,29.19,3
2006,harv,4,5,50.32,3
2006,harv,4,5,26.14,4
2006,harv,4,6,23.2,4
2006,harv,4,6,26.67,3
2006,harv,4,6,20.32,4
2006,harv,4,6,44.31,5
2006,harv,4,6,34.52,3
2006,harv,4,6,57.48,3
2006,harv,4,6,33.5,5
2006,harv,4,6,28.12,5
2006,harv,4,7,35.84,3
2006,harv,4,7,24.22,2
2006,harv,4,7,22.58,4
2006,harv,4,7,48.05,3
2006,harv,4,7,50.53,4
2006,harv,4,8,24.09,3
2006,harv,4,8,33.67,4
2006,harv,4,8,32.8,3
2006,harv,4,8,32.41,4
2006,harv,4,8,24.12,4
2006,harv,4,8,21.03,4
2006,harv,4,8,43.48,3
2006,harv,4,8,34.56,5
2006,harv,4,8,20.25,3
2006,harv,4,8,52.47,3
2006,harv,4,8,25.25,3
2006,harv,4,8,40.18,3
2006,harv,4,8,21.71,3
2006,harv,4,8,20.58,3
2006,harv,4,9,40.93,3
2006,harv,4,9,25.56,4
2006,harv,4,9,61.58,5
2006,harv,4,9,25.66,1
2006,harv,4,9,25.39,2
2006,harv,4,9,42.78,3
2006,harv,4,9,51.81,1
2006,harv,4,10,34.75,3
2006,harv,4,10,40.98,4
2006,harv,4,10,23.91,4
2006,harv,4,10,29.47,3
2006,harv,4,10,31.44,4
2006,harv,4,10,60.4,3
2006,harv,4,10,71.89,4
2006,harv,4,10,22.67,5
2006,harv,4,10,21.48,4
2006,harv,4,10,44.08,5
2006,harv,4,10,72.41,3
2006,harv,4,10,27.97,3
2006,harv,4,10,49.08,4
2006,harv,4,10,39.32,3
2006,harv,4,10,50.79,3
2006,harv,4,11,74.09,3
2006,harv,4,11,21.03,5
2006,harv,4,11,71.95,4
2006,harv,4,11,51.22,4
2006,harv,4,11,20.98,3
2006,harv,4,11,70.93,2
2006,harv,4,11,72.59,2
2006,harv,4,11,22.45,2
2006,harv,4,11,47.33,3
2006,harv,4,11,20.28,2
2006,harv,4,11,24.34,2
2006,harv,4,12,20.83,4
2006,harv,4,12,23.04,5
2006,harv,4,12,21.93,5
2006,harv,4,12,25.12,4
2006,harv,4,12,43.46,4
2006,harv,4,12,21.75,4
2006,harv,4,12,28.22,3
2006,harv,4,12,30.96,5
2006,harv,4,12,29.05,3
2006,harv,4,12,43.07,4
2006,harv,4,12,25.34,3
2006,harv,4,12,31.32,4
2006,harv,4,12,37.06,5
2006,harv,4,12,30.01,3
2006,harv,4,13,28.86,3
2006,harv,4,13,46.54,4
2006,harv,4,13,23.66,3
2006,harv,4,13,21.34,4
2006,harv,4,13,23.9,2
2006,harv,4,13,51.24,3
2006,harv,4,13,31.21,3
2006,harv,4,13,34.33,3
2006,harv,4,13,47.87,3
2006,harv,4,13,45.97,3
2006,harv,4,13,74.16,3
2006,harv,4,13,24.63,5
2006,harv,4,13,39.81,3
2006,harv,4,13,34.93,4
2006,harv,4,13,32.13,3
2006,harv,4,13,52.9,2
2006,harv,4,13,22.58,3
2006,harv,4,14,40.53,3
2006,harv,4,14,62.58,3
2006,harv,4,14,21.5,3
2006,harv,4,14,23.95,4
2006,harv,4,14,37.61,3
2006,harv,4,14,45.97,3
2006,harv,4,14,38.13,4
2006,harv,4,14,39.52,3
2006,harv,4,14,24.03,3
2006,harv,4,14,70.04,3
2006,harv,4,14,27.6,5
2006,harv,4,14,30.24,3
2006,harv,4,14,22.12,4
2006,harv,4,14,31.58,5
2006,harv,4,15,52.45,3
2006,harv,4,15,23.04,2
2006,harv,4,15,20.37,2
2006,harv,4,15,24.54,2
2006,harv,4,15,69.11,2
2006,harv,4,15,64.07,2
2006,harv,4,15,29.82,4
2006,harv,4,15,27.52,3
2006,harv,4,15,42.69,2
2006,harv,4,15,55.94,3
2006,harv,4,15,29.49,2
2006,harv,4,15,52.47,2
2006,harv,4,15,32.39,3
2006,harv,4,15,41.61,2
2006,harv,4,15,77.26,2
2006,harv,4,15,35.64,3
2006,harv,4,15,30,5
2006,harv,4,15,39.53,5
2006,harv,4,15,63.39,2
2006,harv,4,15,34.35,5
2006,harv,4,15,66.85,5
2006,harv,4,15,25.25,3
2009,ems,1,1,23.57,3
2009,ems,1,1,15.34,3
2009,ems,1,1,16.26,2
2009,ems,1,1,35.15,4
2009,ems,1,2,0,0
2009,ems,1,3,23.75,1
2009,ems,1,3,15.62,1
2009,ems,1,3,54.32,1
2009,ems,1,3,51.87,1
2009,ems,1,3,56.44,1
2009,ems,1,3,59.34,1
2009,ems,1,3,24.21,1
2009,ems,1,3,22.86,1
2009,ems,1,3,30.52,1
2009,ems,1,3,29.16,1
2009,ems,1,3,21.14,3
2009,ems,1,3,28.23,4
2009,ems,1,4,27.72,3
2009,ems,1,4,42.03,4
2009,ems,1,5,0,0
2009,ems,1,6,26.55,3
2009,ems,1,7,23.07,1
2009,ems,1,7,45.8,4
2009,ems,1,7,24.85,3
2009,ems,1,7,23.54,3
2009,ems,1,7,13.57,3
2009,ems,1,8,12.78,3
2009,ems,1,8,17.64,3
2009,ems,1,8,15.89,3
2009,ems,1,8,24.45,2
2009,ems,1,8,15.12,1
2009,ems,1,8,15.2,1
2009,ems,1,8,17.56,1
2009,ems,1,8,54.87,4
2009,ems,1,9,30.57,4
2009,ems,1,9,23.16,3
2009,ems,1,9,43.55,3
2009,ems,1,9,56.34,4
2009,ems,1,9,24.43,2
2009,ems,1,9,22.18,3
2009,ems,1,9,26.2,2
2009,ems,1,10,19.25,2
2009,ems,1,10,26.82,4
2009,ems,1,10,35.68,4
2009,ems,1,10,42.13,4
2009,ems,1,10,34.72,4
2009,ems,1,10,33.75,4
2009,ems,1,10,61.69,4
2009,ems,1,10,24.4,3
2009,ems,1,10,52.35,4
2009,ems,1,10,47.86,4
2009,ems,1,10,25.07,3
2009,ems,1,11,28.99,3
2009,ems,1,11,40.89,4
2009,ems,1,11,32.94,1
2009,ems,1,11,63.64,3
2009,ems,1,11,35.07,4
2009,ems,1,12,21.7,2
2009,ems,1,12,16.65,3
2009,ems,1,12,19.5,3
2009,ems,1,12,16.15,3
2009,ems,1,13,18.1,2
2009,ems,1,13,18.16,3
2009,ems,1,13,25.03,3
2009,ems,1,13,16.57,3
2009,ems,1,13,62.17,3
2009,ems,1,13,21.59,3
2009,ems,1,13,20.56,3
2009,ems,1,14,23.77,2
2009,ems,1,14,19.29,2
2009,ems,1,14,42.21,4
2009,ems,1,14,32.96,4
2009,ems,1,14,71.99,4
2009,ems,1,14,21.84,3
2009,ems,1,14,49.68,4
2009,ems,1,14,14.31,3
2009,ems,1,15,26.44,3
2009,ems,1,15,18.3,2
2009,ems,1,15,36.11,3
2009,ems,1,15,20.06,3
2009,ems,1,15,36.06,3
2009,ems,1,15,14.68,3
2009,ems,1,15,20.29,3
2009,ems,1,15,20.19,3
2009,ems,1,15,19.96,4
2009,ems,2,1,36.43,1
2009,ems,2,1,16.65,1
2009,ems,2,1,44.68,1
2009,ems,2,1,16.61,1
2009,ems,2,1,23.2,1
2009,ems,2,2,23.64,4
2009,ems,2,2,19.07,3
2009,ems,2,2,35.75,4
2009,ems,2,2,31.67,3
2009,ems,2,2,41.98,3
2009,ems,2,2,35.96,4
2009,ems,2,3,16.6,3
2009,ems,2,3,33.11,4
2009,ems,2,3,33.57,4
2009,ems,2,3,55.25,4
2009,ems,2,3,14.8,2
2009,ems,2,4,22.28,3
2009,ems,2,4,22.42,4
2009,ems,2,4,35.44,4
2009,ems,2,4,52.85,3
2009,ems,2,5,18.1,2
2009,ems,2,5,38.06,2
2009,ems,2,5,63.54,3
2009,ems,2,5,52.37,4
2009,ems,2,5,45.27,2
2009,ems,2,5,18.04,3
2009,ems,2,6,15.92,3
2009,ems,2,6,15.46,3
2009,ems,2,6,28.31,3
2009,ems,2,6,16.69,3
2009,ems,2,6,36.54,4
2009,ems,2,6,14.89,3
2009,ems,2,6,19.31,3
2009,ems,2,6,43.46,3
2009,ems,2,6,18.16,3
2009,ems,2,6,58.38,3
2009,ems,2,6,34.73,3
2009,ems,2,7,34.35,3
2009,ems,2,7,34.21,3
2009,ems,2,7,22.12,2
2009,ems,2,7,24.1,2
2009,ems,2,7,22.2,3
2009,ems,2,7,15.63,3
2009,ems,2,7,16.58,3
2009,ems,2,7,17.43,2
2009,ems,2,7,35.85,4
2009,ems,2,7,29.17,4
2009,ems,2,8,64.85,4
2009,ems,2,8,24.41,4
2009,ems,2,8,23.43,4
2009,ems,2,8,28.64,4
2009,ems,2,8,45.89,4
2009,ems,2,9,18.78,3
2009,ems,2,9,19.25,2
2009,ems,2,9,27.83,1
2009,ems,2,9,17.6,3
2009,ems,2,9,30.92,2
2009,ems,2,9,16.78,1
2009,ems,2,9,36.2,3
2009,ems,2,9,32.72,3
2009,ems,2,9,17.85,3
2009,ems,2,9,17.6,4
2009,ems,2,9,26.83,4
2009,ems,2,10,20.88,1
2009,ems,2,10,34.91,4
2009,ems,2,10,28.39,4
2009,ems,2,10,19.94,3
2009,ems,2,10,18.86,3
2009,ems,2,10,17.06,2
2009,ems,2,10,35.99,1
2009,ems,2,10,36.77,3
2009,ems,2,10,19.53,3
2009,ems,2,10,16.88,3
2009,ems,2,10,20.04,3
2009,ems,2,10,21.84,4
2009,ems,2,10,51.67,4
2009,ems,2,11,16.29,2
2009,ems,2,11,16.01,2
2009,ems,2,11,31.61,1
2009,ems,2,11,67.87,4
2009,ems,2,12,16.25,1
2009,ems,2,12,16.09,1
2009,ems,2,12,16.56,3
2009,ems,2,12,39.94,3
2009,ems,2,12,23.35,4
2009,ems,2,12,63.32,3
2009,ems,2,12,26.67,4
2009,ems,2,12,20.79,4
2009,ems,2,12,25.5,2
2009,ems,2,13,19.03,1
2009,ems,2,13,23.9,1
2009,ems,2,13,31.48,1
2009,ems,2,13,16.62,1
2009,ems,2,13,26.81,3
2009,ems,2,13,30.5,4
2009,ems,2,13,20.65,3
2009,ems,2,13,20.36,4
2009,ems,2,13,31.02,4
2009,ems,2,14,32.41,3
2009,ems,2,14,33.18,3
2009,ems,2,14,35.28,4
2009,ems,2,14,38.63,3
2009,ems,2,14,15.44,3
2009,ems,2,14,31.9,3
2009,ems,2,14,17.98,3
2009,ems,2,14,40.32,3
2009,ems,2,14,28.72,4
2009,ems,2,14,21.91,3
2009,ems,2,15,14.07,3
2009,ems,2,15,20.51,2
2009,ems,2,15,40.32,2
2009,ems,2,15,28.07,3
2009,ems,2,15,54.75,3
2009,ems,2,15,18.55,3
2009,ems,2,15,29.98,4
2009,ems,2,15,69.58,4
2009,ems,2,15,19.74,3
2009,ems,2,15,49.84,3
