sample.date,plot,sample.number,tree.tag,spp,N.percent,C.percent,vial.label
1998-08-14,A1,NA,2,rm,1.59,51.2,NA
1998-08-14,A1,NA,2,rm,1.66,51.22,NA
1998-08-14,A1,NA,6,rm,1.54,51.71,NA
1998-08-14,A1,NA,6,rm,1.56,51.65,NA
1998-08-14,A1,NA,11,rm,1.88,51.14,NA
1998-08-14,A1,NA,11,rm,2.01,51.51,NA
1998-08-14,A1,NA,12,rm,1.8356,51.3011,NA
1998-08-14,A1,NA,12,rm,1.8195,51.1693,NA
1998-08-14,A1,NA,18,rm,1.93,50.51,NA
1998-08-14,A1,NA,18,rm,2,50.66,NA
1998-08-27,A3,NA,54,ro,2.32,51.22,NA
1998-08-27,A3,NA,54,ro,2.55,51.61,NA
1998-08-27,A3,NA,57,ro,1.96899,50.15819,NA
1998-08-27,A3,NA,57,ro,1.95468,49.76342,NA
1998-08-27,A3,NA,58,ro,2.2,51.27,NA
1998-08-27,A3,NA,58,ro,2.24,51.09,NA
1998-08-27,A3,NA,60,rm,1.7309,51.15,NA
1998-08-27,A3,NA,60,rm,1.82,52.22,NA
1998-08-27,A3,NA,61,ro,2.19,51.71,NA
1998-08-27,A3,NA,61,ro,2.28,51.88,NA
1998-08-27,A3,NA,66,rm,1.9564,51.607,NA
1998-08-27,A3,NA,66,rm,1.9075,51.4539,NA
1998-08-27,A3,NA,67,rm,1.82962,49.64247,NA
1998-08-27,A3,NA,67,rm,1.70409,49.58495,NA
1998-08-27,A3,NA,69,rm,1.626,51.0434,NA
1998-08-27,A3,NA,69,rm,1.7027,51.2425,NA
1998-08-27,A3,NA,70,ro,1.96,50.77,NA
1998-08-27,A3,NA,70,ro,2.01,51.49,NA
1998-08-16,A5,NA,105,ro,1.91685,50.89974,NA
1998-08-16,A5,NA,105,ro,1.97255,51.39398,NA
1998-08-04,A5,NA,109,ro,2.22,51.31,NA
1998-08-04,A5,NA,109,ro,2.24,51.77,NA
1998-08-16,A5,NA,112,ro,2.01,50.86,NA
1998-08-16,A5,NA,112,ro,2.06,50.85,NA
1998-08-16,A5,NA,132,ro,1.84,50.91,NA
1998-08-16,A5,NA,132,ro,1.85,50.92,NA
1998-08-16,A5,NA,134,ro,2.16,50.63,NA
1998-08-16,A5,NA,134,ro,2.23,50.95,NA
1998-08-16,B2,NA,180,rm,1.77,50.12,NA
1998-08-16,B2,NA,180,rm,1.8,50.58,NA
1998-08-16,B2,NA,185,rm,1.79569,50.237,NA
1998-08-16,B2,NA,185,rm,1.81641,49.64395,NA
1998-08-16,B2,NA,187,rm,1.8,51.58,NA
1998-08-16,B2,NA,187,rm,1.85,51.41,NA
1998-08-16,B2,NA,194,rm,2.2,51.24,NA
1998-08-16,B2,NA,194,rm,2.32,51.5,NA
1998-08-27,B4,NA,251,ro,2.20401,50.78618,NA
1998-08-27,B4,NA,251,ro,2.20052,51.0238,NA
1998-08-16,B4,NA,255,rm,1.57,50.58,NA
1998-08-16,B4,NA,255,rm,1.58,50.42,NA
1998-08-16,B4,NA,257,rm,1.83,51.14,NA
1998-08-16,B4,NA,257,rm,1.87,50.93,NA
NA,B4,NA,258,rm,1.38,50.42,NA
NA,B4,NA,258,rm,1.57,50.38,NA
1998-08-16,B4,NA,259,rm,1.73,50.55,NA
1998-08-16,B4,NA,259,rm,1.82,50.85,NA
1998-08-16,B4,NA,261,rm,1.95,51.38,NA
1998-08-16,B4,NA,261,rm,1.97,51.14,NA
1998-08-13,B4,NA,265,gb,2.46,51.96,NA
1998-08-13,B4,NA,265,gb,2.56,50.98,NA
1998-08-13,B4,NA,266,gb,2.04,49.37,NA
1998-08-13,B4,NA,266,gb,2.07,49.4,NA
1998-08-13,B4,NA,267,gb,2.02,50.78,NA
1998-08-13,B4,NA,267,gb,2.03,51.14,NA
1998-08-13,B4,NA,269,gb,2.04109,50.03328,NA
1998-08-13,B4,NA,269,gb,2.06458,50.44894,NA
1998-08-16,B4,NA,272,rm,1.55,51.23,NA
1998-08-16,B4,NA,272,rm,1.58,51.15,NA
1998-08-13,B4,NA,274,gb,2,49.41,NA
1998-08-13,B4,NA,274,gb,2.12,49.99,NA
1998-08-27,B4,NA,275,ro,2.298506975,51.2455864,NA
1998-08-27,B4,NA,275,ro,2.295606852,51.26248932,NA
1998-08-27,B4,NA,277,ro,2.09785,50.78724,NA
1998-08-27,B4,NA,277,ro,2.2198,51.10209,NA
1998-08-27,B4,NA,280,ro,2.319,50.5604,NA
1998-08-27,B4,NA,280,ro,2.128,50.0765,NA
1998-08-27,C1,NA,353,ro,2.7151,51.4247,NA
1998-08-27,C1,NA,353,ro,2.6602,51.4416,NA
1998-08-27,C1,NA,361,ro,1.912723422,50.26383591,NA
1998-08-27,C1,NA,361,ro,2.012773514,50.35509109,NA
1998-08-27,C1,NA,361,ro,2.244507074,50.73960876,NA
1998-08-27,C1,NA,361,ro,2.291076183,51.03009796,NA
1998-08-27,C1,NA,361,ro,2.175111055,50.64852524,NA
1998-08-27,C1,NA,361,ro,2.213707209,50.83971024,NA
NA,C1,NA,362,ro,2.1,50.92,NA
NA,C1,NA,362,ro,2.28,51.33,NA
1998-08-17,C1,NA,363,ro,2.222109556,51.03382874,NA
1998-08-17,C1,NA,363,ro,2.24,51.61,NA
1998-08-27,C3,NA,404,rm,1.89,50.84,NA
1998-08-27,C3,NA,404,rm,1.89,51.13,NA
1998-08-27,C3,NA,407,rm,1.5708,50.7032,NA
1998-08-27,C3,NA,407,rm,1.6418,50.8163,NA
1998-08-27,C3,NA,410,ash,2.02,48.16,NA
1998-08-27,C3,NA,410,ash,2.04,48.34,NA
1998-08-27,C3,NA,411,rm,1.7758,50.6839,NA
1998-08-27,C3,NA,411,rm,1.8033,50.8328,NA
1998-08-27,C3,NA,416,rm,1.44,51.57,NA
1998-08-27,C3,NA,416,rm,1.5,51.81,NA
1998-08-16,C3,NA,418,ash,2.066,48.4459,NA
1998-08-16,C3,NA,418,ash,2.1473,48.7335,NA
1998-08-16,C3,NA,421,ash,1.86595,48.1855,NA
1998-08-16,C3,NA,421,ash,1.85352,48.18384,NA
1998-08-16,C3,NA,426,ash,2,47.85,NA
1998-08-16,C3,NA,426,ash,2.02,47.82,NA
1998-08-13,C5,NA,501,ro,2.044351578,50.75448608,NA
1998-08-13,C5,NA,501,ro,2.08,51.49,NA
1998-08-12,C5,NA,505,rm,1.57634,50.41579,NA
1998-08-12,C5,NA,505,rm,1.54233,50.07854,NA
1998-08-12,C5,NA,509,rm,1.658593535,50.47605896,NA
1998-08-12,C5,NA,509,rm,1.6,51.15,NA
1998-08-12,C5,NA,512,rm,1.8896,51.2217,NA
1998-08-12,C5,NA,512,rm,1.7851,51.0084,NA
1998-08-13,C5,NA,513,ro,1.96855,50.08024,NA
1998-08-13,C5,NA,513,ro,2.03158,49.87735,NA
1998-08-13,C5,NA,515,ro,2.1314,51.5038,NA
1998-08-13,C5,NA,515,ro,1.9491,51.3681,NA
1998-08-13,C5,NA,519,ro,2.2,51.78,NA
1998-08-13,C5,NA,519,ro,2.22,51.69,NA
1998-08-27,D2,NA,580,rm,1.84,50.76,NA
1998-08-27,D2,NA,580,rm,1.91,51.5,NA
1998-08-27,D2,NA,583,rm,1.82,50.38,NA
1998-08-27,D2,NA,583,rm,1.85,50.4,NA
1998-08-27,D2,NA,590,rm,1.9318,50.7352,NA
1998-08-27,D2,NA,590,rm,1.9348,50.8438,NA
1998-08-27,D2,NA,592,rm,1.75,51.42,NA
1998-08-27,D2,NA,592,rm,1.77,51.62,NA
1998-08-13,D4,NA,627,cherry,2.13,49.84,NA
1998-08-13,D4,NA,627,cherry,2.2,49.74,NA
1998-08-13,D4,NA,628,cherry,2.28,49.22,NA
1998-08-13,D4,NA,628,cherry,2.32,49.35,NA
1998-08-13,D4,NA,629,cherry,2.49,50.04,NA
1998-08-13,D4,NA,629,cherry,2.53,50.22,NA
1998-08-14,D4,NA,631,ash,1.89,48.59,NA
1998-08-14,D4,NA,631,ash,1.98,48.46,NA
1998-08-14,D4,NA,635,ash,1.94,49.07,NA
1998-08-14,D4,NA,635,ash,1.96,49.05,NA
1998-08-14,D4,NA,637,ash,1.86871,48.4695,NA
1998-08-14,D4,NA,637,ash,1.86435,48.55976,NA
1998-08-14,D4,NA,641,ash,1.85,48.98,NA
1998-08-14,D4,NA,641,ash,1.87,49.06,NA
1998-08-13,D4,NA,643,cherry,2.22,49.6,NA
1998-08-13,D4,NA,643,cherry,2.23,49.5,NA
1998-08-27,E1,NA,679,rm,1.53,50.84,NA
1998-08-27,E1,NA,679,rm,1.54,50.35,NA
1998-08-27,E1,NA,683,rm,1.93,51,NA
1998-08-27,E1,NA,683,rm,1.95,51.25,NA
1998-08-27,E1,NA,685,rm,1.58,52.7,NA
1998-08-27,E1,NA,685,rm,1.59,52.56,NA
1998-08-27,E1,NA,686,rm,1.53,49.49,NA
1998-08-27,E1,NA,686,rm,1.55,49.93,NA
1998-08-27,E3,NA,753,ro,2.41,51.62,NA
1998-08-27,E3,NA,753,ro,2.5,51.94,NA
1998-08-27,E3,NA,761,ro,2.413763762,51.01000214,NA
1998-08-27,E3,NA,761,ro,2.26,51.25,NA
NA,E3,NA,766,ro,2.370405197,51.56212616,NA
NA,E3,NA,766,ro,2.389590502,51.48051071,NA
1998-08-27,E3,NA,769,ro,2.3,51.71,NA
1998-08-27,E3,NA,769,ro,2.4,52.05,NA
1998-08-12,E5,NA,879,wp,1.27,52.41,NA
1998-08-12,E5,NA,879,wp,1.34,52.36,NA
1998-08-12,E5,NA,885,rm,1.69,50.59,NA
1998-08-12,E5,NA,885,rm,1.71,50.62,NA
1998-08-12,E5,NA,897,wp,1.33,54.23,NA
1998-08-12,E5,NA,897,wp,1.35,54.15,NA
1998-08-12,E5,NA,899,wp,1.29,53.87,NA
1998-08-12,E5,NA,899,wp,1.3,53.98,NA
1998-08-12,E5,NA,901,wp,1.25,53.07,NA
1998-08-12,E5,NA,901,wp,1.27,53.33,NA
1998-08-27,F2,NA,977,rm,1.96,52.33,NA
1998-08-27,F2,NA,977,rm,2.04,52.59,NA
1998-08-27,F2,NA,984,rm,1.7,50.9,NA
1998-08-27,F2,NA,984,rm,1.7,50.69,NA
1998-08-27,F2,NA,986,rm,1.493321896,48.37744141,NA
1998-08-27,F2,NA,986,rm,1.507587552,48.8612442,NA
1998-08-27,F2,NA,987,rm,1.578431606,50.45363235,NA
1998-08-27,F2,NA,987,rm,1.559118986,49.99084473,NA
1998-08-27,F2,NA,991,ro,2.27,50.77,NA
1998-08-27,F2,NA,991,ro,2.39,50.93,NA
1998-08-27,F2,NA,992,ro,2.44,51.24,NA
1998-08-27,F2,NA,992,ro,2.52,51.19,NA
1998-08-27,F2,NA,995,ro,2.11,50.39,NA
1998-08-27,F2,NA,995,ro,2.13,50.66,NA
1998-08-12,F4,NA,29,ro,2.07,52.9,NA
1998-08-12,F4,NA,29,ro,2.26,52.93,NA
1998-08-12,F4,NA,29,ro,2.101466417,50.54330826,NA
1998-08-12,F4,NA,36,ro,2.47,51.9,NA
1998-08-12,F4,NA,36,ro,2.5,51.35,NA
1998-08-12,F4,NA,40,rm,1.81,49.42,NA
1998-08-12,F4,NA,40,rm,1.93,49.83,NA
1998-08-12,F4,NA,42,rm,2,51.7,NA
1998-08-12,F4,NA,42,rm,2.04,52.18,NA
1998-08-12,F4,NA,49,ro,2.25,51.63,NA
1998-08-12,F4,NA,49,ro,2.4,51.76,NA
1998-08-12,F4,NA,51,ro,2.44,51.57,NA
1998-08-12,F4,NA,51,ro,2.45,51.3,NA
1998-08-12,F4,NA,62,wp,1.32,52.72,NA
1998-08-12,F4,NA,62,wp,1.33,52.56,NA
1998-08-12,F4,NA,64,wp,1.49,53.47,NA
1998-08-12,F4,NA,64,wp,1.49,53.48,NA
1998-08-12,F4,NA,68,rm,1.981606245,49.84798813,NA
1998-08-12,F4,NA,68,rm,2.06,50.44,NA
1998-08-12,F4,NA,71,rm,1.75,51.14,NA
1998-08-12,F4,NA,71,rm,1.76,51.17,NA
1998-08-12,F4,NA,73,wp,1.21,52.1,NA
1998-08-12,F4,NA,73,wp,1.22,52.22,NA
1998-08-27,G1,NA,158,rp,1.12,52.66,NA
1998-08-27,G1,NA,158,rp,1.12,52.91,NA
1998-08-27,G1,NA,161,rp,1.22,53.61,NA
1998-08-27,G1,NA,161,rp,1.23,53.76,NA
1998-09-03,G1,NA,168,rp,1.28,52.61,NA
1998-09-03,G1,NA,168,rp,1.29,52.88,NA
NA,G1,NA,174,rp,1.09,52.92,NA
NA,G1,NA,174,rp,1.1,52.99,NA
1998-08-27,G3,NA,230,rm,1.45,51.36,NA
1998-08-27,G3,NA,230,rm,1.47,51.03,NA
1998-09-02,G3,NA,231,yb,1.31,48.57,NA
1998-09-02,G3,NA,231,yb,1.34,48.99,NA
1998-08-27,G3,NA,233,rm,1.28,51.03,NA
1998-08-27,G3,NA,233,rm,1.32,51.2,NA
NA,G3,NA,236,yb,1.73,50.95,NA
NA,G3,NA,236,yb,1.74,51.07,NA
1998-08-27,G3,NA,239,rm,1.15,52.58,NA
1998-08-27,G3,NA,239,rm,1.16,52.61,NA
1998-09-03,G3,NA,241,yb,1.41,49.72,NA
1998-09-03,G3,NA,241,yb,1.45,49.72,NA
1998-08-27,G3,NA,243,rm,1.31,52.26,NA
1998-08-27,G3,NA,243,rm,1.35,52.32,NA
1998-08-12,G5,NA,268,ro,2.308023453,51.36371613,NA
1998-08-12,G5,NA,268,ro,2.25,51.14,NA
1998-08-12,G5,NA,279,ro,2.12,51.82,NA
1998-08-12,G5,NA,279,ro,2.19,51.66,NA
1998-08-12,G5,NA,291,ro,2.22,53.12,NA
1998-08-12,G5,NA,291,ro,2.23,52.98,NA
1998-08-12,G5,NA,295,ro,2.1,51.82,NA
1998-08-12,G5,NA,295,ro,2.1,52.32,NA
1998-09-03,H2,NA,328,rm,1.64,49.89,NA
1998-09-03,H2,NA,328,rm,1.78,57.07,NA
1998-09-03,H2,NA,329,rm,1.74,51.28,NA
1998-09-03,H2,NA,329,rm,1.79,51.49,NA
1998-09-03,H2,NA,333,ro,1.98,51.87,NA
1998-09-03,H2,NA,333,ro,2,52.1,NA
1998-09-03,H2,NA,336,ro,2.11,50.39,NA
1998-09-03,H2,NA,336,ro,2.11,50.56,NA
1998-09-03,H2,NA,346,rm,1.77,50.95,NA
1998-09-03,H2,NA,346,rm,1.83,51.01,NA
1998-09-03,H2,NA,348,rm,1.55,50.48,NA
1998-09-03,H2,NA,348,rm,1.61,50.62,NA
1998-09-03,H2,NA,352,ro,2.43,51.11,NA
1998-09-03,H2,NA,352,ro,2.5,51.36,NA
1998-09-02,H2,NA,354,ro,2.14,51.14,NA
1998-09-02,H2,NA,354,ro,2.21,51.35,NA
1998-09-03,H4,NA,375,rm,1.18,49.28,NA
1998-09-03,H4,NA,375,rm,1.19,49.47,NA
1998-09-02,H4,NA,376,rm,1.22,50.65,NA
1998-09-02,H4,NA,376,rm,1.26,50.89,NA
1998-09-03,H4,NA,377,rm,1.37,49.26,NA
1998-09-03,H4,NA,377,rm,1.45,49.54,NA
1998-09-03,H4,NA,379,rm,1.16,49.48,NA
1998-09-03,H4,NA,379,rm,1.182,49.48,NA
2000-08-01,A2,1,NA,oak,2.1717453,50.49327087,oak 1
2000-08-01,A2,1,NA,oak,2.166569471,50.28960037,oak 1
2000-08-01,A2,2,NA,oak,2.508780003,50.85401917,oak
2000-08-01,A2,2,NA,oak,2.452882767,49.35736084,oak
2000-08-02,A2,2,NA,oak,2.426491499,50.44876099,oak
2000-08-01,A2,3,NA,oak,2.248157501,50.79228973,oak 3
2000-08-01,A2,3,NA,oak,2.297314644,49.71331024,oak 3
2000-08-01,A4,1,NA,oak,2.368512154,51.56292725,oak1
2000-08-01,A4,1,NA,oak,2.262646198,49.05417633,oak1
2000-08-01,A4,2,83,bo,2.553696156,51.0013504,oak2
2000-08-01,A4,2,83,bo,2.480454922,50.72859955,oak2
2000-08-01,A4,3,81,ro,2.314744473,50.61631393,oak3
2000-08-01,A4,3,81,ro,2.31537056,51.38706207,oak3
2000-08-01,A4,4,77,bb,2.041776419,51.1794548,NA
2000-08-01,A4,4,77,bb,1.951896191,50.53442764,NA
2000-08-01,A4,5,89,beech,1.952605367,49.71582413,NA
2000-08-01,A4,5,89,beech,1.777805448,48.65060806,NA
2000-08-01,B1,1,NA,maple,1.952253938,50.0569191,maple 1
2000-08-01,B1,1,NA,maple,1.889680028,50.93999863,maple 1
2000-08-01,B1,2,NA,maple,1.584642768,50.57151794,maple
2000-08-01,B1,2,NA,maple,1.616248131,50.24146271,maple
2000-08-01,B1,3,NA,maple,1.674692,50.78909,maple 3
2000-08-02,B1,3,NA,maple,1.75484097,51.39335632,maple 3
2000-08-01,B1,3,NA,maple,1.613288045,50.75285721,maple 3
2000-08-01,B1,4,NA,ro,2.393805265,51.17581177,oak 1
2000-08-01,B1,4,NA,ro,2.313164711,51.03974533,oak 1
2000-08-01,B1,5,NA,ro,2.306746244,51.18396759,oak 2
2000-08-01,B1,5,NA,ro,2.184529305,51.89127731,oak 2
2000-08-01,B1,6,NA,ro,2.074337244,50.92647552,oak
2000-08-01,B1,6,NA,ro,2.014187336,49.46225739,oak
2000-08-01,B3,1,208,rm,1.476290822,50.31850052,NA
2000-08-01,B3,1,208,rm,1.450384498,50.70110703,NA
2000-08-01,B3,2,NA,maple,1.530391216,50.90352631,maple 2
2000-08-01,B3,2,NA,maple,1.494740963,51.41114044,maple 2
2000-08-01,B3,3,215,rm,1.802814126,51.0091362,NA
2000-08-01,B3,3,215,rm,1.805886865,51.13158417,NA
2000-08-01,B3,4,201,ro,2.042315245,49.37246704,NA
2000-08-01,B3,4,201,ro,2.107866526,50.23795319,NA
2000-08-01,B3,5,210,ro,2.283224821,51.7043457,NA
2000-08-01,B3,5,210,ro,2.264672518,50.7651825,NA
2000-08-01,B3,6,232,ro,2.08624649,50.55915451,NA
2000-08-01,B3,6,232,ro,2.064464092,50.20717621,NA
2000-08-01,B5,1,304,ro,2.375003576,51.25494385,NA
2000-08-01,B5,1,304,ro,2.337594986,50.26937103,NA
2000-08-01,B5,2,312,ro,2.351479053,51.12686157,NA
2000-08-01,B5,2,312,ro,2.285229206,50.42543793,NA
2000-08-01,B5,3,324,ro,2.199392557,52.8166275,NA
2000-08-01,B5,3,324,ro,2.162703991,52.60599899,NA
2000-08-01,C2,1,NA,oak,2.260658979,51.58729935,oak 1
2000-08-01,C2,1,NA,oak,2.244149923,51.40221024,oak 1
2000-08-01,C2,2,NA,oak,2.214574337,49.5237999,oak 2
2000-08-01,C2,2,NA,oak,2.23861599,51.05908585,oak 2
2000-08-01,C2,3,NA,oak,2.231189013,50.95339203,oak
2000-08-01,C2,3,NA,oak,2.362748146,50.97346115,oak
2000-08-01,C4,1,459,ro,2.069379091,50.70584106,NA
2000-08-01,C4,1,459,ro,2.182466269,50.84485245,NA
2000-08-01,C4,2,462,bo,2.043950558,49.73080063,NA
2000-08-01,C4,2,462,bo,2.16092205,49.86182022,NA
2000-08-01,C4,3,474,ro,2.356006861,50.90243912,NA
2000-08-01,C4,3,474,ro,2.37373805,51.16413116,NA
2000-08-01,C4,4,485,beech,2.393917561,49.35897446,NA
2000-08-01,C4,4,485,beech,2.400813818,49.48922348,NA
2000-08-01,C4,5,489,rm,1.887811422,51.39546967,NA
2000-08-01,C4,5,489,rm,1.829380274,51.49877167,NA
2000-08-01,C4,6,491,rm,1.790538073,52.44440079,NA
2000-08-01,C4,6,491,rm,1.656736255,50.60902786,NA
2000-08-01,C4,7,494,rm,1.494362473,50.2780838,NA
2000-08-01,C4,7,494,rm,1.50489974,50.53194427,NA
2000-08-01,D1,1,NA,oak,2.485049486,52.05299759,oak 1
2000-08-01,D1,1,NA,oak,2.449170589,51.69866562,oak 1
2000-08-01,D1,2,NA,oak,2.261591911,51.2876091,oak 2
2000-08-01,D1,2,NA,oak,2.199097395,50.21287918,oak 2
2000-08-01,D1,3,NA,oak,2.628805161,52.94327164,oak 3
2000-08-01,D1,3,NA,oak,2.430585861,52.24944305,oak 3
2000-08-01,D1,4,NA,maple,1.807573915,51.61648178,maple 1
2000-08-01,D1,4,NA,maple,1.850844264,51.71954346,maple 1
2000-08-01,D3,1,NA,maple,1.602670074,51.57178497,maple 1
2000-08-01,D3,1,NA,maple,1.522194147,50.42522049,maple 1
2000-08-01,D3,1,NA,maple,1.540887833,50.64509201,maple 1
2000-08-01,D3,2,NA,maple,1.810340166,51.56880569,maple 2
2000-08-01,D3,2,NA,maple,1.767652154,50.92314911,maple 2
2000-08-01,D3,3,NA,maple,1.536392808,50.30733109,maple 3
2000-08-01,D3,3,NA,maple,1.626688838,50.16037369,maple 3
2000-08-01,D3,4,NA,oak,2.398407221,49.52542877,oak 1
2000-08-01,D3,4,NA,oak,2.320509911,48.87083817,oak 1
2000-08-01,D5,1,652,rm,1.752889276,50.33244705,NA
2000-08-01,D5,1,652,rm,1.6793648,49.79759598,NA
2000-08-01,D5,2,666,rm,1.542837381,51.78296661,NA
2000-08-01,D5,2,666,rm,1.538631082,52.03645325,NA
2000-08-01,D5,3,NA,maple,1.717245817,50.59475708,no vial
2000-08-01,D5,3,NA,maple,1.708450675,51.16583633,no vial
2000-08-01,D5,4,670,wb,2.036956549,50.07196808,NA
2000-08-01,D5,4,670,wb,2.129334688,50.34458923,NA
2000-08-01,D5,5,671,rm,1.833250999,51.57276535,NA
2000-08-01,D5,5,671,rm,1.819765329,51.6132431,NA
2000-08-07,E2,1,703,ro,2.336271763,50.60957336,F2
2000-08-07,E2,1,703,ro,2.369202375,50.21570587,F2
2000-08-07,E2,2,705,ro,2.319027901,51.06881332,F2
2000-08-07,E2,2,705,ro,2.170638084,50.46581268,F2
2000-08-07,E2,3,710,ro,2.542372465,52.28123093,NA
2000-08-07,E2,3,710,ro,2.473848104,50.92499924,NA
2000-08-07,E2,4,727,rp,1.157941461,52.36459351,F2
2000-08-07,E2,4,727,rp,1.150687099,51.73910522,F2
2000-08-07,E2,5,729,rp,1.225372314,54.72553253,F2
2000-08-07,E2,5,729,rp,1.214039803,55.17108154,F2
2000-08-07,E2,6,731,rp,1.246731281,53.90564346,F2
2000-08-07,E2,6,731,rp,1.225082278,53.82911301,F2
2000-08-07,E4,1,802,ro,2.257534981,49.72602463,NA
2000-08-07,E4,1,802,ro,2.167547703,50.23505783,NA
2000-08-07,E4,2,805,wp,1.458959579,53.44694138,F4
2000-08-07,E4,2,805,wp,1.43738699,53.70736313,F4
2000-08-07,E4,3,810,rm,1.988000512,52.22036743,NA
2000-08-07,E4,3,810,rm,2.036180496,52.79441833,NA
2000-08-07,E4,4,815,ro,1.99734509,49.78386307,NA
2000-08-07,E4,4,815,ro,2.039893866,50.18495178,NA
2000-08-07,E4,4,815,ro,1.934907198,49.75026321,NA
2000-08-07,E4,4,815,ro,1.905680418,49.15105057,NA
2000-08-07,E4,5,821,rm,1.947370172,51.15502548,F4
2000-08-07,E4,5,821,rm,1.993495703,51.90761948,F4
2000-08-07,E4,6,834,rm,1.812355399,52.15548706,NA
2000-08-07,E4,6,834,rm,1.820866704,51.72686768,NA
2000-08-07,E4,7,853,ro,2.609508991,51.78388596,NA
2000-08-07,E4,7,853,ro,2.632122278,51.13001251,NA
2000-08-07,F1,1,937,rm,2.193821669,52.21161652,NA
2000-08-07,F1,1,937,rm,2.276301861,51.93189621,NA
2000-08-07,F1,2,938,rm,2.069991827,51.62504196,NA
2000-08-07,F1,2,938,rm,2.030115366,51.73083115,NA
2000-08-07,F1,3,943,rm,1.96962595,48.64336395,NA
2000-08-07,F1,3,943,rm,2.019007206,49.24778366,NA
2000-08-07,F1,4,945,rp,1.25140357,54.32865906,NA
2000-08-07,F1,4,945,rp,1.242666602,54.15840149,NA
2000-08-07,F1,5,957,rp,1.091680169,52.61197281,NA
2000-08-07,F1,5,957,rp,1.051657557,51.77412796,NA
2000-08-07,F3,1,8,ro,2.316524267,52.1441803,NA
2000-08-07,F3,1,8,ro,2.351327181,52.49201965,NA
2000-08-07,F3,2,9,rm,1.743729591,52.62799454,NA
2000-08-07,F3,2,9,rm,1.75629282,52.31591034,NA
2000-08-07,F5,1,85,wb,2.548047304,51.64135742,NA
2000-08-07,F5,1,85,wb,2.658606291,52.02486038,NA
2000-08-07,F5,2,87,ro,2.521956682,53.82011032,NA
2000-08-07,F5,2,87,ro,2.485760927,53.09656906,NA
2000-08-07,F5,3,88,ws,1.222651482,51.76729202,NA
2000-08-07,F5,3,88,ws,1.20374918,51.5223999,NA
2000-08-07,F5,4,97,cherry,2.629251003,52.11331558,NA
2000-08-07,F5,4,97,cherry,2.551859856,50.67670441,NA
2000-08-07,F5,5,109,ro,2.192899227,51.16205978,NA
2000-08-07,F5,5,109,ro,1.997528315,49.99758148,NA
2000-08-07,F5,6,110,ro,2.292035103,50.61267471,NA
2000-08-07,F5,6,110,ro,2.398369074,51.04532242,NA
2000-08-07,F5,6,110,ro,2.286839247,50.50847244,NA
2000-08-07,F5,6,110,ro,2.175109148,49.78917694,NA
2000-08-07,F5,7,117,wp,1.356352806,52.20078278,NA
2000-08-07,F5,7,117,wp,1.332130194,52.04149628,NA
2000-08-07,F5,8,122,wb,2.497405767,51.68406677,NA
2000-08-07,F5,8,122,wb,2.47036624,52.31324005,NA
2000-08-07,G2,1,205,yb,2.231616259,49.95049667,NA
2000-08-07,G2,1,205,yb,2.129211664,50.17847443,NA
2000-08-07,G2,2,206,cherry,2.033946753,49.70131302,NA
2000-08-07,G2,2,206,cherry,2.173866034,49.9725647,NA
2000-08-07,G2,3,214,hem,1.184991002,52.01962662,NA
2000-08-07,G2,3,214,hem,1.133376956,51.17713165,NA
2000-08-07,G2,4,224,hem,1.298928738,50.35677338,NA
2000-08-07,G2,4,224,hem,1.276930571,49.95023727,NA
2000-08-07,G2,5,226,hem,1.260757565,51.69374466,NA
2000-08-07,G2,5,226,hem,1.252201796,50.80729675,NA
2000-08-07,H1,1,302,ro,2.232633829,52.5915451,NA
2000-08-07,H1,1,302,ro,2.290338278,52.66902161,NA
2000-08-07,H1,2,305,ro,2.122633934,52.59459305,NA
2000-08-07,H1,2,305,ro,2.122027397,51.87688446,NA
2000-08-07,H1,3,306,rm,1.991163731,51.51509857,NA
2000-08-07,H1,3,306,rm,1.987957597,51.77206421,NA
2000-08-07,H1,4,309,ro,2.345008135,51.81874084,NA
2000-08-07,H1,4,309,ro,2.278576612,51.24128723,NA
2000-08-07,H1,5,311,rm,2.048713207,52.25875854,NA
2000-08-07,H1,5,311,rm,2.155906439,52.98101807,NA
2000-08-07,H1,6,313,wp,1.496425033,52.85924911,NA
2000-08-07,H1,6,313,wp,1.512800574,52.64702988,NA
2000-08-07,H1,7,314,hem,1.25835979,52.93551636,NA
2000-08-07,H1,7,314,hem,1.28501296,53.32127762,NA
2000-08-07,H1,8,315,wp,1.316236138,51.63381195,NA
2000-08-07,H1,8,315,wp,1.239895463,52.01871872,NA
2000-08-07,H1,8,315,wp,1.254423976,53.14932632,NA
2000-08-07,H1,8,315,wp,1.25468576,50.95598984,NA
2000-08-07,H1,9,319,hem,1.215385675,53.19329071,NA
2000-08-07,H1,9,319,hem,1.184460521,52.18078613,NA
2000-08-07,H1,10,320,wp,1.389003396,54.7454834,NA
2000-08-07,H1,10,320,wp,1.360632181,54.64290619,NA
2000-08-07,H1,11,321,rm,2.071895599,51.21063995,NA
2000-08-07,H1,11,321,rm,2.12369132,52.47950363,NA
2000-08-07,H5,1,384,rm,1.796545982,53.87166977,NA
2000-08-07,H5,1,384,rm,1.80154705,53.43919373,NA
2000-08-07,H5,2,387,yb,2.111762285,51.38238907,NA
2000-08-07,H5,2,387,yb,2.063892126,51.44602585,NA
2000-08-07,H5,3,396,ro,2.405137062,53.21453857,NA
2000-08-07,H5,3,396,ro,2.386224508,53.01869202,NA
2000-08-07,H5,4,398,bb,2.356403589,53.01876068,NA
2000-08-07,H5,4,398,bb,2.371979475,53.25347519,NA
2000-08-07,H5,5,401,rm,1.326969981,49.34816742,NA
2000-08-07,H5,5,401,rm,1.353126884,49.49119568,NA
2000-08-07,H5,6,402,ro,2.49481678,52.74073029,NA
2000-08-07,H5,6,402,ro,2.509203911,52.71412277,NA
2006-07-03,A1,1,6,rm,1.846864223,51.08668137,NA
2006-07-03,A1,1,6,rm,1.907631278,51.10393143,NA
2006-07-03,A1,1,6,rm,1.973204732,50.2074585,NA
2006-07-03,A1,1,6,rm,1.903831005,49.9498558,NA
2006-07-03,A1,2,8,yb,2.505020618,48.44379044,NA
2006-07-03,A1,2,8,yb,2.532963991,48.14255142,NA
2006-07-03,A1,3,19,ro,2.46212554,50.56818008,NA
2006-07-03,A1,3,19,ro,2.344599962,49.03587341,NA
2006-07-03,A1,4,out,ro,2.276050091,48.66106796,NA
2006-07-03,A1,4,out,ro,2.268428326,49.48083115,NA
2006-07-05,A2,1,26,ro,2.280507803,49.40709686,NA
2006-07-05,A2,1,26,ro,2.305917025,48.82953644,NA
2006-07-05,A2,2,32,ro,2.679954529,49.64059067,NA
2006-07-05,A2,2,32,ro,2.714340925,50.59982681,NA
2006-07-05,A2,3,34,ro,2.50467205,51.04385376,NA
2006-07-05,A2,3,34,ro,2.457002401,50.0634079,NA
2006-07-05,A2,4,35,rm,1.857811689,49.12531662,NA
2006-07-05,A2,4,35,rm,1.870001197,49.36572647,NA
2006-07-05,A3,1,58,ro,2.063228369,49.28094101,NA
2006-07-05,A3,1,58,ro,2.001100779,48.2354126,NA
2006-07-05,A3,2,66,rm,2.093075275,49.43413925,NA
2006-07-05,A3,2,66,rm,2.069443941,49.72716904,NA
2006-07-05,A3,3,69,rm,2.063224077,50.51221848,NA
2006-07-05,A3,3,69,rm,1.993529916,50.08147049,NA
2006-07-05,A3,4,51,ro,2.342623949,49.71908569,NA
2006-07-05,A3,4,51,ro,2.288557053,49.58751678,NA
2006-07-05,A3,5,out,beech,2.601576567,49.33315277,NA
2006-07-05,A3,5,out,beech,2.5678792,49.00161743,NA
2006-07-07,A4,1,22,ro,2.581082821,50.43687439,NA
2006-07-07,A4,1,22,ro,2.573735237,50.97809982,NA
2006-07-07,A4,2,85,rm,2.459640026,50.20043182,NA
2006-07-07,A4,2,85,rm,2.425931931,49.82697678,NA
2006-07-07,A4,3,88,ro,2.402299881,50.9523468,NA
2006-07-07,A4,3,88,ro,2.473063707,50.24821854,NA
2006-07-07,A4,4,140,beech,2.302633286,49.53903961,NA
2006-07-07,A4,4,140,beech,2.269255161,49.78591919,NA
2006-07-07,A5,1,67,ro,2.187216997,49.67058182,NA
2006-07-07,A5,1,67,ro,2.214782715,49.7824707,NA
2006-07-07,A5,2,109,ro,2.378470421,50.05490875,NA
2006-07-07,A5,2,109,ro,2.269985199,49.48868561,NA
2006-07-07,A5,3,122,ro,2.362980366,50.91448212,NA
2006-07-07,A5,3,122,ro,2.377682209,50.10900497,NA
2006-07-07,A5,4,127,ro,2.687172174,50.14059067,NA
2006-07-07,A5,4,127,ro,2.515779495,50.05422974,NA
2006-07-03,B1,1,154,rm,2.023743868,50.03662491,NA
2006-07-03,B1,1,154,rm,2.054310322,49.52671051,NA
2006-07-03,B1,2,160,rm,1.731234193,50.47781754,NA
2006-07-03,B1,2,160,rm,1.756866574,50.82948303,NA
2006-07-03,B1,3,165,ro,2.324569702,49.99098969,NA
2006-07-03,B1,3,165,ro,2.360455751,49.9104805,NA
2006-07-03,B1,4,out,rm,1.937645912,50.01959991,NA
2006-07-03,B1,4,out,rm,1.912053943,49.88227463,NA
2006-07-03,B2,1,179,ro,2.172688246,49.71723938,NA
2006-07-03,B2,1,179,ro,2.162222147,49.84828186,NA
2006-07-03,B2,2,182,yb,2.468958139,46.46063232,NA
2006-07-03,B2,2,182,yb,2.416448116,46.46668625,NA
2006-07-03,B2,3,194,rm,2.194508314,50.3216629,NA
2006-07-03,B2,3,194,rm,2.193200827,50.36380386,NA
2006-07-03,B2,4,out,rm,1.794856191,49.89818573,NA
2006-07-03,B2,4,out,rm,1.834466577,50.74758911,NA
2006-07-05,B3,1,203,ash,2.611771107,47.00688171,NA
2006-07-05,B3,1,203,ash,2.681066513,47.01226425,NA
2006-07-05,B3,2,210,ro,2.354897022,49.74464035,NA
2006-07-05,B3,2,210,ro,2.290149689,49.73981857,NA
2006-07-05,B3,3,223,ro,2.157353878,48.72008514,NA
2006-07-05,B3,3,223,ro,2.176056385,49.29373169,NA
2006-07-05,B3,3,223,ro,2.11260891,49.11141205,NA
2006-07-05,B3,4,232,ro,2.515227556,49.31261444,NA
2006-07-05,B3,4,232,ro,2.519160509,49.26423264,NA
2006-07-05,B3,5,out,rm,1.956124067,51.02477646,NA
2006-07-05,B3,5,out,rm,1.862331629,50.74414444,NA
2006-07-05,B4,1,255,rm,1.830329657,49.70755768,NA
2006-07-05,B4,1,255,rm,1.807523608,49.88063049,NA
2006-07-07,B4,2,251,bo,2.320717573,50.1776619,NA
2006-07-07,B4,2,251,bo,2.270942926,50.09635925,NA
2006-07-07,B4,3,262,ro,2.612183094,50.88467026,NA
2006-07-07,B4,3,262,ro,2.764616251,50.8867569,NA
2006-07-07,B4,4,268,gb,2.46263814,50.4604187,NA
2006-07-07,B4,4,268,gb,2.424695492,50.13166428,NA
2006-07-07,B4,5,277,ro,2.585219622,50.69763184,NA
2006-07-07,B4,5,277,ro,2.600277424,51.36963654,NA
2006-07-07,B5,1,16,ro,2.085530519,50.24087143,NA
2006-07-07,B5,1,16,ro,2.14795351,49.98336029,NA
2006-07-07,B5,2,304,ro,2.155301571,49.64982605,NA
2006-07-07,B5,2,304,ro,2.168528318,49.4908371,NA
2006-07-07,B5,3,310,ro,2.24287343,48.79110336,NA
2006-07-07,B5,3,310,ro,2.477389812,48.90626144,NA
2006-07-07,B5,4,312,ro,2.291790485,49.87366104,NA
2006-07-07,B5,4,312,ro,2.292903662,49.37350845,NA
2006-07-03,C1,1,359,wp,1.283379316,50.54019928,NA
2006-07-03,C1,1,359,wp,1.252938271,50.19143677,NA
2006-07-03,C1,2,362,ro,2.32352376,49.30933762,NA
2006-07-03,C1,2,362,ro,2.308601856,49.37861252,NA
2006-07-03,C1,3,366,ro,2.179336309,50.02516937,NA
2006-07-03,C1,3,366,ro,2.222083807,49.51858521,NA
2006-07-03,C1,4,out,ro,2.245610237,49.27449799,NA
2006-07-03,C1,4,out,ro,2.281674385,49.87303162,NA
2006-07-03,C2,1,380,rm,2.007976532,50.22816086,NA
2006-07-03,C2,1,380,rm,2.003606319,49.89693832,NA
2006-07-03,C2,2,386,ro,2.151976109,49.83753586,NA
2006-07-03,C2,2,386,ro,2.236268997,49.90896225,NA
2006-07-03,C2,3,388,beech,2.286567688,49.51840973,NA
2006-07-03,C2,3,388,beech,2.309756756,49.28751373,NA
2006-07-03,C2,4,391,ro,2.141461849,50.08976364,NA
2006-07-03,C2,4,391,ro,2.172599792,49.79951477,NA
2006-07-03,C2,5,392,ro,2.272699118,49.61624527,NA
2006-07-03,C2,5,392,ro,2.252629995,49.1150589,NA
2006-07-05,C3,1,403,rm,1.987343788,49.91306686,NA
2006-07-05,C3,1,403,rm,1.992943525,49.63024139,NA
2006-07-05,C3,2,412,rm,1.943278551,50.67921066,NA
2006-07-05,C3,2,412,rm,1.939126968,50.48832703,NA
2006-07-05,C3,3,424,yb,2.281678915,48.15002441,NA
2006-07-05,C3,3,424,yb,2.275105238,48.06543732,NA
2006-07-05,C3,4,425,ash,2.054745197,47.55341339,NA
2006-07-05,C3,4,425,ash,1.939192414,47.56805801,NA
2006-07-05,C3,5,out,yb,2.251306057,48.79185486,NA
2006-07-05,C3,5,out,yb,2.322225571,48.84260178,NA
2006-07-11,C4,1,466,ro,2.372763157,49.03108597,NA
2006-07-11,C4,1,466,ro,2.460558891,49.80488205,NA
2006-07-11,C4,2,462;469,ro,2.344638586,50.3155899,NA
2006-07-11,C4,2,462;469,ro,2.230656862,49.97615433,NA
2006-07-11,C4,3,491;494,rm,1.850585938,51.00244522,NA
2006-07-11,C4,3,491;494,rm,1.926068187,51.29564667,NA
2006-07-11,C4,4,out,ro,2.388032913,50.10026169,NA
2006-07-11,C4,4,out,ro,2.298950672,50.39550781,NA
2006-07-12,C5,1,501,bo,2.223512411,50.97492981,NA
2006-07-12,C5,1,501,bo,2.231141329,50.74266434,NA
2006-07-12,C5,2,509,rm,1.730181217,50.57963562,NA
2006-07-12,C5,2,509,rm,1.743346453,50.80621338,NA
2006-07-12,C5,3,519,ro,2.309582233,50.30810928,NA
2006-07-12,C5,3,519,ro,2.257244349,50.44141006,NA
2006-07-12,C5,4,290;out,beech,2.522704601,49.21578979,NA
2006-07-12,C5,4,290;out,beech,2.418068171,49.44367218,NA
2006-07-03,D1,1,532,ro,2.358241081,50.34642029,NA
2006-07-03,D1,1,532,ro,2.279892921,50.36685181,NA
2006-07-03,D1,2,538,ro,2.054798126,49.48957062,NA
2006-07-03,D1,2,538,ro,2.089686632,49.31713867,NA
2006-07-03,D1,3,546,ro,2.419408321,50.71940994,NA
2006-07-03,D1,3,546,ro,2.431897402,50.11418915,NA
2006-07-03,D1,4,540;541;542,rm,2.18112731,50.49681854,NA
2006-07-03,D1,4,540;541;542,rm,2.231487513,50.63798141,NA
2006-07-03,D2,1,589,ash,2.303719282,47.83262634,NA
2006-07-03,D2,1,589,ash,2.379553795,47.65267944,NA
2006-07-03,D2,2,592,rm,1.680117369,50.41780853,NA
2006-07-03,D2,2,592,rm,1.706776977,50.11602402,NA
2006-07-03,D2,3,out,rm,2.003209591,50.78303909,NA
2006-07-03,D2,3,out,rm,2.038870096,50.65983582,NA
2006-07-03,D2,4,out,ro,2.247089148,49.83929825,NA
2006-07-03,D2,4,out,ro,2.230105162,50.03188705,NA
2006-07-05,D3,3,613,ro,2.410387278,50.82322311,NA
2006-07-05,D3,3,613,ro,2.448722601,50.79805756,NA
2006-07-05,D3,4,618,rm,1.870777726,50.75944519,NA
2006-07-05,D3,4,618,rm,1.910788655,50.4388237,NA
2006-07-11,D3,1,604,rm,1.978876114,51.05182648,NA
2006-07-11,D3,1,604,rm,1.951044917,50.93165588,NA
2006-07-11,D3,2,606,rm,2.056573153,51.65698242,NA
2006-07-11,D3,2,606,rm,2.055054188,50.82962418,NA
2006-07-11,D4,1,626,rm,2.393208265,50.18940353,NA
2006-07-11,D4,1,626,rm,2.487510204,50.19156265,NA
2006-07-11,D4,2,637,ash,2.358730555,48.52464676,NA
2006-07-11,D4,2,637,ash,2.253767252,48.08623886,NA
2006-07-11,D4,2,637,ash,2.192678928,48.35552979,NA
2006-07-11,D4,3,627;628,cherry,2.571089983,48.39701843,NA
2006-07-11,D4,3,627;628,cherry,2.545459986,47.428936,NA
2006-07-11,D4,4,out,ash,2.336503267,49.44942474,NA
2006-07-11,D4,4,out,ash,2.239548922,49.07159805,NA
2006-07-12,D5,1,658,rm,2.328702927,50.38417053,NA
2006-07-12,D5,1,658,rm,2.356337309,50.38360214,NA
2006-07-12,D5,2,665,rm,1.815857768,50.60388947,NA
2006-07-12,D5,2,665,rm,1.799821734,50.45054245,NA
2006-07-12,D5,3,667,rm,1.836829543,51.37556076,NA
2006-07-12,D5,3,667,rm,1.803318381,51.19152832,NA
2006-07-12,D5,4,670,wb,2.248066425,50.96015549,NA
2006-07-12,D5,4,670,wb,2.30239296,51.12653732,NA
2006-07-17,E1,1,679,rm,1.910995722,50.85441971,NA
2006-07-17,E1,1,679,rm,1.934789658,51.38333893,NA
2006-07-17,E1,2,683,rm,2.063944101,50.67449188,NA
2006-07-17,E1,2,683,rm,2.057476997,50.61663818,NA
2006-07-17,E1,3,684,yb,2.775623798,48.09401321,NA
2006-07-17,E1,3,684,yb,2.802822351,48.34089661,NA
2006-07-17,E1,4,out,wb,2.114302397,50.01203918,NA
2006-07-17,E1,4,out,wb,2.103417635,49.91795349,NA
2006-07-12,E2,1,702,rp,1.09655571,51.98197174,NA
2006-07-12,E2,1,702,rp,1.064481378,52.00469208,NA
2006-07-12,E2,2,716,rp,1.084948301,52.03386307,NA
2006-07-12,E2,2,716,rp,1.097131848,52.13437653,NA
2006-07-12,E2,3,717,rp,1.222373009,51.51807404,NA
2006-07-12,E2,3,717,rp,1.231917024,51.18023682,NA
2006-07-12,E2,4,out,rm,2.126142502,50.93227005,NA
2006-07-12,E2,4,out,rm,2.102556944,50.74228287,NA
2006-07-12,E3,1,752,ro,2.268547773,49.62428284,NA
2006-07-12,E3,1,752,ro,2.303318024,49.67137527,NA
2006-07-12,E3,2,761,ro,2.595658541,50.39681244,NA
2006-07-12,E3,2,761,ro,2.417277336,49.39946747,NA
2006-07-12,E3,3,765,ro,2.25214529,49.2781105,NA
2006-07-12,E3,3,765,ro,2.237767935,49.39830399,NA
2006-07-12,E3,4,769,ro,2.317686558,50.38158035,NA
2006-07-12,E3,4,769,ro,2.363998413,50.126297,NA
2006-07-12,E4,1,801,wp,1.449711323,51.66379547,NA
2006-07-12,E4,1,801,wp,1.458384514,51.43628311,NA
2006-07-12,E4,2,805,wp,1.292673826,51.08192062,NA
2006-07-12,E4,2,805,wp,1.328760266,50.48837662,NA
2006-07-12,E4,3,826,ws,1.172479272,49.34998703,NA
2006-07-12,E4,3,826,ws,1.098523498,48.43861008,NA
2006-07-12,E4,4,802;803,ro,2.498866081,50.37922668,NA
2006-07-12,E4,4,802;803,ro,2.523069382,50.37708282,NA
2006-07-12,E4,5,834;835,rm,2.218969822,50.1086998,NA
2006-07-12,E4,5,834;835,rm,2.2022686,50.18088913,NA
2006-07-12,E5,1,908,rm,1.928337455,50.74810791,NA
2006-07-12,E5,1,908,rm,1.835851789,50.55987549,NA
2006-07-12,E5,2,879,wp,1.282120466,51.50736237,NA
2006-07-12,E5,2,879,wp,1.373659492,51.5786171,NA
2006-07-12,E5,3,909,rm,2.276986837,50.83639526,NA
2006-07-12,E5,3,909,rm,2.262108564,50.23072052,NA
2006-07-12,E5,4,911,hem,1.224925637,50.84960938,NA
2006-07-12,E5,4,911,hem,1.187003851,50.8343544,NA
2006-07-12,F1,1,930,hem,0.950857937,50.14538574,NA
2006-07-12,F1,1,930,hem,0.935709178,50.37940979,NA
2006-07-12,F1,2,932,cherry,2.697976589,48.61885834,NA
2006-07-12,F1,2,932,cherry,2.611413002,48.61078262,NA
2006-07-14,F1,3,945,rp,1.035521984,51.79013824,NA
2006-07-14,F1,3,945,rp,1.073012233,52.23882675,NA
2006-07-14,F1,4,947;948,rm,1.758785129,50.06172562,NA
2006-07-14,F1,4,947;948,rm,1.818706274,50.51746368,NA
2006-07-14,F2,1,983,yb,2.504008532,48.44506836,NA
2006-07-14,F2,1,983,yb,2.555983305,48.24198914,NA
2006-07-14,F2,2,984,rm,1.879352093,49.37163925,NA
2006-07-14,F2,2,984,rm,1.832473278,49.60461807,NA
2006-07-14,F2,3,992,ro,2.677345991,50.33469772,NA
2006-07-14,F2,3,992,ro,2.551750898,50.16975403,NA
2006-07-14,F2,4,995,ro,2.31383276,49.81095505,NA
2006-07-14,F2,4,995,ro,2.494129181,49.86158752,NA
2006-07-14,F3,1,3,wp,1.332219243,50.21421432,NA
2006-07-14,F3,1,3,wp,1.361687064,50.70330811,NA
2006-07-14,F3,2,9,rm,2.233463049,49.2109108,NA
2006-07-14,F3,2,9,rm,2.282221556,50.42321396,NA
2006-07-14,F3,3,out,ro,2.575411797,51.13338852,NA
2006-07-14,F3,3,out,ro,2.542806387,50.57551575,NA
2006-07-14,F3,4,out,ro,2.322182417,50.6529541,NA
2006-07-14,F3,4,out,ro,2.513332844,50.53593826,NA
2006-07-14,F4,1,49,ro,2.176882505,50.24323654,NA
2006-07-14,F4,1,49,ro,2.263673782,50.56933212,NA
2006-07-14,F4,2,62,wp,1.457325816,51.45521927,NA
2006-07-14,F4,2,62,wp,1.511495471,51.347332,NA
2006-07-14,F4,3,71,rm,2.169937611,50.32829666,NA
2006-07-14,F4,3,71,rm,2.189810038,50.42438889,NA
2006-07-14,F4,4,735,ash,2.282548904,48.01134491,NA
2006-07-14,F4,4,735,ash,2.328914881,48.11877441,NA
2006-07-14,F5,1,84,ro,2.078590393,51.88740921,NA
2006-07-14,F5,1,84,ro,2.12030077,51.78900146,NA
2006-07-14,F5,2,104,rm,2.143610716,50.88454819,NA
2006-07-14,F5,2,104,rm,2.142976046,50.93987656,NA
2006-07-14,F5,3,117,wp,1.496828079,52.05402374,NA
2006-07-14,F5,3,117,wp,1.514377594,51.76831436,NA
2006-07-14,F5,4,133,ro,2.348997593,50.66408539,NA
2006-07-14,F5,4,133,ro,2.31168294,50.19755936,NA
2006-07-14,G1,1,158,rp,1.099113345,52.22758484,NA
2006-07-14,G1,1,158,rp,1.061305642,52.02065659,NA
2006-07-14,G1,2,174,rp,1.126489639,51.85535431,NA
2006-07-14,G1,2,174,rp,1.142530918,51.76200485,NA
2006-07-14,G1,3,175,ro,2.150775909,49.37766266,NA
2006-07-14,G1,3,175,ro,2.300725937,49.59563828,NA
2006-07-14,G1,4,out,rp,1.054429054,51.1525383,NA
2006-07-14,G1,4,out,rp,1.042711854,50.85958862,NA
2006-07-14,G2,1,204,hem,0.973947167,50.05110931,NA
2006-07-14,G2,1,204,hem,0.99895525,50.04928589,NA
2006-07-14,G2,2,207,hem,1.039081931,50.03519821,NA
2006-07-14,G2,2,207,hem,1.062284231,50.32632065,NA
2006-07-14,G2,3,217,hem,1.10590589,50.09755325,NA
2006-07-14,G2,3,217,hem,1.114161253,50.77277374,NA
2006-07-14,G2,4,224,hem,1.175350904,51.17269135,NA
2006-07-14,G2,4,224,hem,1.176710606,51.48078537,NA
2006-07-14,G4,1,261,rm,2.066377878,50.21694565,NA
2006-07-14,G4,1,261,rm,2.069176912,49.29093933,NA
2006-07-14,G4,2,out,ro,2.23937273,51.5050621,NA
2006-07-14,G4,2,out,ro,2.202249527,51.38335419,NA
2006-07-17,G5,1,269,hem,0.996290326,49.34438705,NA
2006-07-17,G5,1,269,hem,0.993566513,49.45529175,NA
2006-07-17,G5,2,279,ro,2.269263029,50.85215759,NA
2006-07-17,G5,2,279,ro,2.189451218,51.59711075,NA
2006-07-17,G5,3,291,ro,2.344748735,51.41973877,NA
2006-07-17,G5,3,291,ro,2.301889181,50.7764473,NA
2006-07-17,G5,4,277;287,rm,1.952512264,49.54902649,NA
2006-07-17,G5,4,277;287,rm,2.043560266,49.72283936,NA
2006-07-17,G5,5,out,rm,2.084748507,50.54935455,NA
2006-07-17,G5,5,out,rm,2.022635698,50.64348602,NA
2006-07-12,H1,1,305,ro,2.183811426,50.1149559,NA
2006-07-12,H1,1,305,ro,2.197616339,49.38306046,NA
2006-07-12,H1,2,314,hem,0.892883778,50.80173111,NA
2006-07-12,H1,2,314,hem,0.899006069,50.64598083,NA
2006-07-12,H1,3,320,wp,1.23059833,52.05123901,NA
2006-07-12,H1,3,320,wp,1.264922619,51.23588562,NA
2006-07-12,H1,4,321,rm,2.126795292,49.05348969,NA
2006-07-12,H1,4,321,rm,2.172160149,50.30621338,NA
2006-07-14,H2,1,345,hem,0.972382605,49.94181061,NA
2006-07-14,H2,1,345,hem,0.941719949,48.89675903,NA
2006-07-14,H2,2,347,hem,0.955395699,49.71268845,NA
2006-07-14,H2,2,347,hem,0.924022436,49.51728821,NA
2006-07-14,H2,3,349,hem,1.068167806,49.69392014,NA
2006-07-14,H2,3,349,hem,1.053557634,50.48128891,NA
2006-07-14,H2,4,out,ro,2.269421101,49.18455505,NA
2006-07-14,H2,4,out,ro,2.249493122,49.14992523,NA
2006-07-17,H5,1,383,hem,0.865997434,50.00497055,NA
2006-07-17,H5,1,383,hem,0.902095675,50.2239151,NA
2006-07-17,H5,2,388,hem,1.01907897,50.40975571,NA
2006-07-17,H5,2,388,hem,1.067860603,50.95424271,NA
2006-07-17,H5,3,402,ro,2.17214489,47.98413849,NA
2006-07-17,H5,3,402,ro,2.132679224,47.92433929,NA
2006-07-17,H5,4,403,beech,2.655774355,49.53893661,NA
2006-07-17,H5,4,403,beech,2.582255363,49.48821259,NA
2006-07-07,X1,1,504,ro,2.192554474,50.23522949,NA
2006-07-07,X1,1,504,ro,2.237813711,50.20608902,NA
2006-07-07,X1,2,508,rm,1.743614674,50.52101898,NA
2006-07-07,X1,2,508,rm,1.781374454,50.40157318,NA
2006-07-07,X1,3,522,beech,1.863666415,50.92024612,NA
2006-07-07,X1,3,522,beech,1.902771831,50.70980072,NA
2006-07-07,X1,4,573,ro,2.443250656,50.31723785,NA
2006-07-07,X1,4,573,ro,2.487516403,50.7263298,NA
2006-07-07,X2,1,4,beech,2.632301569,49.72944641,NA
2006-07-07,X2,1,4,beech,2.600835085,49.25738525,NA
2006-07-07,X2,2,20,beech,2.070822239,49.09091187,NA
2006-07-07,X2,2,20,beech,2.078832388,48.97428513,NA
2006-07-07,X2,3,559,hem,1.08109498,50.64412689,NA
2006-07-07,X2,3,559,hem,1.055555105,49.78414154,NA
2006-07-07,X2,4,561,ro,2.629675627,50.50263977,NA
2006-07-07,X2,4,561,ro,2.512488127,50.29605484,NA
2006-07-07,X3,1,171,hem,1.178891182,51.71825409,NA
2006-07-07,X3,1,171,hem,1.286318302,51.77088165,NA
2006-07-07,X3,2,534,bb,2.000506401,49.01502609,NA
2006-07-07,X3,2,534,bb,2.035265684,48.24088287,NA
2006-07-07,X3,3,546,hem,1.339650035,51.76515579,NA
2006-07-07,X3,3,546,hem,1.331271052,51.15555573,NA
2006-07-07,X3,4,550,hem,1.042335272,50.97664642,NA
2006-07-07,X3,4,550,hem,1.018579364,51.0544014,NA
2006-07-07,X5,1,85,ro,2.112518072,50.13284302,NA
2006-07-07,X5,1,85,ro,2.180532455,49.89170074,NA
2006-07-07,X5,2,663,rm,1.884964824,49.81990051,NA
2006-07-07,X5,2,663,rm,1.908090472,50.2189827,NA
2006-07-07,X5,3,679,rm,1.8713063,50.21298981,NA
2006-07-07,X5,3,679,rm,1.90803051,50.48860931,NA
2006-07-07,X5,4,686,hem,1.069235206,52.12175369,NA
2006-07-07,X5,4,686,hem,1.094844103,51.11557007,NA
2006-07-07,X6,1,623,ro,2.295707703,50.71977997,NA
2006-07-07,X6,1,623,ro,2.298576832,50.54997635,NA
2006-07-07,X6,2,629,bb,2.340434074,49.78240967,NA
2006-07-07,X6,2,629,bb,2.385818005,49.63449097,NA
2006-07-07,X6,3,644,beech,2.24554944,49.66003799,NA
2006-07-07,X6,3,644,beech,2.209746361,48.80031967,NA
2006-07-07,X6,4,out,ro,2.109726191,50.53356171,NA
2006-07-07,X6,4,out,ro,2.161556959,51.02787399,NA
2007-07-19,A1,NA,6,rm,1.947248816,49.70797348,NA
2007-07-19,A1,NA,6,rm,1.857150435,49.62879562,NA
2007-07-19,A1,NA,8,yb,2.332147598,48.6954689,NA
2007-07-19,A1,NA,8,yb,2.318409681,48.91224289,NA
2007-07-19,A1,NA,19,ro,2.240599394,50.21313095,NA
2007-07-19,A1,NA,19,ro,2.144822359,49.82833862,NA
2007-07-19,A2,NA,26,bo,2.657201767,50.25393677,NA
2007-07-19,A2,NA,26,bo,2.439081907,50.06848907,NA
2007-07-19,A2,NA,26,bo,2.652051449,50.61348343,NA
2007-07-19,A2,NA,35,rm,1.964174747,48.72089005,NA
2007-07-19,A2,NA,35,rm,1.975225806,49.140728,NA
2007-07-19,A2,NA,92,beech,2.650025845,48.65996933,NA
2007-07-19,A2,NA,92,beech,2.642794609,49.08413696,NA
2007-07-19,A3,NA,52,beech,2.644040346,49.29915237,NA
2007-07-19,A3,NA,52,beech,2.65133214,48.78894043,NA
2007-07-19,A3,NA,58,ro,2.229159594,51.55257416,NA
2007-07-19,A3,NA,58,ro,2.32089901,52.15019989,NA
2007-07-24,A3,NA,64,yb,2.502875805,49.0102005,NA
2007-07-24,A3,NA,64,yb,2.515376091,49.42161179,NA
2007-07-19,A3,NA,66,rm,2.132385969,50.80377579,NA
2007-07-19,A3,NA,66,rm,2.109408855,50.03941345,NA
2007-07-19,A3,NA,69,rm,2.042865753,50.12158966,NA
2007-07-19,A3,NA,69,rm,1.961300254,50.08197021,NA
2007-07-24,A3,NA,263,bb,2.274541855,48.20074844,NA
2007-07-24,A3,NA,263,bb,2.176063538,47.75764847,NA
2007-07-19,B1,NA,154,rm,2.19068408,49.60436249,NA
2007-07-19,B1,NA,154,rm,2.179577351,49.45433807,NA
2007-07-19,B1,NA,164,wp,1.336809039,51.59068298,NA
2007-07-19,B1,NA,164,wp,1.314464808,51.26075363,NA
2007-07-19,B1,NA,165,ro,2.392366409,49.96373749,NA
2007-07-19,B1,NA,165,ro,2.411475658,49.52834702,NA
2007-07-19,B2,NA,179,ro,2.353485823,50.17816162,NA
2007-07-19,B2,NA,179,ro,2.278324127,50.56982803,NA
2007-07-19,B2,NA,182,yb,2.258722544,47.97428513,NA
2007-07-19,B2,NA,182,yb,2.408402443,48.06811905,NA
2007-07-19,B2,NA,182,yb,2.214455605,47.02087402,NA
2007-07-19,B2,NA,189,cherry,2.36618185,50.10423279,NA
2007-07-19,B2,NA,189,cherry,2.300404549,50.05495834,NA
2007-07-19,B2,NA,192,bb,2.807066679,50.01734161,NA
2007-07-19,B2,NA,192,bb,2.816405296,50.52988815,NA
2007-07-19,B2,NA,194,rm,2.182223082,51.08161926,NA
2007-07-19,B2,NA,194,rm,2.170830488,51.0889473,NA
2007-07-24,B3,NA,203,ash,2.726471424,47.74665833,NA
2007-07-24,B3,NA,203,ash,2.77979207,47.25195313,NA
2007-07-24,B3,NA,214,yb,2.399606943,48.93947983,NA
2007-07-24,B3,NA,214,yb,2.431814432,49.57134247,NA
2007-07-24,B3,NA,225,rm,2.034976244,49.04372787,NA
2007-07-24,B3,NA,225,rm,2.039286137,48.98394775,NA
2007-07-24,B3,NA,232,ro,2.270151854,49.08096313,NA
2007-07-24,B3,NA,232,ro,2.160997391,48.34840012,NA
2007-07-24,B4,NA,251,bo,2.643255472,50.75104141,NA
2007-07-24,B4,NA,251,bo,2.616276264,50.12018967,NA
2007-07-24,B4,NA,257,rm,1.913563728,49.97130966,NA
2007-07-24,B4,NA,257,rm,1.961307764,49.94935226,NA
2007-07-24,B4,NA,262,ro,2.519084454,50.53770828,NA
2007-07-24,B4,NA,262,ro,2.485360146,51.49600983,NA
2007-07-24,B4,NA,262,ro,2.391948223,50.07847977,NA
2007-07-24,B4,NA,268,gb,2.143799305,48.39914322,NA
2007-07-24,B4,NA,268,gb,2.143173933,48.51723862,NA
2007-07-19,C1,NA,214,bb,2.684204578,50.04964828,NA
2007-07-19,C1,NA,214,bb,2.650420666,50.09394836,NA
2007-07-19,C1,NA,225,beech,2.230177402,49.05615234,NA
2007-07-19,C1,NA,225,beech,2.206555128,48.21705246,NA
2007-07-19,C1,NA,351,hem,1.525286078,50.46635818,NA
2007-07-19,C1,NA,351,hem,1.578133106,50.09225845,NA
2007-07-19,C1,NA,354,rm,1.931578517,50.68379211,NA
2007-07-19,C1,NA,354,rm,1.902632594,50.69221115,NA
2007-07-19,C1,NA,355,yb,2.426784277,49.14582062,NA
2007-07-19,C1,NA,355,yb,2.504510164,48.62870789,NA
2007-07-19,C1,NA,359,wp,1.282263637,50.6975708,NA
2007-07-19,C1,NA,359,wp,1.294142127,50.72307968,NA
2007-07-19,C1,NA,362,ro,2.572427511,50.5421524,NA
2007-07-19,C1,NA,362,ro,2.520007133,50.38715363,NA
2007-07-19,C2,NA,380,rm,2.445175648,50.60292435,NA
2007-07-19,C2,NA,380,rm,2.326516867,50.45713806,NA
2007-07-19,C2,NA,388,beech,2.464779377,49.96398163,NA
2007-07-19,C2,NA,388,beech,2.571051836,49.88364792,NA
2007-07-19,C2,NA,392,ro,2.631408691,48.2869606,NA
2007-07-19,C2,NA,392,ro,2.359797716,49.87166977,NA
2007-07-19,C2,NA,392,ro,2.531107903,49.68798065,NA
2007-07-19,C2,NA,392,ro,2.74899435,50.25908279,NA
2007-07-19,C2,NA,392,ro,2.686253309,51.08455658,NA
2007-07-19,C2,NA,out,ro,2.221716404,49.30160904,NA
2007-07-19,C2,NA,out,ro,2.211277723,50.15984344,NA
2007-07-24,C3,NA,264,hem,1.493243217,50.42934418,NA
2007-07-24,C3,NA,264,hem,1.455589414,50.22754669,NA
2007-07-24,C3,NA,403,rm,1.846795678,50.12339783,NA
2007-07-24,C3,NA,403,rm,1.865507603,50.10308456,NA
2007-07-24,C3,NA,409,cherry,2.353773355,49.10445786,NA
2007-07-24,C3,NA,409,cherry,2.372977495,48.91068268,NA
2007-07-24,C3,NA,424,yb,2.388053417,48.16820908,NA
2007-07-24,C3,NA,424,yb,2.43274188,48.26511765,NA
2007-07-24,C3,NA,425,ash,2.133482933,47.41647339,NA
2007-07-24,C3,NA,425,ash,2.130867958,47.09095764,NA
2007-07-25,C4,NA,462,bo,2.649523258,50.98516083,NA
2007-07-25,C4,NA,462,bo,2.649982929,50.82197952,NA
2007-07-25,C4,NA,485,beech,2.639530182,49.15466309,NA
2007-07-25,C4,NA,485,beech,2.692960024,48.45835495,NA
2007-07-25,C4,NA,491,rm,1.932011127,51.84899521,NA
2007-07-25,C4,NA,491,rm,1.835215449,51.40345383,NA
2007-07-25,C4,NA,493,ws,0.901753604,50.48852921,NA
2007-07-25,C4,NA,493,ws,0.82240653,50.44569778,NA
2007-07-24,C5,NA,290,beech,2.124205589,48.61968994,NA
2007-07-24,C5,NA,290,beech,2.114047289,48.81050873,NA
2007-07-24,C5,NA,501,bo,2.5445261,50.54779816,NA
2007-07-24,C5,NA,501,bo,2.46915555,52.18958282,NA
2007-07-24,C5,NA,503,gb,2.564289093,50.77359772,NA
2007-07-24,C5,NA,503,gb,2.486293554,50.66544724,NA
2007-07-24,C5,NA,512,rm,2.205438375,50.20762634,NA
2007-07-24,C5,NA,512,rm,2.28840971,50.49217987,NA
2007-07-24,C5,NA,513,ro,2.312085867,50.59205627,NA
2007-07-24,C5,NA,513,ro,2.265969992,49.32976151,NA
2007-07-24,C5,NA,518,yb,2.535898447,48.95799637,NA
2007-07-24,C5,NA,518,yb,2.609267473,49.0506897,NA
2007-07-19,D1,NA,538,ro,2.298530102,50.45674515,NA
2007-07-19,D1,NA,538,ro,2.29182744,50.10626984,NA
2007-07-19,D1,NA,542,rm,2.137117147,49.89850998,NA
2007-07-19,D1,NA,542,rm,2.191815853,50.27676773,NA
2007-07-19,D1,NA,548,wp,1.528871298,50.49069214,NA
2007-07-19,D1,NA,548,wp,1.545539379,51.63669586,NA
2007-07-19,D1,NA,out,ro,2.612894773,50.93989944,NA
2007-07-19,D1,NA,out,ro,2.649231911,50.72012329,NA
2007-07-19,D2,NA,288,hem,1.504394531,51.12057495,NA
2007-07-19,D2,NA,288,hem,1.860494971,50.90211868,NA
2007-07-19,D2,NA,288,hem,1.444705606,50.74996948,NA
2007-07-19,D2,NA,579,yb,2.190247297,48.31578827,NA
2007-07-19,D2,NA,579,yb,2.220500231,48.67772675,NA
2007-07-19,D2,NA,588,ro,2.213268757,49.62171936,NA
2007-07-19,D2,NA,588,ro,2.233611345,49.08948135,NA
2007-07-19,D2,NA,589,ash,2.748216867,48.12455368,NA
2007-07-19,D2,NA,589,ash,2.766453981,48.1985817,NA
2007-07-19,D2,NA,592,rm,2.01607275,50.64916229,NA
2007-07-19,D2,NA,592,rm,1.999896884,50.47443771,NA
2007-07-19,D2,NA,594,cherry,2.568834543,50.18416214,NA
2007-07-19,D2,NA,594,cherry,2.572415829,50.44132996,NA
2007-07-24,D3,NA,265,beech,2.504998207,48.35728073,NA
2007-07-24,D3,NA,265,beech,2.501176596,47.62059784,NA
2007-07-24,D3,NA,606,rm,2.019055843,51.0419426,NA
2007-07-24,D3,NA,606,rm,2.032327652,50.61201096,NA
2007-07-24,D3,NA,613,ro,2.639751673,50.65411758,NA
2007-07-24,D3,NA,613,ro,2.60292244,51.29029846,NA
2007-07-24,D4,NA,626,rm,2.628596783,50.55785751,NA
2007-07-24,D4,NA,626,rm,2.437150478,49.05761337,NA
2007-07-24,D4,NA,626,rm,2.512378216,49.92106247,NA
2007-07-24,D4,NA,628,cherry,2.57771492,49.08014679,NA
2007-07-24,D4,NA,628,cherry,2.510885954,48.72029877,NA
2007-07-24,D4,NA,637,ash,2.09923172,48.30783844,NA
2007-07-24,D4,NA,637,ash,2.135194778,48.15806198,NA
2007-07-24,D4,NA,639,bo,3.255060196,50.47283173,NA
2007-07-24,D4,NA,639,bo,2.9559443,48.8007431,NA
2007-07-24,D4,NA,639,bo,3.151436329,49.45923615,NA
2007-07-24,D4,NA,731,sm,2.213987589,47.29451752,NA
2007-07-24,D4,NA,731,sm,2.267524481,47.2703743,NA
2007-07-24,D5,NA,664,bo,2.524172544,48.31658554,NA
2007-07-24,D5,NA,664,bo,2.603173733,48.36434555,NA
2007-07-24,D5,NA,666,rm,1.785797238,50.13593674,NA
2007-07-24,D5,NA,666,rm,1.797616601,49.96863937,NA
2007-07-24,D5,NA,670,wb,1.961116791,48.90672684,NA
2007-07-24,D5,NA,670,wb,2.040904045,48.96508026,NA
2007-07-17,E1,NA,676,ro,2.577809572,49.83171082,NA
2007-07-17,E1,NA,676,ro,2.568804979,50.08933258,NA
2007-07-17,E1,NA,678,hem,1.216507554,50.85515594,NA
2007-07-17,E1,NA,678,hem,1.203677654,50.58297348,NA
2007-07-17,E1,NA,683,rm,2.071847916,49.60390091,NA
2007-07-17,E1,NA,683,rm,2.059677839,49.72105408,NA
2007-07-17,E1,NA,684,yb,2.433781385,48.7960701,NA
2007-07-17,E1,NA,684,yb,2.28835392,48.60475159,NA
2007-07-17,E1,NA,684,yb,2.408183098,47.89118958,NA
2007-07-17,E2,NA,710,ro,2.126815319,49.63952637,NA
2007-07-17,E2,NA,710,ro,2.212308168,49.44438934,NA
2007-07-17,E2,NA,719,rm,2.022037745,47.37185669,NA
2007-07-17,E2,NA,719,rm,2.075273991,49.08024216,NA
2007-07-17,E2,NA,721,cherry,2.798926115,49.8866272,NA
2007-07-17,E2,NA,721,cherry,2.782752991,49.50085449,NA
2007-07-17,E2,NA,727,rp,1.052015305,51.29148102,NA
2007-07-17,E2,NA,727,rp,1.077118158,51.21673203,NA
2007-07-25,E3,NA,723,hem,1.307553649,50.67100906,NA
2007-07-25,E3,NA,723,hem,1.270462513,50.54575729,NA
2007-07-25,E3,NA,761,ro,2.87789607,51.79017639,NA
2007-07-25,E3,NA,761,ro,2.832830191,50.42418671,NA
2007-07-25,E3,NA,771,rm,1.694316745,49.53490067,NA
2007-07-25,E3,NA,771,rm,1.734672666,49.87802887,NA
2007-07-25,E4,NA,802,ro,2.508425951,50.05484772,NA
2007-07-25,E4,NA,802,ro,2.597388744,49.4379921,NA
2007-07-25,E4,NA,805,wp,1.244786143,50.704216,NA
2007-07-25,E4,NA,805,wp,1.214199662,50.36955261,NA
2007-07-25,E4,NA,819,yb,2.359619379,50.115345,NA
2007-07-25,E4,NA,819,yb,2.475539446,50.14096832,NA
2007-07-25,E4,NA,826,ws,1.187020421,48.42458725,NA
2007-07-25,E4,NA,826,ws,1.159503698,48.35646439,NA
2007-07-25,E4,NA,834,rm,2.090801001,49.29061127,NA
2007-07-25,E4,NA,834,rm,2.051960945,49.77287292,NA
2007-07-25,E4,NA,854,hem,1.264626503,51.07284546,NA
2007-07-25,E4,NA,854,hem,1.202565193,50.71208191,NA
2007-07-25,E5,NA,879,wp,1.346386075,50.78564072,NA
2007-07-25,E5,NA,879,wp,1.489014506,51.1482811,NA
2007-07-25,E5,NA,879,wp,1.369270682,51.82154083,NA
2007-07-25,E5,NA,885,rm,2.121986389,50.0091629,NA
2007-07-25,E5,NA,885,rm,2.151634455,50.4450798,NA
2007-07-25,E5,NA,890,ro,2.495036602,49.20875931,NA
2007-07-25,E5,NA,890,ro,2.487936497,48.80521774,NA
2007-07-25,E5,NA,911,hem,1.130021334,50.43918991,NA
2007-07-25,E5,NA,911,hem,1.186943173,50.0490303,NA
2007-07-17,F1,NA,930,hem,1.026467681,50.46762466,NA
2007-07-17,F1,NA,930,hem,0.969187677,50.53683853,NA
2007-07-17,F1,NA,932,cherry,2.161780119,48.87369156,NA
2007-07-17,F1,NA,932,cherry,2.172552824,48.90843582,NA
2007-07-17,F1,NA,933,rm,2.385697365,49.51825714,NA
2007-07-17,F1,NA,933,rm,2.421927452,49.85931015,NA
2007-07-17,F1,NA,943,rm,2.119237423,47.77124023,NA
2007-07-17,F1,NA,943,rm,2.156030178,48.27118301,NA
2007-07-17,F1,NA,945,rp,1.032060742,52.03229141,NA
2007-07-17,F1,NA,945,rp,1.088148236,51.49284744,NA
2007-07-17,F1,NA,949,bo,2.787522078,49.09458542,NA
2007-07-17,F1,NA,949,bo,2.755025625,48.47829056,NA
2007-07-17,F2,NA,980,hem,1.037971735,49.55800247,NA
2007-07-17,F2,NA,980,hem,1.097916842,49.66511917,NA
2007-07-17,F2,NA,983,yb,2.649193048,48.29681778,NA
2007-07-17,F2,NA,983,yb,2.586611032,47.91383743,NA
2007-07-17,F2,NA,984,rm,2.285527229,50.03281021,NA
2007-07-17,F2,NA,984,rm,2.217181921,50.07726288,NA
2007-07-17,F2,NA,988,bb,2.405202389,49.31055832,NA
2007-07-17,F2,NA,988,bb,2.370246172,49.25993729,NA
2007-07-17,F2,NA,995,ro,2.43555975,50.12453079,NA
2007-07-17,F2,NA,995,ro,2.41277647,47.1371994,NA
2007-07-17,F3,NA,2,hem,0.858465016,49.94171524,NA
2007-07-17,F3,NA,2,hem,0.881858885,49.52800751,NA
2007-07-17,F3,NA,3,wp,1.274606586,50.48999023,NA
2007-07-17,F3,NA,3,wp,1.297543168,49.92385483,NA
2007-07-17,F3,NA,8,ro,2.377779245,48.7042923,NA
2007-07-17,F3,NA,8,ro,2.282746315,48.94731903,NA
2007-07-17,F3,NA,9,rm,1.787781835,48.89225769,NA
2007-07-17,F3,NA,9,rm,1.810650349,49.10344696,NA
2007-07-17,F3,NA,10,yb,2.409546137,48.43769836,NA
2007-07-17,F3,NA,10,yb,2.419677258,48.36354828,NA
2007-07-25,F4,NA,49,ro,2.465751886,50.16732025,NA
2007-07-25,F4,NA,49,ro,2.464932919,50.28450394,NA
2007-07-25,F4,NA,55,bb,2.292472601,49.8470993,NA
2007-07-25,F4,NA,55,bb,2.323400736,49.18071747,NA
2007-07-25,F4,NA,56,ws,1.398855805,49.39776993,NA
2007-07-25,F4,NA,56,ws,1.184456587,48.83725739,NA
2007-07-25,F4,NA,56,ws,1.310456991,48.60083771,NA
2007-07-25,F4,NA,62,wp,1.562718511,50.37340164,NA
2007-07-25,F4,NA,62,wp,1.510245681,50.30353928,NA
2007-07-25,F4,NA,71,rm,1.979712129,48.47185898,NA
2007-07-25,F4,NA,71,rm,1.999448657,48.84448624,NA
2007-07-25,F4,NA,735,ash,2.402805567,47.41030884,NA
2007-07-25,F4,NA,735,ash,2.365893841,47.27019882,NA
2007-07-25,F5,NA,86,hem,1.327924967,51.68641663,NA
2007-07-25,F5,NA,86,hem,1.304341555,51.58568573,NA
2007-07-25,F5,NA,87,bo,2.304387331,49.91210938,NA
2007-07-25,F5,NA,87,bo,2.29467845,49.35922623,NA
2007-07-25,F5,NA,88,ws,1.10503602,49.73437119,NA
2007-07-25,F5,NA,88,ws,1.135205865,49.68405914,NA
2007-07-25,F5,NA,97,cherry,2.799905777,50.49161911,NA
2007-07-25,F5,NA,97,cherry,2.792778015,50.45238876,NA
2007-07-25,F5,NA,104,rm,2.058055162,49.37046432,NA
2007-07-25,F5,NA,104,rm,2.070752859,49.24739838,NA
2007-07-25,F5,NA,117,wp,1.159406304,50.73416901,NA
2007-07-25,F5,NA,117,wp,1.184850931,50.90327454,NA
2007-07-25,F5,NA,122,wb,2.282389402,49.53598404,NA
2007-07-25,F5,NA,122,wb,2.274554729,49.42411423,NA
2007-07-17,G1,NA,153,rm,2.795958996,51.43951797,NA
2007-07-17,G1,NA,153,rm,2.831856012,51.35214233,NA
2007-07-17,G1,NA,158,rp,0.927276671,52.17448425,NA
2007-07-17,G1,NA,158,rp,0.945031047,51.73784637,NA
2007-07-17,G1,NA,166,cherry,2.862897158,48.90295792,NA
2007-07-17,G1,NA,166,cherry,2.797258854,48.80519867,NA
2007-07-17,G1,NA,175,ro,2.491842508,49.24135208,NA
2007-07-17,G1,NA,175,ro,2.448506355,49.587883,NA
2007-07-17,G2,NA,203,ro,2.51162076,50.10029602,NA
2007-07-17,G2,NA,203,ro,2.469807148,49.7413826,NA
2007-07-17,G2,NA,205,yb,2.349289179,47.45492554,NA
2007-07-17,G2,NA,205,yb,2.369459867,47.72257996,NA
2007-07-17,G2,NA,206,cherry,2.562543154,50.19905472,NA
2007-07-17,G2,NA,206,cherry,2.635775089,50.19062042,NA
2007-07-17,G2,NA,220,rm,1.95156467,50.12818909,NA
2007-07-17,G2,NA,220,rm,1.895233154,50.26499176,NA
2007-07-17,G2,NA,224,hem,1.211124539,51.12335968,NA
2007-07-17,G2,NA,224,hem,1.226012111,50.87058258,NA
2007-07-17,G4,NA,257,ro,2.04044652,50.51965714,NA
2007-07-17,G4,NA,257,ro,1.930022478,49.73725128,NA
2007-07-17,G4,NA,258,bb,2.001208782,49.79296875,NA
2007-07-17,G4,NA,258,bb,1.924588442,49.00588608,NA
2007-07-17,G4,NA,261,rm,1.648632765,50.76852036,NA
2007-07-17,G4,NA,261,rm,1.668414831,50.20698166,NA
2007-07-17,G4,NA,262,yb,1.742491364,47.63214493,NA
2007-07-17,G4,NA,262,yb,1.772898674,47.68687057,NA
2007-07-25,G5,NA,231,yb,2.234039068,49.00144196,NA
2007-07-25,G5,NA,231,yb,2.303294897,49.22232819,NA
2007-07-25,G5,NA,269,hem,1.434803605,50.99055481,NA
2007-07-25,G5,NA,269,hem,1.362686753,51.0004425,NA
2007-07-25,G5,NA,277,rm,2.002732992,49.49484253,NA
2007-07-25,G5,NA,277,rm,1.92028296,49.53654861,NA
2007-07-25,G5,NA,285,wp,1.407566786,51.20968628,NA
2007-07-25,G5,NA,285,wp,1.368228078,51.61391068,NA
2007-07-25,G5,NA,291,ro,2.538775682,51.75524521,NA
2007-07-25,G5,NA,291,ro,2.571954727,51.65846252,NA
2007-07-25,G5,NA,597,bb,2.575814962,50.6749115,NA
2007-07-25,G5,NA,597,bb,2.659507275,50.16456223,NA
2007-07-17,H1,NA,304,beech,2.215392828,48.99971008,NA
2007-07-17,H1,NA,304,beech,2.350192547,49.40284348,NA
2007-07-17,H1,NA,305,ro,2.541954994,51.16470337,NA
2007-07-17,H1,NA,305,ro,2.423241138,50.29973602,NA
2007-07-17,H1,NA,314,hem,1.009067774,50.38682938,NA
2007-07-17,H1,NA,314,hem,1.018092513,50.41226959,NA
2007-07-17,H1,NA,320,wp,1.213085651,50.92288971,NA
2007-07-17,H1,NA,320,wp,1.311540008,51.08084869,NA
2007-07-17,H1,NA,321,rm,2.354469299,50.15905762,NA
2007-07-17,H1,NA,321,rm,2.375201225,50.17806244,NA
2007-07-17,H2,NA,332,beech,2.37728548,47.72251892,NA
2007-07-17,H2,NA,332,beech,2.414330721,48.34513092,NA
2007-07-17,H2,NA,343,yb,2.323209286,48.63244247,NA
2007-07-17,H2,NA,343,yb,2.230900764,48.51936722,NA
2007-07-17,H2,NA,347,hem,1.296329737,50.90012741,NA
2007-07-17,H2,NA,347,hem,1.260658503,51.38097,NA
2007-07-17,H2,NA,348,rm,1.921329498,50.62287521,NA
2007-07-17,H2,NA,348,rm,1.926442027,50.69798279,NA
2007-07-17,H2,NA,354,ro,2.523455143,50.00464249,NA
2007-07-17,H2,NA,354,ro,2.606008053,50.66130066,NA
2007-07-25,H5,NA,383,hem,0.983157694,50.97984695,NA
2007-07-25,H5,NA,383,hem,0.978649974,51.36719131,NA
2007-07-25,H5,NA,384,rm,1.827736497,50.18498611,NA
2007-07-25,H5,NA,384,rm,1.893259406,50.61377335,NA
2007-07-25,H5,NA,393,yb,2.005208969,49.46121979,NA
2007-07-25,H5,NA,393,yb,1.935468554,49.11666107,NA
2007-07-25,H5,NA,395,wp,1.312181115,50.22232056,NA
2007-07-25,H5,NA,395,wp,1.334276438,50.64360046,NA
2007-07-25,H5,NA,397,beech,2.17559433,48.55695343,NA
2007-07-25,H5,NA,397,beech,2.273168802,49.22304535,NA
2007-07-25,H5,NA,398,bb,2.168077469,48.75332642,NA
2007-07-25,H5,NA,398,bb,2.185154438,49.30028152,NA
2007-07-25,H5,NA,402,bo,2.524397135,50.6777916,NA
2007-07-25,H5,NA,402,bo,2.368156433,50.65955734,NA
2007-07-25,H5,NA,402,bo,2.456044436,49.92741013,NA
2008-07-30,A1,NA,6,rm,2.50052309,49.39474487,NA
2008-07-30,A1,NA,6,rm,2.568899155,50.13824081,NA
2008-08-20,A1,NA,8,yb,1.759369135,50.32021332,NA
2008-08-20,A1,NA,8,yb,1.764157772,50.18244553,NA
2008-07-30,A1,NA,19,ro,2.839501619,49.56052017,NA
2008-07-30,A1,NA,19,ro,2.847072124,49.48749161,NA
2008-07-31,A2,NA,26,bo,2.600773335,50.65766144,NA
2008-07-31,A2,NA,26,bo,2.596160173,48.61500931,NA
2008-07-31,A2,NA,35,rm,2.037047148,50.06691742,NA
2008-07-31,A2,NA,35,rm,1.943872452,49.75842667,NA
2008-07-31,A2,NA,35,rm,2.335802317,49.15458298,NA
2008-07-31,A2,NA,35,rm,2.20988512,49.91197586,NA
2008-07-31,A2,NA,35,rm,2.06192255,50.80092621,NA
2008-08-20,A2,NA,92,beech,2.406416416,49.22157669,NA
2008-08-20,A2,NA,92,beech,2.417882919,49.25817108,NA
2008-08-20,A3,NA,52,beech,2.187562466,48.41247177,NA
2008-08-20,A3,NA,52,beech,2.22163105,48.56886292,NA
2008-07-31,A3,NA,58,ro,2.637025595,49.01280212,NA
2008-07-31,A3,NA,58,ro,2.59585619,48.81461334,NA
2008-07-31,A3,NA,58,ro,2.024489403,49.61507034,NA
2008-07-31,A3,NA,58,ro,2.268966436,50.08064651,NA
2008-07-31,A3,NA,58,ro,2.117991924,49.51272583,NA
2008-08-20,A3,NA,64,yb,2.508925676,51.09256363,NA
2008-08-20,A3,NA,64,yb,2.275505066,50.70888138,NA
2008-08-20,A3,NA,64,yb,2.686553717,49.8836441,NA
2008-07-31,A3,NA,66,rm,2.501460075,49.64096069,NA
2008-07-31,A3,NA,66,rm,2.478826284,49.27985764,NA
2008-07-31,A3,NA,69,rm,1.99183476,50.73347092,NA
2008-07-31,A3,NA,69,rm,1.993820548,50.1954689,NA
2008-07-31,A3,NA,69,rm,2.094130754,50.71561813,NA
2008-07-31,A3,NA,69,rm,2.174152851,51.21871185,NA
2008-07-31,A3,NA,69,rm,1.966596246,49.30430222,NA
2008-08-20,A3,NA,263,bb,2.350569963,51.38716125,NA
2008-08-20,A3,NA,263,bb,2.133839846,51.66193771,NA
2008-07-30,B1,NA,154,rm,2.063928604,50.03355408,NA
2008-07-30,B1,NA,154,rm,2.039486885,49.65487289,NA
2008-08-20,B1,NA,164,wp,1.474809766,51.14143753,NA
2008-08-20,B1,NA,164,wp,1.519638419,51.38496399,NA
2008-08-20,B1,NA,164,wp,1.426083207,51.4249115,NA
2008-07-30,B1,NA,165,ro,2.325216055,50.25180435,NA
2008-07-30,B1,NA,165,ro,2.468259573,50.43502426,NA
2008-07-30,B1,NA,165,ro,2.07659936,49.70413208,NA
2008-07-30,B1,NA,165,ro,2.490441322,50.78865814,NA
2008-07-31,B2,NA,179,ro,2.661661386,50.82998657,NA
2008-07-31,B2,NA,179,ro,2.662708521,50.58584595,NA
2008-08-20,B2,NA,182,yb,2.131256819,47.44698334,NA
2008-08-20,B2,NA,182,yb,2.274273396,46.70528412,NA
2008-08-20,B2,NA,182,yb,2.283445597,47.18071747,NA
2008-08-20,B2,NA,189,cherry,2.346177578,49.94018936,NA
2008-08-20,B2,NA,189,cherry,2.360404968,49.75624466,NA
2008-08-20,B2,NA,192,bb,2.674764156,50.44029999,NA
2008-08-20,B2,NA,192,bb,2.68906045,50.46429062,NA
2008-07-31,B2,NA,194,rm,2.093884945,51.05420303,NA
2008-07-31,B2,NA,194,rm,2.035061121,49.17370224,NA
2008-08-20,B3,NA,203,ash,2.86029768,48.40998077,NA
2008-08-20,B3,NA,203,ash,2.840369463,48.24315643,NA
2008-08-20,B3,NA,214,yb,2.287594318,49.47424698,NA
2008-08-20,B3,NA,214,yb,2.11177516,49.13133621,NA
2008-08-20,B3,NA,214,yb,1.860191941,47.95539093,NA
2008-08-20,B3,NA,214,yb,2.473992825,50.55670166,NA
2008-08-20,B3,NA,214,yb,2.277092695,50.44876099,NA
2008-07-31,B3,NA,225,rm,1.797628284,49.44578171,NA
2008-07-31,B3,NA,225,rm,1.847574592,49.73122025,NA
2008-07-31,B3,NA,232,ro,2.638566971,49.67449188,NA
2008-07-31,B3,NA,232,ro,2.74517107,49.97439957,NA
2008-07-31,B3,NA,232,ro,2.701417685,49.73088074,NA
2008-07-31,B4,NA,251,bo,2.527081251,50.34315491,NA
2008-07-31,B4,NA,251,bo,2.530833483,49.97875214,NA
2008-07-31,B4,NA,257,rm,1.772266746,50.32975769,NA
2008-07-31,B4,NA,257,rm,1.758013248,50.44755554,NA
2008-07-31,B4,NA,262,ro,2.742366314,51.21857071,NA
2008-07-31,B4,NA,262,ro,2.626539946,51.15353775,NA
2008-07-31,B4,NA,262,ro,2.448317766,50.93225479,NA
2008-07-31,B4,NA,262,ro,2.787413597,51.61706161,NA
2008-08-20,B4,NA,268,gb,2.412989855,50.56448364,NA
2008-08-20,B4,NA,268,gb,2.421110153,50.11249924,NA
2008-08-20,C1,NA,214,bb,2.372666836,49.31006241,NA
2008-08-20,C1,NA,214,bb,2.432422161,49.19405746,NA
2008-08-20,C1,NA,225,beech,2.391443253,49.55120468,NA
2008-08-20,C1,NA,225,beech,2.481411695,49.43803787,NA
2008-08-20,C1,NA,225,beech,2.477982759,48.86978149,NA
2008-08-20,C1,NA,351,hem,1.677044392,50.6669693,NA
2008-08-20,C1,NA,351,hem,1.63928771,50.30260849,NA
2008-07-30,C1,NA,354,rm,1.972967744,51.71225357,NA
2008-07-30,C1,NA,354,rm,1.918706298,51.23228836,NA
2008-08-20,C1,NA,355,yb,2.549467087,49.69760895,NA
2008-08-20,C1,NA,355,yb,2.520760775,49.55418777,NA
2008-08-20,C1,NA,359,wp,1.416686296,51.68026352,NA
2008-08-20,C1,NA,359,wp,1.385149598,51.45296097,NA
2008-07-30,C1,NA,362,ro,2.310559511,49.22557068,NA
2008-07-30,C1,NA,362,ro,2.273742914,49.46538925,NA
2008-07-30,C2,NA,380,rm,2.094882965,51.03366089,NA
2008-07-30,C2,NA,380,rm,1.970147252,48.57374191,NA
2008-07-30,C2,NA,380,rm,2.056628942,50.54917145,NA
2008-08-20,C2,NA,388,beech,2.254438639,49.22519684,NA
2008-08-20,C2,NA,388,beech,2.279220581,49.21753693,NA
2008-07-30,C2,NA,392,ro,2.369766235,49.93758392,NA
2008-07-30,C2,NA,392,ro,2.322761297,50.33543777,NA
2008-08-20,C3,NA,264,hem,1.494971395,50.07485199,NA
2008-08-20,C3,NA,264,hem,1.521447778,50.13881302,NA
2008-07-30,C3,NA,403,rm,1.676323652,50.49816895,NA
2008-07-30,C3,NA,403,rm,1.758916974,50.30319214,NA
2008-08-20,C3,NA,409,cherry,2.340715408,50.00511169,NA
2008-08-20,C3,NA,409,cherry,2.265628576,49.40844727,NA
2008-08-20,C3,NA,424,yb,2.47359252,49.46761703,NA
2008-08-20,C3,NA,424,yb,2.193552017,48.57997131,NA
2008-08-20,C3,NA,424,yb,2.257339954,48.58298492,NA
2008-08-20,C3,NA,425,ash,2.035423756,47.68242645,NA
2008-08-20,C3,NA,425,ash,2.110418558,47.64149857,NA
2008-07-30,C4,NA,462,bo,2.660825014,50.99662018,NA
2008-07-30,C4,NA,462,bo,2.513909578,49.30030823,NA
2008-07-30,C4,NA,462,bo,2.861842632,50.82889175,NA
2008-07-30,C4,NA,462,bo,2.804708004,50.7865448,NA
2008-08-20,C4,NA,485,beech,2.408257723,48.86040878,NA
2008-08-20,C4,NA,485,beech,2.457704306,47.76639175,NA
2008-07-30,C4,NA,491,rm,1.809194684,51.33094788,NA
2008-07-30,C4,NA,491,rm,1.81479311,50.99398041,NA
2008-08-20,C4,NA,493,ws,1.284024,50.54541779,NA
2008-08-20,C4,NA,493,ws,1.253284335,50.66519165,NA
2008-08-20,C5,NA,290,beech,2.116588116,48.32834244,NA
2008-08-20,C5,NA,290,beech,2.060390711,48.60796356,NA
2008-07-31,C5,NA,501,bo,2.810496092,51.45549011,NA
2008-07-31,C5,NA,501,bo,2.605621099,51.0562706,NA
2008-07-31,C5,NA,501,bo,2.749937773,50.80265427,NA
2008-08-20,C5,NA,503,gb,2.333073139,50.47966766,NA
2008-08-20,C5,NA,503,gb,2.166378021,50.18434143,NA
2008-08-20,C5,NA,503,gb,2.310616493,49.76833725,NA
2008-07-31,C5,NA,512,rm,1.85316968,50.55137253,NA
2008-07-31,C5,NA,512,rm,1.841674209,50.65069199,NA
2008-07-31,C5,NA,513,ro,2.465847969,50.05908585,NA
2008-07-31,C5,NA,513,ro,2.498921394,49.76746368,NA
2008-08-20,C5,NA,518,yb,2.43121624,49.49222946,NA
2008-08-20,C5,NA,518,yb,2.336633921,49.24687576,NA
2008-07-30,D1,NA,538,ro,2.040989161,48.53226852,NA
2008-07-30,D1,NA,538,ro,1.99131,49.09230042,NA
2008-07-30,D1,NA,542,rm,1.976886272,50.0710144,NA
2008-07-30,D1,NA,542,rm,1.972714663,50.14159012,NA
2008-08-20,D1,NA,548,wp,1.690201998,51.60237122,NA
2008-08-20,D1,NA,548,wp,1.567203641,50.14260483,NA
2008-08-20,D1,NA,548,wp,1.7215271,51.493927,NA
2008-08-20,D2,NA,288,hem,1.429652691,50.55886078,NA
2008-08-20,D2,NA,288,hem,1.365399241,50.49203873,NA
2008-08-20,D2,NA,579,yb,2.063242912,48.01141739,NA
2008-08-20,D2,NA,579,yb,2.092358828,48.60787201,NA
2008-07-30,D2,NA,588,ro,2.089424372,49.3755722,NA
2008-07-30,D2,NA,588,ro,2.088551283,49.04164505,NA
2008-08-20,D2,NA,589,ash,2.288305283,48.26398849,NA
2008-08-20,D2,NA,589,ash,2.203536272,47.20593643,NA
2008-07-30,D2,NA,592,rm,1.656907797,50.30063629,NA
2008-07-30,D2,NA,592,rm,1.734305859,50.21937943,NA
2008-08-20,D2,NA,594,cherry,2.444875479,50.10651779,NA
2008-08-20,D2,NA,594,cherry,2.426010132,50.13301086,NA
2008-08-20,D3,NA,265,beech,2.522393227,47.97817993,NA
2008-08-20,D3,NA,265,beech,2.498535156,47.63868713,NA
2008-07-31,D3,NA,606,rm,1.679864049,50.73101044,NA
2008-07-31,D3,NA,606,rm,1.687009335,50.96170807,NA
2008-07-31,D3,NA,613,ro,2.385444641,50.75585175,NA
2008-07-31,D3,NA,613,ro,2.388246298,51.022789,NA
2008-07-30,D4,NA,626,rm,2.312517881,50.26926422,NA
2008-07-31,D4,NA,626,rm,2.144198895,49.69258499,NA
2008-07-31,D4,NA,626,rm,2.237686872,49.94821548,NA
2008-08-20,D4,NA,628,cherry,2.218294621,49.30983734,NA
2008-08-20,D4,NA,628,cherry,2.222394943,49.46908951,NA
2008-08-20,D4,NA,637,ash,2.084338188,46.44417572,NA
2008-08-20,D4,NA,637,ash,2.12065196,47.98587418,NA
2008-07-31,D4,NA,639,bo,2.801218271,50.16112518,NA
2008-07-31,D4,NA,639,bo,2.667313576,49.99704742,NA
2008-07-31,D4,NA,639,bo,2.969907045,50.73796082,NA
2008-07-31,D4,NA,639,bo,3.059211731,51.17455673,NA
2008-08-20,D4,NA,731,sm,2.626447201,48.92993164,NA
2008-08-20,D4,NA,731,sm,2.537810564,48.96006393,NA
2008-07-31,D5,NA,664,bo,2.047290325,49.04405212,NA
2008-07-31,D5,NA,664,bo,2.189936399,49.22147369,NA
2008-07-31,D5,NA,664,bo,2.293126822,49.55503082,NA
2008-07-31,D5,NA,664,bo,2.405301571,50.28846359,NA
2008-07-31,D5,NA,664,bo,2.345015287,50.90626907,NA
2008-07-31,D5,NA,666,rm,1.498465896,51.00321198,NA
2008-07-31,D5,NA,666,rm,1.516125441,51.12282944,NA
2008-08-20,D5,NA,670,wb,2.314934731,50.41656113,NA
2008-08-20,D5,NA,670,wb,2.225924492,50.39961243,NA
2008-07-30,E1,NA,676,ro,2.529805183,51.31794739,NA
2008-07-30,E1,NA,676,ro,2.385397673,50.03850937,NA
2008-07-30,E1,NA,676,ro,2.46952939,50.60472488,NA
2008-08-20,E1,NA,678,hem,1.1627841,51.85403061,NA
2008-08-20,E1,NA,678,hem,1.218297124,51.49707031,NA
2008-07-30,E1,NA,683,rm,2.032915115,50.54828262,NA
2008-07-30,E1,NA,683,rm,2.093809366,50.84640503,NA
2008-08-20,E1,NA,684,yb,2.370863199,48.68338394,NA
2008-08-20,E1,NA,684,yb,2.366197586,48.29310226,NA
2008-07-30,E2,NA,710,ro,1.985643983,49.1387558,NA
2008-07-30,E2,NA,710,ro,2.192611694,48.85630798,NA
2008-07-30,E2,NA,719,rm,2.091754198,50.2061615,NA
2008-07-30,E2,NA,719,rm,2.057887793,49.68967056,NA
2008-08-20,E2,NA,727,rp,1.31547308,52.13695526,NA
2008-08-20,E2,NA,727,rp,1.300814867,52.02723694,NA
2008-08-20,E3,NA,723,hem,1.245476961,51.38211823,NA
2008-08-20,E3,NA,723,hem,1.196216464,51.43982697,NA
2008-07-30,E3,NA,761,ro,2.711634636,50.72290802,NA
2008-07-30,E3,NA,761,ro,2.762048721,50.64902878,NA
2008-07-30,E3,NA,771,rm,1.57801795,49.79347992,NA
2008-07-30,E3,NA,771,rm,1.618699074,49.84463882,NA
2008-07-30,E4,NA,802,ro,2.689415455,50.19646072,NA
2008-07-30,E4,NA,802,ro,2.660871506,50.52758408,NA
2008-08-20,E4,NA,805,wp,1.299916983,51.84884262,NA
2008-08-20,E4,NA,805,wp,1.318310738,52.0220108,NA
2008-08-20,E4,NA,819,yb,1.99130702,49.75588608,NA
2008-08-20,E4,NA,819,yb,1.993083,49.13817978,NA
2008-08-20,E4,NA,826,ws,1.284652591,49.13150787,NA
2008-08-20,E4,NA,826,ws,1.259908795,49.32333755,NA
2008-07-30,E4,NA,834,rm,1.843799949,49.35752869,NA
2008-07-30,E4,NA,834,rm,1.875213504,50.06714249,NA
2008-08-20,E4,NA,854,hem,1.19292593,50.71573639,NA
2008-08-20,E4,NA,854,hem,1.223704338,50.10719681,NA
2008-08-20,E5,NA,879,wp,1.349656105,51.89989853,NA
2008-08-20,E5,NA,879,wp,1.374089479,51.80369186,NA
2008-07-30,E5,NA,885,rm,2.06343174,50.24318314,NA
2008-07-30,E5,NA,885,rm,2.193935156,50.09997559,NA
2008-07-30,E5,NA,885,rm,2.144212008,49.19874191,NA
2008-07-30,E5,NA,890,ro,2.363782167,49.63551712,NA
2008-07-30,E5,NA,890,ro,2.549240112,49.52517319,NA
2008-07-30,E5,NA,890,ro,2.570544243,49.16719055,NA
2008-08-20,E5,NA,911,hem,1.527798057,51.93297958,NA
2008-08-20,E5,NA,911,hem,1.455941558,51.93793869,NA
2008-08-20,F1,NA,930,hem,1.142669082,51.63048172,NA
2008-08-20,F1,NA,930,hem,1.125065088,50.52262878,NA
2008-08-20,F1,NA,932,cherry,2.500082493,50.89400101,NA
2008-08-20,F1,NA,932,cherry,2.504026175,50.4812088,NA
2008-07-30,F1,NA,933,rm,2.149168015,50.76850891,NA
2008-07-30,F1,NA,933,rm,2.141563177,50.59807968,NA
2008-07-30,F1,NA,943,rm,2.031377316,49.56079102,NA
2008-07-30,F1,NA,943,rm,2.001048565,49.35993576,NA
2008-08-20,F1,NA,945,rp,1.323253274,51.35815811,NA
2008-08-20,F1,NA,945,rp,1.228179336,51.11806107,NA
2008-08-20,F1,NA,945,rp,1.309022307,50.79954147,NA
2008-07-30,F1,NA,949,bo,2.994415522,49.93857956,NA
2008-07-30,F1,NA,949,bo,2.928850651,49.75860977,NA
2008-08-20,F1,NA,980,hem,2.017301083,50.7852478,NA
2008-08-20,F1,NA,980,hem,1.996441603,50.59490967,NA
2008-08-20,F2,NA,983,yb,1.172837615,51.21402359,NA
2008-08-20,F2,NA,983,yb,1.135137558,50.90839767,NA
2008-07-30,F2,NA,984,rm,2.236800909,48.72278595,NA
2008-07-30,F2,NA,984,rm,2.321553946,48.6387291,NA
2008-08-20,F2,NA,988,bb,2.430369616,49.03480148,NA
2008-08-20,F2,NA,988,bb,2.599903584,49.1100235,NA
2008-08-20,F2,NA,988,bb,2.647828817,49.90809631,NA
2008-07-30,F2,NA,995,ro,2.385247469,49.75042343,NA
2008-07-30,F2,NA,995,ro,2.591664553,50.16691208,NA
2008-07-30,F2,NA,995,ro,2.462516308,50.09692764,NA
2008-08-20,F3,NA,2,hem,2.348407507,48.53378296,NA
2008-08-20,F3,NA,2,hem,2.287816048,48.15351105,NA
2008-08-20,F3,NA,3,wp,1.405372262,49.87124634,NA
2008-08-20,F3,NA,3,wp,1.41887784,50.0763092,NA
2008-07-30,F3,NA,8,ro,1.304561496,49.57532501,NA
2008-07-30,F3,NA,8,ro,1.266205907,48.91287231,NA
2008-07-30,F3,NA,9,rm,2.392027855,49.74698639,NA
2008-07-30,F3,NA,9,rm,2.347419977,49.35693741,NA
2008-08-20,F3,NA,10,yb,1.704513311,50.04310989,NA
2008-08-20,F3,NA,10,yb,1.633231878,50.76678467,NA
2008-07-30,F4,NA,49,ro,2.565691233,50.21615219,NA
2008-07-30,F4,NA,49,ro,2.547779322,49.90608215,NA
2008-08-20,F4,NA,55,bb,2.605571747,48.57672882,NA
2008-08-20,F4,NA,55,bb,2.637894392,48.77854538,NA
2008-08-20,F4,NA,56,ws,0.963323355,49.27741241,NA
2008-08-20,F4,NA,56,ws,1.052495718,48.67321777,NA
2008-08-20,F4,NA,56,ws,1.21539557,50.49692917,NA
2008-08-20,F4,NA,56,ws,1.145851135,49.88145447,NA
2008-08-20,F4,NA,62,wp,1.464223742,50.12350464,NA
2008-08-20,F4,NA,62,wp,1.445193768,50.69766235,NA
2008-07-30,F4,NA,71,rm,1.957445502,49.41412735,NA
2008-07-30,F4,NA,71,rm,1.891501784,49.74112701,NA
2008-08-20,F4,NA,735,ash,2.504477978,45.63501358,NA
2008-08-20,F4,NA,735,ash,2.429318666,43.71101379,NA
2008-08-20,F5,NA,86,hem,2.153184175,50.8953476,NA
2008-08-20,F5,NA,86,hem,2.079155922,50.35854721,NA
2008-07-30,F5,NA,87,bo,1.330108166,50.4974823,NA
2008-07-30,F5,NA,87,bo,1.323671818,50.56406021,NA
2008-08-20,F5,NA,88,ws,2.595903397,49.74131393,NA
2008-08-20,F5,NA,88,ws,2.415613651,48.89431763,NA
2008-08-20,F5,NA,97,cherry,2.448138714,49.45412064,NA
2008-08-20,F5,NA,97,cherry,1.031296492,51.41504288,NA
2008-08-20,F5,NA,97,cherry,1.069288492,51.3593483,NA
2008-07-30,F5,NA,104,rm,2.548357248,48.50227356,NA
2008-07-30,F5,NA,104,rm,2.596446037,50.63110352,NA
2008-08-20,F5,NA,117,wp,1.148077011,49.57296753,NA
2008-08-20,F5,NA,117,wp,1.222574472,49.7283287,NA
2008-08-20,F5,NA,122,wb,2.932005405,49.60580826,NA
2008-08-20,F5,NA,122,wb,3.031095266,49.71826172,NA
2008-08-20,F5,NA,122,wb,2.919174433,50.54288483,NA
2008-07-30,G1,NA,153,rm,2.447050571,51.44372559,NA
2008-07-30,G1,NA,153,rm,2.525984764,51.19634628,NA
2008-08-20,G1,NA,158,rp,1.14861238,51.30258179,NA
2008-08-20,G1,NA,158,rp,1.162714362,51.28479004,NA
2008-08-20,G1,NA,166,cherry,2.588739872,48.08584213,NA
2008-08-20,G1,NA,166,cherry,2.633798838,48.28045654,NA
2008-07-30,G1,NA,175,ro,2.609527349,49.9997139,NA
2008-07-30,G1,NA,175,ro,2.531063557,49.79196167,NA
2008-07-30,G2,NA,203,ro,2.702719927,50.29141617,NA
2008-07-30,G2,NA,203,ro,2.644294262,49.93281937,NA
2008-08-20,G2,NA,205,yb,2.656702757,47.46744156,NA
2008-08-20,G2,NA,205,yb,2.909226656,47.95203018,NA
2008-08-20,G2,NA,205,yb,2.815803289,47.96622849,NA
2008-08-20,G2,NA,205,yb,3.020749331,50.22520065,NA
2008-08-20,G2,NA,205,yb,2.820766449,49.61667633,NA
2008-08-20,G2,NA,206,cherry,2.202305555,49.49463654,NA
2008-08-20,G2,NA,206,cherry,2.293222666,49.81633759,NA
2008-08-20,G2,NA,224,hem,1.23480773,49.92155457,NA
2008-08-20,G2,NA,224,hem,1.185929418,49.65376282,NA
2008-08-20,G5,NA,231,yb,2.138566732,48.77649689,NA
2008-08-20,G5,NA,231,yb,2.125834703,48.75796127,NA
2008-08-20,G5,NA,269,hem,1.312737823,51.2520752,NA
2008-08-20,G5,NA,269,hem,1.187175512,49.42726898,NA
2008-08-20,G5,NA,269,hem,1.371134639,51.12586975,NA
2008-07-30,G5,NA,277,rm,1.934112668,50.43655396,NA
2008-07-30,G5,NA,277,rm,1.942064881,50.14070129,NA
2008-08-20,G5,NA,285,wp,1.324817061,49.92462921,NA
2008-08-20,G5,NA,285,wp,1.319680691,49.77172852,NA
2008-07-30,G5,NA,291,ro,2.419970989,50.40181732,NA
2008-07-30,G5,NA,291,ro,2.450276136,50.16304016,NA
2008-08-20,G5,NA,597,bb,2.654264212,48.98703003,NA
2008-08-20,G5,NA,597,bb,2.609794617,49.02605438,NA
2008-08-20,H1,NA,304,beech,2.333628893,48.20008087,NA
2008-08-20,H1,NA,304,beech,2.406993866,48.04971695,NA
2008-07-30,H1,NA,305,ro,2.385574341,49.39007187,NA
2008-07-30,H1,NA,305,ro,2.476461649,49.87864685,NA
2008-08-20,H1,NA,314,hem,1.115097165,51.47257996,NA
2008-08-20,H1,NA,314,hem,1.156331778,50.85606384,NA
2008-08-20,H1,NA,320,wp,1.357459903,50.58685303,NA
2008-08-20,H1,NA,320,wp,1.285088658,50.80515289,NA
2008-07-30,H1,NA,321,rm,1.828300238,46.09109116,NA
2008-07-30,H1,NA,321,rm,1.974189401,48.95415497,NA
2008-07-30,H1,NA,321,rm,1.923210502,48.58018875,NA
2008-08-20,H2,NA,332,beech,1.944872022,46.93782043,NA
2008-08-20,H2,NA,332,beech,1.963465214,47.53822708,NA
2008-08-20,H2,NA,343,yb,2.538508892,46.3440361,NA
2008-08-20,H2,NA,343,yb,2.601788521,48.04441452,NA
2008-08-20,H2,NA,347,hem,1.319141984,51.56310272,NA
2008-08-20,H2,NA,347,hem,1.294822454,50.73064804,NA
2008-07-30,H2,NA,348,rm,1.63902986,50.37874603,NA
2008-07-30,H2,NA,348,rm,1.665608764,51.11656189,NA
2008-07-30,H2,NA,354,ro,2.548100471,49.26347351,NA
2008-07-30,H2,NA,354,ro,2.505882978,49.37533569,NA
2008-08-20,H5,NA,383,hem,1.132842779,50.59316254,NA
2008-08-20,H5,NA,383,hem,1.162217855,50.40734482,NA
2008-07-30,H5,NA,384,rm,1.707873464,48.68724442,NA
2008-07-30,H5,NA,384,rm,1.803047061,51.0152092,NA
2008-07-30,H5,NA,384,rm,1.766695857,51.44430161,NA
2008-08-20,H5,NA,393,yb,2.391169786,48.06039047,NA
2008-08-20,H5,NA,393,yb,2.288233757,48.19228363,NA
2008-08-20,H5,NA,393,yb,2.420023918,48.4389534,NA
2008-08-20,H5,NA,395,wp,1.457863927,50.84584427,NA
2008-08-20,H5,NA,395,wp,1.351712823,50.10654068,NA
2008-08-20,H5,NA,395,wp,1.425506115,51.62408066,NA
2008-08-20,H5,NA,397,beech,2.194975615,48.88401031,NA
2008-08-20,H5,NA,397,beech,2.249439955,48.77757263,NA
2008-08-20,H5,NA,398,bb,2.18429637,50.22222519,NA
2008-08-20,H5,NA,398,bb,2.045282841,50.22369003,NA
2008-08-20,H5,NA,398,bb,2.250992775,51.21442413,NA
2008-07-30,H5,NA,402,bo,2.393170595,49.49916077,NA
2008-07-30,H5,NA,402,bo,2.396444798,49.173069,NA
