year,doy,hour,chamber,avg.airt,avg.grndt,co2flux
2006,109.8,0.8,9,10.29,10.53,0.27
2006,109.82,0.82,10,9.3,11.65,0.36
2006,110.17,0.17,9,6.31,7.14,0.51
2006,110.19,0.19,10,4.89,8.55,0.63
2006,110.38,0.38,9,12.36,8.2,-0.9
2006,110.4,0.4,10,25.43,10.59,-1.73
2006,110.59,0.59,9,37.39,20.66,-1.79
2006,110.61,0.61,10,35.29,21.05,-1.91
2006,110.8,0.8,9,10.38,12.15,0.9
2006,110.82,0.82,10,7.54,13.89,1.46
2006,111.17,0.17,9,1.06,6.24,0.54
2006,111.19,0.19,10,0.51,7.78,0.57
2006,111.38,0.38,9,7.62,7.17,-0.51
2006,111.4,0.4,10,20.85,10.02,-1.14
2006,111.59,0.59,9,31.89,18.23,-1.68
2006,111.61,0.61,10,31.52,17.4,-1.77
2006,111.8,0.8,9,6.81,11.03,0.56
2006,111.82,0.82,10,4.13,12.05,-0.56
2006,112.17,0.17,9,-1.39,4.93,0.59
2006,112.19,0.19,10,-1.84,3.66,0.52
2006,112.38,0.38,9,7.67,6.79,-0.95
2006,112.4,0.4,10,10.89,7.04,-1.1
2006,112.59,0.59,9,8.67,8.31,-0.95
2006,112.61,0.61,10,9.17,8.92,-0.95
2006,112.8,0.8,9,3.66,6.8,0.49
2006,112.82,0.82,10,2.38,7.67,0.55
2006,113.17,0.17,9,2.22,5.15,-0.05
2006,113.19,0.19,10,2.53,6.18,0.51
2006,113.38,0.38,9,4.49,5.38,-0.5
2006,113.4,0.4,10,4.51,6.18,-0.68
2006,113.59,0.59,9,7.33,7.03,-0.67
2006,113.61,0.61,10,6.48,7.07,-0.63
2006,113.8,0.8,9,3.65,5.52,0.13
2006,113.82,0.82,10,2.8,6.13,0.51
2006,114.17,0.17,9,2.76,4.81,0.42
2006,114.19,0.19,10,2.25,5.23,0.47
2006,114.38,0.38,9,7.17,6.48,-0.7
2006,114.4,0.4,10,7.03,6.35,-0.73
2006,114.59,0.59,9,10.15,8.45,-0.78
2006,114.61,0.61,10,9.88,8.07,-0.81
2006,114.8,0.8,9,7.19,7.77,0.44
2006,114.82,0.82,10,6.8,7.69,0.75
2006,115.17,0.17,9,4.06,5.96,0.45
2006,115.19,0.19,10,0.92,6.25,0.47
2006,115.38,0.38,9,10.02,7.42,-0.98
2006,115.4,0.4,10,18.17,7.4,-1.63
2006,115.59,0.59,9,19.37,13.48,-1.36
2006,115.61,0.61,10,17.21,12.83,-1.24
2006,115.8,0.8,9,6.36,8.76,0.54
2006,115.82,0.82,10,5.46,9.62,0.58
2006,116.17,0.17,9,-2.74,3.81,0.39
2006,116.19,0.19,10,-4.21,5.09,0.38
2006,116.38,0.38,9,2.52,4.03,-0.3
2006,116.4,0.4,10,16.02,6.09,-1.07
2006,116.59,0.59,9,27.24,14.03,-1.77
2006,116.61,0.61,10,20.92,14.66,-1.69
2006,116.8,0.8,9,6.5,6.76,-0.21
2006,116.82,0.82,10,6.35,12.47,0.43
2006,117.17,0.17,9,-1.62,2.22,0.52
2006,117.19,0.19,10,-1.89,4.02,0.58
2006,117.38,0.38,9,7.55,4.67,-0.77
2006,117.4,0.4,10,15.69,5.66,-1.26
2006,117.59,0.59,9,21.28,10.13,-1.93
2006,117.61,0.61,10,22.35,10.83,-1.74
2006,117.8,0.8,9,6.86,7.22,-0.03
2006,117.82,0.82,10,4.95,12.16,1.21
2006,118.17,0.17,9,-0.5,2.25,0.49
2006,118.19,0.19,10,-1.15,4.24,0.52
2006,118.38,0.38,9,3.97,3.01,-0.48
2006,118.4,0.4,10,12.28,5.12,-0.81
2006,118.59,0.59,9,20.87,10.51,-1.48
2006,118.61,0.61,10,20.35,12,-1.4
2006,118.8,0.8,9,5.55,6.29,-0.22
2006,118.82,0.82,10,4.56,11.65,0.63
2006,119.17,0.17,9,-1.27,1.81,-0.36
2006,119.19,0.19,10,-0.78,3.86,0.76
2006,119.38,0.38,9,5.27,3.19,-0.5
2006,119.4,0.4,10,14.26,5.49,-0.83
2006,119.59,0.59,9,22.23,10.74,-1.59
2006,119.61,0.61,10,22.37,12.93,-1.47
2006,119.8,0.8,9,5.75,6.54,0.57
2006,119.82,0.82,10,2.97,7.46,-0.26
2006,120.17,0.17,9,-3.48,1.21,0.59
2006,120.19,0.19,10,-3.9,3.05,-0.38
2006,120.38,0.38,9,7.19,3.05,-0.31
2006,120.4,0.4,10,15.87,4.65,-0.82
2006,120.59,0.59,9,25.01,12.1,-1.7
2006,120.61,0.61,10,25.22,15.38,-1.45
2006,120.8,0.8,9,8.52,8,0.75
2006,120.82,0.82,10,7.26,14.9,1
2006,121.17,0.17,9,0.53,2.7,0.47
2006,121.19,0.19,10,-0.72,4.56,0.62
2006,121.38,0.38,9,11.32,6.29,-1.1
2006,121.4,0.4,10,15.93,8.62,-1.13
2006,121.59,0.59,9,24.78,11.66,-1.94
2006,121.61,0.61,10,23.44,16.54,-1.47
2006,121.8,0.8,9,6.55,7,-0.08
2006,121.82,0.82,10,6.05,10.36,0.27
2006,122.17,0.17,9,4.49,5.32,0.46
2006,122.19,0.19,10,4.83,6.6,0.43
2006,122.38,0.38,9,6.34,6.17,-0.64
2006,122.4,0.4,10,6.44,7.06,-0.44
2006,122.59,0.59,9,8.11,7.36,-0.93
2006,122.61,0.61,10,8.53,7.54,-0.65
2006,122.8,0.8,9,6.67,6.98,0.46
2006,122.82,0.82,10,6.33,7.55,0
2006,123.17,0.17,9,5.78,6.29,0.65
2006,123.19,0.19,10,5.71,6.91,0.81
2006,123.38,0.38,9,8.42,7.21,-0.74
2006,123.4,0.4,10,8.56,7.46,-0.54
2006,123.59,0.59,9,11.47,9.68,-1.15
2006,123.61,0.61,10,11.79,9.95,-0.53
2006,123.8,0.8,9,9.59,9.15,0.46
2006,123.82,0.82,10,9.47,9.54,-0.09
2006,124.17,0.17,9,9.54,9.2,0.8
2006,124.19,0.19,10,9.55,8.88,0.29
2006,124.38,0.38,9,16,11.45,-1.64
2006,124.4,0.4,10,17.38,10.73,-1.41
2006,124.59,0.59,9,27.39,20.03,-1.6
2006,124.61,0.61,10,29.26,19.84,-2.06
2006,124.8,0.8,9,12.89,18.08,0.74
2006,124.82,0.82,10,10.78,15.15,2.04
2006,125.17,0.17,9,9.06,10.31,1.46
2006,125.19,0.19,10,8.57,10.82,2.21
2006,125.38,0.38,9,15.47,12.29,-1.16
2006,125.4,0.4,10,20.05,12.18,-1.87
2006,125.59,0.59,9,24.93,14.04,-2.02
2006,125.61,0.61,10,26.86,18.95,-2.12
2006,125.8,0.8,9,13.9,11.56,-0.2
2006,125.82,0.82,10,13.19,17.17,0.57
2006,126.17,0.17,9,2.08,5.82,1.27
2006,126.19,0.19,10,2.09,8.66,0.96
2006,126.38,0.38,9,12.53,9.27,-1.38
2006,126.4,0.4,10,13.19,8.54,-1.25
2006,126.59,0.59,9,17.79,11.93,-2.02
2006,126.61,0.61,10,20.45,12.92,-1.73
2006,126.8,0.8,9,9.78,9.86,0.5
2006,126.82,0.82,10,8.73,12.28,0.34
2006,127.17,0.17,9,-0.1,3.06,-0.21
2006,127.19,0.19,10,0.58,4.97,0.53
2006,127.38,0.38,9,6.03,5.29,-0.61
2006,127.4,0.4,10,12.6,7.21,-1.08
2006,127.59,0.59,9,19.02,11.64,-1.88
2006,127.61,0.61,10,19.93,12.74,-1.66
2006,127.8,0.8,9,8.63,8.39,0.27
2006,127.82,0.82,10,6.52,8.76,2.42
2006,128.17,0.17,9,-0.61,3.47,0.97
2006,128.19,0.19,10,-0.73,4.9,0.65
2006,128.38,0.38,9,9.99,7.48,-0.88
2006,128.4,0.4,10,17.62,8.31,-1.19
2006,128.59,0.59,9,26.07,13.38,-2.26
2006,128.61,0.61,10,23.99,18.23,-1.65
2006,128.8,0.8,9,10.37,9.78,-0.57
2006,128.82,0.82,10,8.91,10.79,-0.09
2006,129.17,0.17,9,5.11,6.02,0.41
2006,129.19,0.19,10,4.93,4.56,0.3
2006,129.38,0.38,9,11.22,7.11,-1.55
2006,129.4,0.4,10,14.87,10.95,-1.34
2006,129.59,0.59,9,12.83,9.12,-1.65
2006,129.61,0.61,10,11.83,8.93,-0.95
2006,129.8,0.8,9,7.85,8.96,-0.04
2006,129.82,0.82,10,7.79,9.69,0.52
2006,130.17,0.17,9,6.97,7.76,0.85
2006,130.19,0.19,10,7.01,8.4,0.49
2006,130.38,0.38,9,10.7,9.42,-1.21
2006,130.4,0.4,10,11.67,9.9,-1.04
2006,130.59,0.59,9,12.3,10.71,-1.48
2006,130.61,0.61,10,11.61,12.63,-0.81
2006,130.8,0.8,9,9.99,9.92,0.78
2006,130.82,0.82,10,9.82,9.77,0.69
2006,131.17,0.17,9,9.84,9.89,1.2
2006,131.19,0.19,10,9.93,9.73,0.49
2006,131.38,0.38,9,11.97,10.64,-1.04
2006,131.4,0.4,10,11.82,10.45,-0.76
2006,131.59,0.59,9,14.7,12.4,-1.81
2006,131.61,0.61,10,14.57,12.72,-1.05
2006,131.8,0.8,9,10.92,11.3,0.73
2006,131.82,0.82,10,10.44,10.87,0.94
2006,132.17,0.17,9,7.16,8.13,-0.04
2006,132.19,0.19,10,7.12,9.29,0.91
2006,132.38,0.38,9,8.01,8.23,-0.18
2006,132.4,0.4,10,8.03,8.86,-0.32
2006,132.59,0.59,9,10.36,9.64,-0.98
2006,132.61,0.61,10,10.59,10.2,-0.88
2006,132.8,0.8,9,9.02,9.59,0.47
2006,132.82,0.82,10,8.82,9.7,0.51
2006,133.17,0.17,9,8.35,8.87,0.69
2006,133.19,0.19,10,8.44,9.03,0.69
2006,133.38,0.38,9,9.27,9.32,-0.74
2006,133.4,0.4,10,9.32,9.1,-0.47
2006,133.59,0.59,9,8.98,9.08,-1.49
2006,133.61,0.61,10,8.25,9.22,-0.75
2006,133.8,0.8,9,7.05,7.8,-0.53
2006,133.82,0.82,10,5.97,7.93,0.15
2006,134.17,0.17,9,6.46,7.17,0
2006,134.19,0.19,10,6.17,7.26,0.6
2006,134.38,0.38,9,6.99,7.01,-0.4
2006,134.4,0.4,10,6.54,7.36,-0.29
2006,134.59,0.59,9,7.86,7.98,-0.77
2006,134.61,0.61,10,6.84,8.17,-0.28
2006,134.8,0.8,9,7.25,7.35,-0.27
2006,134.82,0.82,10,5.84,7.53,-0.13
2006,135.17,0.17,9,6.34,6.63,0.49
2006,135.19,0.19,10,6.17,6.83,0.43
2006,135.38,0.38,9,8.94,7.68,-1.48
2006,135.4,0.4,10,9.29,7.82,-0.76
2006,135.59,0.59,9,8.98,9.33,-0.56
2006,135.61,0.61,10,8.48,9.13,-0.56
2006,135.8,0.8,9,7.93,8.83,-0.08
2006,135.82,0.82,10,7.98,8.49,0.44
2006,136.17,0.17,9,7.37,7.81,0.6
2006,136.19,0.19,10,7.33,7.58,0.52
2006,136.38,0.38,9,9.97,8.32,-1.5
2006,136.4,0.4,10,9.21,8.62,-0.6
2006,136.59,0.59,9,9.13,8.93,-0.72
2006,136.61,0.61,10,9.71,9.02,-0.38
2006,136.8,0.8,9,9.92,10.15,0.13
2006,136.82,0.82,10,10.34,9.72,0.32
2006,137.17,0.17,9,6.25,6.97,0.69
2006,137.19,0.19,10,3.48,7.2,0.46
2006,137.38,0.38,9,9.78,8.98,-1.14
2006,137.4,0.4,10,15.52,9.32,-0.86
2006,137.59,0.59,9,16.48,13.57,-2.17
2006,137.61,0.61,10,15.94,13.37,-1.31
2006,137.8,0.8,9,11.38,11.9,0.64
2006,137.82,0.82,10,11.59,11.76,0.97
2006,138.17,0.17,9,4.36,7.36,0.99
2006,138.19,0.19,10,4.75,7.29,1.06
2006,138.38,0.38,9,13.46,10.36,-1.67
2006,138.4,0.4,10,20.61,10.87,-1.81
2006,138.59,0.59,9,26.57,17.8,-2.48
2006,138.61,0.61,10,27.46,18.64,-2.77
2006,138.8,0.8,9,14.8,16.21,-0.3
2006,138.82,0.82,10,13.08,14.49,-1.1
2006,139.17,0.17,9,7.47,9.12,2.25
2006,139.19,0.19,10,7.99,9.01,2.42
2006,139.38,0.38,9,10.53,9.85,-0.37
2006,139.4,0.4,10,10.3,9.81,-0.5
2006,139.59,0.59,9,10.45,10.36,-0.99
2006,139.61,0.61,10,10.98,10.58,-0.69
2006,139.8,0.8,9,9.56,10,0.47
2006,139.82,0.82,10,8.31,10.17,-0.07
2006,140.17,0.17,9,7.53,8.3,0.55
2006,140.19,0.19,10,6.88,7.92,-0.12
2006,140.38,0.38,9,11.18,9.49,-2.06
2006,140.4,0.4,10,14.37,9.68,-1.26
2006,140.59,0.59,9,12.71,10.96,-2.18
2006,140.61,0.61,10,15.08,11.26,-1.59
2006,140.8,0.8,9,8.96,10.18,-0.61
2006,140.82,0.82,10,7.9,10.15,0.23
2006,141.17,0.17,9,4.9,6.76,0.61
2006,141.19,0.19,10,4.57,8.25,0.5
2006,141.38,0.38,9,10.15,8.02,-2.2
2006,141.4,0.4,10,15.9,9.02,-2.15
2006,141.59,0.59,9,14.56,10.68,-2.16
2006,141.61,0.61,10,11.13,11.06,-0.84
2006,141.8,0.8,9,5.71,8.08,-0.35
2006,141.82,0.82,10,4.38,7.34,-0.13
2006,142.17,0.17,9,3.42,4.97,0.5
2006,142.19,0.19,10,3.64,6.68,0.38
2006,142.38,0.38,9,7.59,6.28,-1.18
2006,142.4,0.4,10,14.53,7.3,-1.66
2006,142.59,0.59,9,20.26,13.73,-2.13
2006,142.61,0.61,10,22.89,14.89,-2.07
2006,142.8,0.8,9,7.71,10.08,-0.66
2006,142.82,0.82,10,7.19,10.39,-0.17
2006,143.17,0.17,9,3.4,5.18,0.61
2006,143.19,0.19,10,3.86,6.45,-0.11
2006,143.38,0.38,9,8.77,6.45,-1.8
2006,143.4,0.4,10,9.66,7.67,-1.44
2006,143.59,0.59,9,16.32,10.63,-2.16
2006,143.61,0.61,10,19.67,11.33,-2.08
2006,143.8,0.8,9,9.08,8.86,-0.47
2006,143.82,0.82,10,8.48,9.59,0.31
2006,144.17,0.17,9,0.61,4.17,0.85
2006,144.19,0.19,10,0.37,5.47,0.81
2006,144.38,0.38,9,9.91,7.07,-0.67
2006,144.4,0.4,10,18.37,8.07,-1.87
2006,144.59,0.59,9,26.17,15.09,-2.42
2006,144.61,0.61,10,22.11,17.79,-2.18
2006,144.8,0.8,9,11.45,12.17,0.19
2006,144.82,0.82,10,10.26,16.37,0.96
2006,145.17,0.17,9,1.32,5.49,0.95
2006,145.19,0.19,10,1.1,6.6,2.3
2006,145.38,0.38,9,12.07,8.89,-1.08
2006,145.4,0.4,10,21.93,9.45,-2.26
2006,145.59,0.59,9,27.63,15.82,-2.63
2006,145.61,0.61,10,28.88,19.63,-2.64
2006,145.8,0.8,9,15.84,13.44,0.49
2006,145.82,0.82,10,16.39,20.2,0.7
2006,146.17,0.17,9,10.94,10.87,1.97
2006,146.19,0.19,10,11.03,10.01,2.22
2006,146.38,0.38,9,18.15,12.88,-2.51
2006,146.4,0.4,10,21.46,14.31,-2.75
2006,146.59,0.59,9,23.12,17.3,-2.62
2006,146.61,0.61,10,26.47,18.26,-3.22
2006,146.8,0.8,9,16.64,15.66,-0.02
2006,146.82,0.82,10,16.06,14.82,2.09
2006,147.17,0.17,9,15.29,14.48,1.71
2006,147.19,0.19,10,15.3,13.61,3.15
2006,147.38,0.38,9,20.34,16.09,-3.13
2006,147.4,0.4,10,22.32,15.59,-2.97
2006,147.59,0.59,9,26.8,18.48,-2.74
2006,147.61,0.61,10,24.37,22.06,-2.21
2006,147.8,0.8,9,18.47,16.77,0.72
2006,147.82,0.82,10,16.69,15.75,2.07
2006,148.17,0.17,9,8.44,11.48,-0.45
2006,148.19,0.19,10,7.89,11.75,1.51
2006,148.38,0.38,9,15.65,13.25,-1.01
2006,148.4,0.4,10,24.5,13.81,-3.22
2006,148.59,0.59,9,31.77,18.86,-3.25
2006,148.61,0.61,10,33.05,23.18,-3.53
2006,148.8,0.8,9,17.44,16.16,0.22
2006,148.82,0.82,10,16.33,17.96,0.92
2006,149.17,0.17,9,12.75,13.99,1.99
2006,149.19,0.19,10,12.43,13.36,-1.1
2006,149.38,0.38,9,18.67,15.72,-0.54
2006,149.4,0.4,10,21.33,15.97,-2.96
2006,149.59,0.59,9,31.09,20.46,-3.62
2006,149.61,0.61,10,33.89,21.36,-4.11
2006,149.8,0.8,9,19.71,17.93,-0.49
2006,149.82,0.82,10,18.81,19.21,1.44
2006,150.17,0.17,9,11.97,13.83,2.1
2006,150.19,0.19,10,11.52,13.67,5.15
2006,150.38,0.38,9,18.21,15.63,-1.23
2006,150.4,0.4,10,26.18,15.91,-3.74
2006,150.59,0.59,9,32.88,22.95,-3.45
2006,150.61,0.61,10,29.16,25.53,-2.95
2006,150.8,0.8,9,16.79,16.46,0.7
2006,150.82,0.82,10,16.34,18.65,1.09
2006,151.17,0.17,9,11.68,13.81,2.88
2006,151.19,0.19,10,11.55,14.7,1.62
2006,151.38,0.38,9,17.2,14.92,-2.06
2006,151.4,0.4,10,24.63,15.56,-3.85
2006,151.59,0.59,9,32.18,24.21,-3.54
2006,151.61,0.61,10,32.71,24.98,-4.27
2006,151.8,0.8,9,20,20.26,-0.15
2006,151.82,0.82,10,19.11,20.98,0.59
2006,152.17,0.17,9,15.53,16.01,1.77
2006,152.19,0.19,10,14.92,16.33,5.55
2006,152.38,0.38,9,21.08,17.67,-3
2006,152.4,0.4,10,26.27,18.02,-3.91
2006,152.59,0.59,9,24.6,20.13,-3.89
2006,152.61,0.61,10,32.87,21.57,-5.22
2006,152.8,0.8,9,19.97,19.62,0.71
2006,152.82,0.82,10,19.47,19.57,2.09
2006,153.17,0.17,9,17.57,17.4,2.3
2006,153.19,0.19,10,17.93,17.28,-2.12
2006,153.38,0.38,9,18.04,17.1,-1.11
2006,153.4,0.4,10,18.77,18.99,-1.17
2006,153.59,0.59,9,18.71,19.28,-1.23
2006,153.61,0.61,10,18.2,17.86,-1.72
2006,153.8,0.8,9,14.91,15.87,1.31
2006,153.82,0.82,10,14.72,16.07,1.05
2006,154.17,0.17,9,11.97,13.27,1.31
2006,154.19,0.19,10,12.26,13.88,0.97
2006,154.38,0.38,9,13.75,13.79,-1.17
2006,154.4,0.4,10,13.92,13.64,-1.56
2006,154.59,0.59,9,12.93,13.82,-0.94
2006,154.61,0.61,10,12.72,14.01,-0.83
2006,154.8,0.8,9,11.65,12.84,0.22
2006,154.82,0.82,10,10.88,12.97,0.55
2006,155.17,0.17,9,10.53,11.61,0.8
2006,155.19,0.19,10,10.11,11.81,0.86
2006,155.38,0.38,9,11.88,11.85,-1.98
2006,155.4,0.4,10,12.62,12.12,-2.47
2006,155.59,0.59,9,15.69,14.36,-3.54
2006,155.61,0.61,10,20.58,14.4,-4.75
2006,155.8,0.8,9,12.98,14.27,0.46
2006,155.82,0.82,10,12.49,13.14,0.31
2006,156.17,0.17,9,10.56,11.73,1.18
2006,156.19,0.19,10,10.53,11.62,1.51
2006,156.38,0.38,9,14.59,12.77,-3.19
2006,156.4,0.4,10,15.1,12.61,-3.48
2006,156.59,0.59,9,17.82,14.44,-3.15
2006,156.61,0.61,10,17.43,13.97,-4.03
2006,156.8,0.8,9,14.06,13.85,-0.32
2006,156.82,0.82,10,13.49,13.36,-0.12
2006,157.17,0.17,9,11.16,12.18,-2.07
2006,157.19,0.19,10,10.52,12.07,1.96
2006,157.38,0.38,9,15.31,12.24,-2.97
2006,157.4,0.4,10,19.74,13.01,-5.13
2006,157.59,0.59,9,21.82,16.77,-4.11
2006,157.61,0.61,10,19.99,15.71,-3.96
2006,157.8,0.8,9,16.15,15.55,-0.55
2006,157.82,0.82,10,14.68,15.01,0.7
2006,158.17,0.17,9,12.11,12.56,-0.32
2006,158.19,0.19,10,12.17,12.88,1.38
2006,158.38,0.38,9,12.08,12.46,-0.93
2006,158.4,0.4,10,12.28,12.5,-1.43
2006,158.59,0.59,9,12.27,12.52,-1.77
2006,158.61,0.61,10,12.32,12.43,-2.56
2006,158.8,0.8,9,11.05,12.02,0.36
2006,158.82,0.82,10,10.83,11.91,0.34
2006,159.17,0.17,9,11.08,11.56,0.89
2006,159.19,0.19,10,10.74,11.22,0.73
2006,159.38,0.38,9,12.15,11.73,-1.64
2006,159.4,0.4,10,12.41,11.84,-2.13
2006,159.59,0.59,9,14.39,13.35,-3.03
2006,159.61,0.61,10,14.4,12.99,-2.3
2006,159.8,0.8,9,13.09,13.24,-0.63
2006,159.82,0.82,10,13.36,12.77,0.48
2006,160.17,0.17,9,11.83,12.31,1.3
2006,160.19,0.19,10,12.14,11.94,1.7
2006,160.38,0.38,9,16.9,13.45,-3.16
2006,160.4,0.4,10,18.92,12.89,-5.56
2006,160.59,0.59,9,18.09,15.01,-3.71
2006,160.61,0.61,10,18.87,14.6,-5.25
2006,160.8,0.8,9,14.21,14.17,-0.56
2006,160.82,0.82,10,14.11,13.22,0.31
2006,161.17,0.17,9,12.17,12.8,1.38
2006,161.19,0.19,10,11.94,12.08,1.3
2006,161.38,0.38,9,12.46,12.43,-1.23
2006,161.4,0.4,10,12.75,11.84,-2.24
2006,161.59,0.59,9,12.73,12.51,-2.77
2006,161.61,0.61,10,12.61,12.16,-2.61
2006,161.8,0.8,9,10.97,12.07,-0.28
2006,161.82,0.82,10,10.2,11.84,0.18
2006,162.17,0.17,9,8.33,9.56,0.91
2006,162.19,0.19,10,8.02,9.98,0.98
2006,162.38,0.38,9,11.92,9.64,-3.17
2006,162.4,0.4,10,19.77,11.35,-5.73
2006,162.59,0.59,9,21.68,16.66,-3.72
2006,162.61,0.61,10,29.6,15.29,-5.55
2006,162.8,0.8,9,13.77,14.74,-0.55
2006,162.82,0.82,10,13.34,12.98,-0.16
2006,163.17,0.17,9,8.66,10.92,0.98
2006,163.19,0.19,10,8.52,10.3,1.12
2006,163.38,0.38,9,13.83,11.77,-1.28
2006,163.4,0.4,10,22.63,12.09,-5.54
2006,163.59,0.59,9,27.94,18.42,-2.62
2006,163.61,0.61,10,32,18.15,-5.89
2006,163.8,0.8,9,17.48,17.29,-1.52
2006,163.82,0.82,10,16.96,16.75,-0.77
2006,164.17,0.17,9,9.59,12.56,1.38
2006,164.19,0.19,10,9.41,12.18,1.84
2006,164.38,0.38,9,15.91,14.01,-0.91
2006,164.4,0.4,10,24.56,13.6,-5.82
2006,164.59,0.59,9,32.82,21.22,-3.66
2006,164.61,0.61,10,33.81,19.77,-5.47
2006,164.8,0.8,9,17.65,18.7,-0.41
2006,164.82,0.82,10,15.93,17.48,1.53
2006,165.17,0.17,9,10.69,13.54,1.53
2006,165.19,0.19,10,10.28,13.03,1.95
2006,165.38,0.38,9,18.68,14.7,-2.57
2006,165.4,0.4,10,19.6,14.34,-4.42
2006,165.59,0.59,9,26.35,17.66,-4.35
2006,165.61,0.61,10,29.3,17.75,-5.13
2006,165.8,0.8,9,15.88,16.22,1.13
2006,165.82,0.82,10,15.64,15.9,1.58
2006,166.17,0.17,9,13.89,14.47,1.76
2006,166.19,0.19,10,13.71,14.02,1.67
2006,166.38,0.38,9,15.56,14.51,-2.87
2006,166.4,0.4,10,16.76,14.51,-4.76
2006,166.59,0.59,9,23.53,17.99,-3.92
2006,166.61,0.61,10,24.56,19.08,-3.09
2006,166.8,0.8,9,14.75,17.13,-1.18
2006,166.82,0.82,10,16.96,19.07,-0.68
2006,167.17,0.17,9,7.08,10.44,1.16
2006,167.19,0.19,10,6.83,10.63,1.18
2006,167.38,0.38,9,15.9,13.11,-1.48
2006,167.4,0.4,10,24.42,13.56,-5.33
2006,167.59,0.59,9,22.55,17.8,-3.69
2006,167.61,0.61,10,28.91,21.35,-4.9
2006,167.8,0.8,9,15.95,16.61,-0.2
2006,167.82,0.82,10,15.66,20.35,0.66
2006,168.17,0.17,9,7.01,10.49,1.61
2006,168.19,0.19,10,6.74,12.29,3.04
2006,168.38,0.38,9,19.55,13.89,-4.13
2006,168.4,0.4,10,19.68,14.7,-2.53
2006,168.59,0.59,9,23.1,17.37,-2.92
2006,168.61,0.61,10,22.22,19.49,-2.52
2006,168.8,0.8,9,17.08,16.73,-0.87
2006,168.82,0.82,10,16.15,18.7,0.57
2006,169.17,0.17,9,12.11,13.31,2.48
2006,169.19,0.19,10,11.85,13.9,2.42
2006,169.38,0.38,9,19.39,15.83,-3.18
2006,169.4,0.4,10,24.83,15.93,-5.77
2006,169.59,0.59,9,34.96,23.66,-2.84
2006,169.61,0.61,10,37.02,23.61,-4.25
2006,169.8,0.8,9,22.51,19.79,-3.91
2006,169.82,0.82,10,22.59,26.06,1.84
2006,170.17,0.17,9,13.48,15.23,3.96
2006,170.19,0.19,10,13.6,17.82,2.56
2006,170.38,0.38,9,22.99,18.69,-2.44
2006,170.4,0.4,10,29.13,19.95,-5.22
2006,170.59,0.59,9,28.39,24.11,-3.07
2006,170.61,0.61,10,31.38,26.94,-4.84
2006,170.8,0.8,9,20.25,21.95,2.15
2006,170.82,0.82,10,18.32,23.21,2.61
2006,171.17,0.17,9,16.45,17.07,-0.4
2006,171.19,0.19,10,16.68,17.39,1.93
2006,171.38,0.38,9,21.26,18.22,-4.47
2006,171.4,0.4,10,23.05,20.7,-6.87
2006,171.59,0.59,9,22.78,21.63,-0.45
2006,171.61,0.61,10,24.94,22.93,-0.82
2006,171.8,0.8,9,18.93,23.39,1.15
2006,171.82,0.82,10,15.92,18.9,1.41
2006,172.17,0.17,9,8.41,12.58,-1.79
2006,172.19,0.19,10,7.92,14.12,-2.79
2006,172.38,0.38,9,13.96,13.53,-0.52
2006,172.4,0.4,10,20.79,14.93,-0.95
2006,172.59,0.59,9,26.73,19.2,0.43
2006,172.61,0.61,10,26.6,20.09,0.38
2006,172.8,0.8,9,16.7,17.69,1.07
2006,172.82,0.82,10,14.89,19.17,1.23
2006,173.17,0.17,9,12.48,13.96,2.59
2006,173.19,0.19,10,11.86,15.02,-3.53
2006,173.38,0.38,9,18.82,16.16,1.11
2006,173.4,0.4,10,22.33,16.59,-0.85
2006,173.59,0.59,9,28.19,23.2,-0.45
2006,173.61,0.61,10,27.92,24.46,-1.01
2006,173.8,0.8,9,21.83,23.33,-0.88
2006,173.82,0.82,10,21.84,23.45,-2.33
2006,174.17,0.17,9,18.06,18.48,5.48
2006,174.19,0.19,10,17.6,17.96,-4.32
2006,174.38,0.38,9,22.66,20.99,-0.7
2006,174.4,0.4,10,24.81,18.65,-0.93
2006,174.59,0.59,9,24.38,21.47,-0.29
2006,174.61,0.61,10,30.85,22.44,1.2
2006,174.8,0.8,9,20.22,22.07,4.05
2006,174.82,0.82,10,19.84,20.13,-12.57
2006,175.17,0.17,9,17.11,18.75,-2.59
2006,175.19,0.19,10,16.86,18.39,-12.41
2006,175.38,0.38,9,18.01,18.78,-1.4
2006,175.4,0.4,10,18.9,16.96,-0.44
2006,175.59,0.59,9,18.77,16.98,2.68
2006,175.61,0.61,10,19.2,19.72,-0.76
2006,175.8,0.8,9,18.15,19.83,-0.27
2006,175.82,0.82,10,18.99,18.1,-2.17
2006,176.17,0.17,9,16.19,16.26,2.59
2006,176.19,0.19,10,16.21,15.38,-4.73
2006,176.38,0.38,9,20.15,18.64,2.49
2006,176.4,0.4,10,20.92,18,1.52
2006,176.59,0.59,9,22.06,18.27,1.88
2006,176.61,0.61,10,22.42,17.88,-0.45
2006,176.8,0.8,9,17.55,19.19,-0.09
2006,176.82,0.82,10,17.46,17.36,-1.23
2006,177.17,0.17,9,15.94,16.9,-8.73
2006,177.19,0.19,10,18.01,17.07,-5.54
2006,177.38,0.38,9,17.83,17.49,-0.2
2006,177.4,0.4,10,21.24,19.5,-0.54
2006,177.59,0.59,9,20,18.82,-4.53
2006,177.61,0.61,10,26.64,21.28,-1.03
2006,177.8,0.8,9,18.94,19.2,-6.34
2006,177.82,0.82,10,20.4,20.19,-2.26
2006,178.17,0.17,9,16.77,16.71,-4.03
2006,178.19,0.19,10,18.02,18.07,-2.31
2006,178.38,0.38,9,20.37,17.65,0.34
2006,178.59,0.59,9,37.65,29.14,-0.58
2006,178.61,0.61,10,30.92,20.52,-0.57
2006,178.8,0.8,9,22.12,23.98,-0.26
2006,178.82,0.82,10,20.61,20.1,-0.23
2006,179.17,0.17,9,17.66,18.19,0.49
2006,179.19,0.19,10,18.03,17.02,-2.52
2006,179.38,0.38,9,19.19,18.11,0.51
2006,179.4,0.4,10,19.64,18.59,-2.77
2006,179.59,0.59,9,18.74,18.73,0.44
2006,179.61,0.61,10,21.13,18.46,-0.21
2006,179.8,0.8,9,18.11,18.22,1.26
2006,179.82,0.82,10,19.01,18.76,0.87
2006,180.17,0.17,9,17.01,16.61,0.4
2006,180.19,0.19,10,19.27,19.48,-1.15
2006,180.38,0.38,9,19.04,18.26,0.38
2006,180.4,0.4,10,20.51,19.19,0.38
2006,180.59,0.59,9,23.14,22.06,2.4
2006,180.61,0.61,10,16.99,18.89,-0.53
2006,180.8,0.8,9,20.35,20.02,0.92
2006,180.82,0.82,10,18.94,18.1,4.41
2006,181.17,0.17,9,13.8,15.63,0.4
2006,181.19,0.19,10,11.91,15.11,-1.5
2006,181.38,0.38,9,17.02,16.01,-0.35
2006,181.4,0.4,10,21.24,15.64,-0.23
2006,181.59,0.59,9,35.91,27.42,-0.53
2006,181.61,0.61,10,29.49,19.66,-0.17
2006,181.8,0.8,9,19.6,22.69,0.43
2006,181.82,0.82,10,16.19,16.89,-0.33
2006,182.17,0.17,9,9.52,13.57,-0.11
2006,182.19,0.19,10,6.67,12.81,-0.88
2006,182.38,0.38,9,17,15.04,-0.23
2006,182.4,0.4,10,21.97,14.67,-1.01
2006,182.59,0.59,9,37.72,30.57,0.98
2006,182.61,0.61,10,22.09,19.84,0.28
2006,182.8,0.8,9,21.31,22.79,0.32
2006,182.82,0.82,10,18.64,17.41,2.89
2006,183.17,0.17,9,16.85,16.63,-0.11
2006,183.19,0.19,10,17.76,16.09,-0.41
2006,183.38,0.38,9,19.35,18.31,-0.61
2006,183.4,0.4,10,18.36,16.66,-0.18
2006,183.59,0.59,9,37.78,27.91,-0.14
2006,183.61,0.61,10,24.5,20.08,-0.57
2006,183.8,0.8,9,22.38,23.68,-0.99
2006,183.82,0.82,10,21,19.08,2.79
2006,184.17,0.17,9,15.82,17.04,0.5
2006,184.19,0.19,10,14.83,16.37,-0.97
2006,184.38,0.38,9,18.84,16.9,-0.24
2006,184.4,0.4,10,24.39,16.82,-0.87
2006,184.59,0.59,9,42.91,32.33,0.27
2006,184.61,0.61,10,31.24,20.37,-0.67
2006,184.8,0.8,9,23.16,25.74,0.55
2006,184.82,0.82,10,20.66,19.75,-0.77
2006,185.17,0.17,9,16.96,18.25,0.26
2006,185.19,0.19,10,15.53,17.15,-3.34
2006,185.38,0.38,9,23.86,19.94,-0.43
2006,185.4,0.4,10,25.62,18.55,-0.74
2006,185.59,0.59,9,25.93,24.76,0.07
2006,185.61,0.61,10,23.72,19.76,-0.58
2006,185.8,0.8,9,23.38,23.88,1.31
2006,185.82,0.82,10,21.51,20.28,-1.5
2006,186.17,0.17,9,14.72,18,-0.05
2006,186.19,0.19,10,13.72,17.03,2.95
2006,186.38,0.38,9,21.62,21,-0.34
2006,186.4,0.4,10,19.75,20.81,0.66
2006,186.59,0.59,9,32.45,23.57,0.3
2006,186.61,0.61,10,25.54,20.05,-0.68
2006,186.8,0.8,9,21.2,24.51,0.78
2006,186.82,0.82,10,16.42,18.43,0.29
2006,187.17,0.17,9,14.41,16.45,0.15
2006,187.19,0.19,10,13.26,15.44,-1.61
2006,187.38,0.38,9,20.03,17.59,-0.54
2006,187.4,0.4,10,20.03,16.25,-0.25
2006,187.59,0.59,9,26.74,23.11,-2.21
2006,187.61,0.61,10,28.37,22.08,-6.19
2006,187.8,0.8,9,17.1,19.43,0.42
2006,187.82,0.82,10,16.09,21.18,0.57
2006,188.17,0.17,9,8.89,11.97,1.2
2006,188.19,0.19,10,8.73,13.72,0.98
2006,188.38,0.38,9,16.68,14.59,-3.72
2006,188.4,0.4,10,22.91,15.57,-5.62
2006,188.59,0.59,9,30.2,19.75,-5.15
2006,188.61,0.61,10,32.76,21.4,-5.88
2006,188.8,0.8,9,18.3,19.7,-0.29
2006,188.82,0.82,10,17.21,19.52,0.9
2006,189.17,0.17,9,10.93,13.59,1.3
2006,189.19,0.19,10,10.51,14.9,-0.74
2006,189.38,0.38,9,20.07,17.7,-8.01
2006,189.4,0.4,10,25.39,17.17,-7.63
2006,189.59,0.59,9,26.48,22.14,-4.71
2006,189.61,0.61,10,27.82,23.69,-5.8
2006,189.8,0.8,9,19.46,20.34,-0.88
2006,189.82,0.82,10,19.1,21.41,-0.97
2006,190.17,0.17,9,14.16,14.64,2.65
2006,190.19,0.19,10,14.61,16.08,2.82
2006,190.38,0.38,9,19.85,16.88,-3.11
2006,190.4,0.4,10,27.04,18.59,-5.7
2006,190.59,0.59,9,29.62,22.94,-4.31
2006,190.61,0.61,10,35.83,21.65,-6.22
2006,190.8,0.8,9,19.68,20.64,0.34
2006,190.82,0.82,10,19.58,22.44,0.89
2006,191.17,0.17,9,12.96,15.06,-2.92
2006,191.19,0.19,10,12.94,16.18,2.96
2006,191.38,0.38,9,18.61,17.14,-2.8
2006,191.4,0.4,10,25.24,17.42,-5.73
2006,191.59,0.59,9,30.85,22.94,-4.65
2006,191.61,0.61,10,34.13,23.51,-5.43
2006,191.8,0.8,9,20.9,21.86,0.7
2006,191.82,0.82,10,21.31,23.24,1.13
2006,192.17,0.17,9,15.71,17.23,2.56
2006,192.19,0.19,10,15.47,19.8,3.59
2006,192.38,0.38,9,20.41,18.47,-2.6
2006,192.4,0.4,10,22.27,18.86,-3.72
2006,192.59,0.59,9,25.4,21.74,-5.65
2006,192.61,0.61,10,22.34,20.67,-0.87
2006,192.8,0.8,9,20.41,20.04,-0.34
2006,192.82,0.82,10,19.42,19.53,-1.8
2006,193.17,0.17,9,13.91,15.17,-0.97
2006,193.19,0.19,10,13.9,16.18,2.7
2006,193.38,0.38,9,21.63,18.17,-4.08
2006,193.4,0.4,10,24,17.84,-6.18
2006,193.59,0.59,9,23.46,20.25,-4.53
2006,193.61,0.61,10,23.6,19.83,-4.42
2006,193.8,0.8,9,19.82,19.71,1.02
2006,193.82,0.82,10,20.8,19.55,1.74
2006,194.17,0.17,9,18.65,18.64,2
2006,194.19,0.19,10,20.66,18.62,3.29
2006,194.38,0.38,9,20.28,19.31,-3.47
2006,194.4,0.4,10,21.34,19.01,-0.45
2006,194.59,0.59,9,19.35,18.83,-3.59
2006,194.61,0.61,10,22.14,18.76,-4.17
2006,194.8,0.8,9,19.01,19.41,0.22
2006,194.82,0.82,10,17.59,18.61,1.22
2006,195.17,0.17,9,15.32,15.46,2.48
2006,195.19,0.19,10,14.18,15.77,2.38
2006,195.38,0.38,9,19.95,17.29,-2.5
2006,195.4,0.4,10,27.54,17.33,-6.58
2006,195.59,0.59,9,34.38,23.77,-4.84
2006,195.61,0.61,10,35.77,22.2,-5.19
2006,195.8,0.8,9,21.94,21.91,-0.92
2006,195.82,0.82,10,20.71,20.28,1.7
2006,196.17,0.17,9,14.53,16.17,2.11
2006,196.19,0.19,10,13.94,16.41,2.23
2006,196.38,0.38,9,22.07,18.3,-4.41
2006,196.4,0.4,10,25.6,17.86,-7.15
2006,196.59,0.59,9,25.51,21.66,-4.54
2006,196.61,0.61,10,25.55,20.67,-3.16
2006,196.8,0.8,9,21.89,20.81,-0.17
2006,196.82,0.82,10,21.54,19.68,-0.76
2006,197.17,0.17,9,15.63,17.16,2.32
2006,197.19,0.19,10,15.36,17.42,3.63
2006,197.38,0.38,9,22.08,19.12,-3.06
2006,197.4,0.4,10,29.01,18.58,-7.02
2006,197.59,0.59,9,34.98,24.45,-4.4
2006,197.61,0.61,10,37.92,23.08,-5.39
2006,197.8,0.8,9,21.66,22.14,3.16
2006,197.82,0.82,10,20.54,21.26,1.85
2006,198.17,0.17,9,14.47,16.32,1.5
2006,198.19,0.19,10,14.13,17.04,2.24
2006,198.38,0.38,9,21.73,18.87,-0.27
2006,198.4,0.4,10,30.34,18.59,-6.17
2006,198.59,0.59,9,30.82,24.24,-3.45
2006,198.61,0.61,10,36.3,23.41,-3.27
2006,198.8,0.8,9,23.62,22.98,1.8
2006,198.82,0.82,10,22.49,22.62,3.01
2006,199.17,0.17,9,17.4,18.16,4.16
2006,199.19,0.19,10,16.78,18.85,5.97
2006,199.38,0.38,9,23.68,20.61,-1.96
2006,199.4,0.4,10,31.32,20.36,-5.6
2006,199.59,0.59,9,34.81,25.2,-4.34
2006,199.61,0.61,10,38.41,24.2,-5.32
2006,199.8,0.8,9,21.59,21.55,0.85
2006,199.82,0.82,10,20.55,21.95,1.74
2006,200.17,0.17,9,17.08,18.1,1.76
2006,200.19,0.19,10,16.91,19.57,2.13
2006,200.38,0.38,9,20.71,19.01,-2
2006,200.4,0.4,10,29.03,19.89,-5.98
2006,200.59,0.59,9,29.69,22.13,-4.33
2006,200.61,0.61,10,30.74,22.92,-4.38
2006,200.8,0.8,9,19.85,20.23,-0.26
2006,200.82,0.82,10,18.84,20.41,0.9
2006,201.17,0.17,9,9.03,13.49,1.42
2006,201.19,0.19,10,9.24,16.5,1.16
2006,201.38,0.38,9,19.47,16.7,-4.25
2006,201.4,0.4,10,21.81,17.58,-4.49
2006,201.59,0.59,9,31.81,20.81,-5.35
2006,201.61,0.61,10,33.75,21.16,-6.21
2006,201.8,0.8,9,21.57,20.36,1.5
2006,201.82,0.82,10,20.55,20.14,1.62
2006,202.17,0.17,9,18.87,18.63,2.29
2006,202.19,0.19,10,19.2,18.99,2.3
2006,202.38,0.38,9,23.54,20.17,-4.29
2006,202.4,0.4,10,25.6,20.68,-5.89
2006,202.59,0.59,9,30.91,22.99,-5.32
2006,202.61,0.61,10,34.42,22.74,-7.11
2006,202.8,0.8,9,22.45,21.88,0.57
2006,202.82,0.82,10,21.75,22.04,1.67
2006,203.17,0.17,9,15.47,17.08,2.16
2006,203.19,0.19,10,16.35,18.94,2.46
2006,203.38,0.38,9,20.41,19.02,0.68
2006,203.4,0.4,10,21.18,19.31,-1.48
2006,203.59,0.59,9,21.49,20.41,0.42
2006,203.61,0.61,10,22.34,20.16,-3.58
2006,203.8,0.8,9,21.36,20.51,1.66
2006,203.82,0.82,10,21.67,20.09,2.33
2006,204.17,0.17,9,16.85,18.12,1.73
2006,204.19,0.19,10,16.5,18.53,-0.04
2006,204.38,0.38,9,19.18,17.72,-4.75
2006,204.4,0.4,10,19.94,17.96,-4.65
2006,204.59,0.59,9,23.27,20.85,-6.28
2006,204.61,0.61,10,22.59,19.13,-5.55
2006,204.8,0.8,9,17.37,18.22,-0.44
2006,204.82,0.82,10,16.68,18.64,0.85
2006,205.17,0.17,9,9.76,13.4,1.24
2006,205.19,0.19,10,9.39,15.14,1.69
2006,205.38,0.38,9,15.2,14.54,-1.41
2006,205.4,0.4,10,24.47,15.74,-6.62
2006,205.59,0.59,9,32.59,20.81,-5.85
2006,205.61,0.61,10,31.41,20.74,-4.89
2006,205.8,0.8,9,18.56,18.88,0.33
2006,205.82,0.82,10,16.68,19.3,1.19
2006,206.17,0.17,9,12.79,14.94,1.78
2006,206.19,0.19,10,12,16.49,1.69
2006,206.38,0.38,9,19.52,17.22,-2.09
2006,206.4,0.4,10,27.19,17.72,-5.34
2006,206.59,0.59,9,30.68,22.13,-5.24
2006,206.61,0.61,10,31.28,21.6,-5.59
2006,206.8,0.8,9,21.13,20.52,0.96
2006,206.82,0.82,10,20.67,20.24,1.71
2006,207.17,0.17,9,15.86,16.75,3.64
2006,207.19,0.19,10,15.89,18.01,2.38
2006,207.38,0.38,9,20.81,18.73,-2.53
2006,207.4,0.4,10,28.5,19.06,-5.11
2006,207.59,0.59,9,32.49,23.39,-4.49
2006,207.61,0.61,10,36.63,21.99,-4.85
2006,207.8,0.8,9,22.46,21.92,-0.2
2006,207.82,0.82,10,21.88,21.94,2.06
2006,208.17,0.17,9,16.41,17.75,4.12
2006,208.19,0.19,10,15.92,19,3.17
2006,208.38,0.38,9,23.03,20.3,-3.82
2006,208.4,0.4,10,27.92,19.9,-5.11
2006,208.59,0.59,9,27.6,23.58,-3.85
2006,208.61,0.61,10,36.75,22.83,-5.4
2006,208.8,0.8,9,23.26,22.71,2.1
2006,208.82,0.82,10,23.55,22.63,3.51
2006,209.17,0.17,9,20.4,20.58,1.88
2006,209.19,0.19,10,20.2,20.73,4.5
2006,209.38,0.38,9,23.84,21.35,-3.95
2006,209.4,0.4,10,28.99,21.25,-4.37
2006,209.59,0.59,9,32.93,24.26,-5.26
2006,209.61,0.61,10,29.07,23.66,-3.34
2006,209.8,0.8,9,20.17,21.49,1.56
2006,209.82,0.82,10,20.41,21.9,1.12
2006,210.17,0.17,9,14.92,16.99,1.85
2006,210.19,0.19,10,14.23,19.22,1.8
2006,210.38,0.38,9,20.47,18.34,-1.38
2006,210.4,0.4,10,28.43,20.19,-5.53
2006,210.59,0.59,9,28.1,24.34,-3.54
2006,210.61,0.61,10,44.48,25.57,-4.41
2006,210.8,0.8,9,22.07,22.85,0.75
2006,210.82,0.82,10,21.95,21.93,-0.03
2006,211.17,0.17,9,18.2,18.72,-2.13
2006,211.19,0.19,10,17.6,19.51,2.55
2006,211.38,0.38,9,22.32,19.84,-2.83
2006,211.4,0.4,10,32.29,19.88,-6.01
2006,211.59,0.59,9,33.7,23.04,-5.19
2006,211.61,0.61,10,41.78,25.71,-4.29
2006,211.8,0.8,9,19.28,21.33,0.65
2006,211.82,0.82,10,17.82,23.67,-0.4
2006,212.17,0.17,9,10.08,13.33,1.57
2006,212.19,0.19,10,9.83,18.65,1.7
2006,212.38,0.38,9,18.35,19.14,-2.84
2006,212.4,0.4,10,24.52,20.44,-6.06
2006,212.59,0.59,9,32.99,23.97,-4.65
2006,212.61,0.61,10,44.21,26.41,-4.85
2006,212.61,0.61,10,44.21,26.41,-4.85
2006,212.8,0.8,9,21.85,27.22,-1.27
2006,212.8,0.8,9,21.85,27.22,-1.27
2006,212.82,0.82,10,21.75,27.63,2.21
2006,212.82,0.82,10,21.75,27.63,2.21
2006,213.17,0.17,9,19.13,21.12,2.87
2006,213.17,0.17,9,19.13,21.12,2.87
2006,213.19,0.19,10,18.29,22.09,8.05
2006,213.19,0.19,10,18.29,22.09,8.05
2006,213.38,0.38,9,22.99,23.1,-2.48
2006,213.38,0.38,9,22.99,23.1,-2.48
2006,213.4,0.4,10,25.7,23.61,-4.07
2006,213.4,0.4,10,25.7,23.61,-4.07
2006,213.59,0.59,9,33.35,27.2,-0.33
2006,213.61,0.61,10,44.1,27.99,50.19
2006,213.8,0.8,9,25.93,28.5,1.77
2006,213.82,0.82,10,25.82,27.25,2.67
2006,214.17,0.17,9,17.51,20.52,3.44
2006,214.19,0.19,10,18.03,22.5,2.55
2006,214.38,0.38,9,24.28,23.24,-0.56
2006,214.4,0.4,10,34.05,25.95,-4.95
2006,214.59,0.59,9,35.19,31.21,-3.47
2006,214.61,0.61,10,46.44,30.01,-3.75
2006,214.8,0.8,9,24.21,25.1,2.07
2006,214.82,0.82,10,25.27,27.76,1.88
2006,215.17,0.17,9,21.84,23.72,-1.68
2006,215.19,0.19,10,19.85,23.8,12.62
2006,215.38,0.38,9,24.1,25.45,-1.35
2006,215.4,0.4,10,30.73,25.06,-4.45
2006,215.59,0.59,9,28.34,28.7,-3.35
2006,215.61,0.61,10,32.84,28.39,-3.26
2006,215.8,0.8,9,23.58,26.99,1.36
2006,215.82,0.82,10,24.66,27.04,2.32
2006,216.17,0.17,9,17.18,20.06,2.6
2006,216.19,0.19,10,18.23,22.52,2.88
2006,216.38,0.38,9,16.98,20.02,0.6
2006,216.4,0.4,10,17.09,19.97,-0.72
2006,216.59,0.59,9,25.74,23.26,-5.15
2006,216.61,0.61,10,38.69,24.42,-5.66
2006,216.8,0.8,9,20.99,24.54,0.84
2006,216.82,0.82,10,17.38,23.44,1.46
2006,217.17,0.17,9,13.03,17.87,1.46
2006,217.19,0.19,10,12.14,18.22,1.78
2006,217.38,0.38,9,18.33,17.69,-0.85
2006,217.4,0.4,10,29.95,19.76,-6.39
2006,217.59,0.59,9,29.36,24.56,-5.71
2006,217.61,0.61,10,41.76,24.79,-5.82
2006,217.8,0.8,9,16.91,22.93,1.5
2006,217.82,0.82,10,17.08,23.91,1.62
2006,218.17,0.17,9,9.37,14.27,1
2006,218.19,0.19,10,8.72,17.84,1.5
2006,218.38,0.38,9,13.94,16.04,-0.81
2006,218.4,0.4,10,26.62,18.57,-5.68
2006,218.59,0.59,9,28.86,22.15,-4.57
2006,218.61,0.61,10,42.77,24.81,-5.8
2006,218.8,0.8,9,18.56,20.56,1.88
2006,218.82,0.82,10,19.23,25.12,2.05
2006,219.17,0.17,9,18.87,20.06,0.96
2006,219.19,0.19,10,20.13,20.03,2.15
2006,219.38,0.38,9,21.69,20.92,-3.58
2006,219.4,0.4,10,21.42,20.34,-2.84
2006,219.59,0.59,9,28.53,23.4,-6.34
2006,219.61,0.61,10,38.1,25.34,-6.86
2006,219.8,0.8,9,22.22,25.83,2.15
2006,219.82,0.82,10,23.44,25.16,2.25
2006,220.17,0.17,9,14.06,17.75,1.96
2006,220.19,0.19,10,13.08,19.58,1.65
2006,220.38,0.38,9,17.26,17.57,-0.51
2006,220.4,0.4,10,21.28,20.2,-6.84
2006,220.59,0.59,9,26.97,22.67,-6.03
2006,220.61,0.61,10,40.95,23.67,-5.8
2006,220.8,0.8,9,16.3,20.07,0.45
2006,220.82,0.82,10,15.09,21.72,1.45
2006,221.17,0.17,9,9.56,12.67,1.04
2006,221.19,0.19,10,8.42,16.92,1.39
2006,221.38,0.38,9,13.49,14.33,-0.61
2006,221.4,0.4,10,23.83,18.27,-6.88
2006,221.59,0.59,9,28.11,20.4,-4.52
2006,221.61,0.61,10,42.89,24.75,-6.05
2006,221.8,0.8,9,15.5,20.9,-0.14
2006,221.82,0.82,10,15.12,22.54,1.8
2006,222.17,0.17,9,10.29,14.7,2.55
2006,222.19,0.19,10,9.16,17.37,1.54
2006,222.38,0.38,9,18.17,15.82,-3.69
2006,222.4,0.4,10,22.09,19.22,-5.43
2006,222.59,0.59,9,25.75,25.05,-4.29
2006,222.61,0.61,10,28.34,24.79,-2.81
2006,222.8,0.8,9,20.73,24.33,0.72
2006,222.82,0.82,10,17.91,25.02,1.96
2006,223.17,0.17,9,11.47,15.51,1.76
2006,223.19,0.19,10,10.7,17.49,-0.86
2006,223.38,0.38,9,12.61,15.14,-0.42
2006,223.4,0.4,10,20.09,17.83,-7.11
2006,223.59,0.59,9,24.03,21.12,-4.62
2006,223.61,0.61,10,38.56,23.67,-5.92
2006,223.8,0.8,9,15.75,20.58,0.62
2006,223.82,0.82,10,13.02,21.41,1.48
2006,224.17,0.17,9,4.74,10.37,1.54
2006,224.19,0.19,10,4.31,14.79,1.21
2006,224.38,0.38,9,11.32,11.18,-0.49
2006,224.4,0.4,10,21.57,11.76,-6.6
2006,224.59,0.59,9,24.55,19.68,-4.66
2006,224.61,0.61,10,39.2,21.08,-6.07
2006,224.8,0.8,9,15.45,19.62,0.89
2006,224.82,0.82,10,13.18,20.7,1.68
2006,225.17,0.17,9,5.18,7.02,0.67
2006,225.19,0.19,10,5.01,14.45,1.23
2006,225.38,0.38,9,12.21,13.44,-1.57
2006,225.4,0.4,10,21.69,15.34,-7.6
2006,225.59,0.59,9,25.02,15.66,-4.64
2006,225.61,0.61,10,40.91,21.4,-5.63
2006,225.8,0.8,9,14.44,19.89,0.87
2006,225.82,0.82,10,14.74,20.84,1.81
2006,226.17,0.17,9,6.45,12.32,1.5
2006,226.19,0.19,10,6.02,15.62,1.48
2006,226.38,0.38,9,14.33,13.83,-0.64
2006,226.4,0.4,10,25.08,18.49,-6.96
2006,226.59,0.59,9,25.82,23.48,-4.57
2006,226.61,0.61,10,36.9,24.28,-6.09
2006,226.8,0.8,9,20.19,26.05,2.47
2006,226.82,0.82,10,22.14,23.72,1.88
2006,227.17,0.17,9,19.47,21.44,2.76
2006,227.19,0.19,10,18.47,21.58,3.51
2006,227.38,0.38,9,19.54,20.13,0.29
2006,227.4,0.4,10,19,20.75,-1.49
2006,227.59,0.59,9,23.27,22.65,-4.79
2006,227.61,0.61,10,29.96,22.44,-6.31
2006,227.8,0.8,9,20.65,23.2,1.1
2006,227.82,0.82,10,16.5,23.46,2.26
2006,228.17,0.17,9,9.68,12.69,0.87
2006,228.19,0.19,10,8.65,16.28,1.56
2006,228.38,0.38,9,15.52,14.6,-0.23
2006,228.4,0.4,10,26.17,17.84,-6.92
2006,228.59,0.59,9,26.58,20.55,-4.07
2006,228.61,0.61,10,31.98,24.73,-6.53
2006,228.8,0.8,9,20.91,24.57,1.06
2006,228.82,0.82,10,18.44,24.53,1.45
2006,229.17,0.17,9,12.75,16.69,1.55
2006,229.19,0.19,10,11.99,16.87,2.44
2006,229.38,0.38,9,14.73,16.86,-6.29
2006,229.4,0.4,10,21.13,19.07,-5.98
2006,229.59,0.59,9,25.59,25.22,-4.92
2006,229.61,0.61,10,30.51,24.35,-4.58
2006,229.8,0.8,9,17.76,22.16,0.82
2006,229.82,0.82,10,16.32,23.17,1.72
2006,230.17,0.17,9,11.8,13.82,1.95
2006,230.19,0.19,10,14.17,16.92,2.27
2006,230.38,0.38,9,17.54,19.41,-1.77
2006,230.4,0.4,10,23.11,19.52,-6.43
2006,230.59,0.59,9,25.04,23.91,-5.33
2006,230.61,0.61,10,32.11,24.02,-6.18
2006,230.8,0.8,9,16.17,21.32,1.89
2006,230.82,0.82,10,18.54,24.95,1.05
2006,231.17,0.17,9,12.83,17.55,1.62
2006,231.19,0.19,10,10.92,18.08,1.03
2006,231.38,0.38,9,17.15,18.43,-3.26
2006,231.4,0.4,10,20.74,18.5,-5.05
2006,231.59,0.59,9,25.24,23.84,-3.91
2006,231.61,0.61,10,23.04,23.82,-3.89
2006,231.8,0.8,9,19.92,22.95,4.44
2006,231.82,0.82,10,19.53,22.85,-2.03
2006,232.17,0.17,9,17.91,20.29,2.02
2006,232.19,0.19,10,17.86,20.17,1.9
2006,232.38,0.38,9,19.93,20.97,-1.74
2006,232.4,0.4,10,21.87,21.26,0.88
2006,232.59,0.59,9,23.19,23.84,-2.46
2006,232.61,0.61,10,26.2,23.64,-5.75
2006,232.8,0.8,9,21.37,25.14,1.14
2006,232.82,0.82,10,18.79,21.92,1.96
2006,233.17,0.17,9,17.47,20.4,1.83
2006,233.19,0.19,10,14.81,16.85,2.3
2006,233.38,0.38,9,17.42,16.57,-3.74
2006,233.4,0.4,10,18.33,16.94,-4.01
2006,233.59,0.59,9,20.85,18.08,-5.11
2006,233.61,0.61,10,22.45,18.43,-3.7
2006,233.8,0.8,9,15.6,18.23,0.8
2006,233.82,0.82,10,14.69,20.41,-0.4
2006,234.17,0.17,9,9.79,11.62,1.03
2006,234.19,0.19,10,8.17,14.27,1.56
2006,234.38,0.38,9,14.18,13.6,-0.25
2006,234.4,0.4,10,22.43,14.8,-6.92
2006,234.59,0.59,9,25.91,21.61,-4.68
2006,234.61,0.61,10,31.82,22.91,-6.04
2006,234.8,0.8,9,18.58,22.78,1.47
2006,234.82,0.82,10,15.88,21.75,2.75
2006,235.17,0.17,9,14.14,15.98,2.97
2006,235.19,0.19,10,12.7,17.32,2.74
2006,235.38,0.38,9,16.62,15.71,0.63
2006,235.4,0.4,10,23.74,16.93,-5.98
2006,235.59,0.59,9,22.89,26.01,-2.05
2006,235.61,0.61,10,31.33,23.52,-5.42
2006,235.8,0.8,9,16.13,19.9,0.82
2006,235.82,0.82,10,16.4,19.28,1.64
2006,236.17,0.17,9,11.58,14.38,2.27
2006,236.19,0.19,10,11.67,15.03,1.32
2006,236.38,0.38,9,16.03,14.69,-3.48
2006,236.4,0.4,10,17.07,17.09,-5.48
2006,236.59,0.59,9,20.99,17.61,-5.34
2006,236.61,0.61,10,24.7,19.06,-6.75
2006,236.8,0.8,9,18.26,21.49,1.46
2006,236.82,0.82,10,14.94,19.84,1.26
2006,237.17,0.17,9,14.43,14.94,1.6
2006,237.19,0.19,10,14.23,15.72,2.65
2006,237.38,0.38,9,14.44,14.68,-1.42
2006,237.4,0.4,10,16.62,15.66,-4.39
2006,237.59,0.59,9,15.14,14.09,-1.65
2006,237.61,0.61,10,15.15,16.06,-0.58
2006,237.8,0.8,9,14.37,15.25,1.35
2006,237.82,0.82,10,14.11,15.99,1.8
2006,238.17,0.17,9,13.1,13.9,1.44
2006,238.19,0.19,10,13.11,14.97,1.66
2006,238.38,0.38,9,17.76,15.06,-5.78
2006,238.4,0.4,10,18.06,15.21,-3.45
2006,238.59,0.59,9,20.24,15.76,-6.38
2006,238.61,0.61,10,23.23,18.79,-5.45
2006,238.8,0.8,9,15.27,18.41,-0.53
2006,238.82,0.82,10,14.93,15.31,-0.29
2006,239.17,0.17,9,11.68,13.08,1.53
2006,239.19,0.19,10,11.83,14.75,2.03
2006,239.38,0.38,9,15.42,14.7,-2.8
2006,239.4,0.4,10,16.17,15.52,-4.05
2006,239.59,0.59,9,13.36,13.68,-3.21
2006,239.61,0.61,10,12.54,13.87,-2.73
2006,239.8,0.8,9,11.79,12.77,1.07
2006,239.82,0.82,10,11.73,14.01,1.68
2006,240.17,0.17,9,12.65,12.67,1.21
2006,240.19,0.19,10,12.41,13.84,1.23
2006,240.38,0.38,9,15.67,13.52,-4.89
2006,240.4,0.4,10,17.06,13.95,-6.38
2006,240.59,0.59,9,19.66,17.4,-4.91
2006,240.61,0.61,10,21.61,16.66,-5.77
2006,240.8,0.8,9,15.81,19.99,1.29
2006,240.82,0.82,10,16.87,17.52,2.99
2006,241.17,0.17,9,14.08,14,1.46
2006,241.19,0.19,10,14.43,15.69,1.74
2006,241.38,0.38,9,15.24,14.77,-0.68
2006,241.4,0.4,10,15.36,15.17,-1.59
2006,241.59,0.59,9,17.04,17.77,-3.44
2006,241.61,0.61,10,16.6,18.2,-1.83
2006,241.8,0.8,9,15.28,16.67,1.06
2006,241.82,0.82,10,14.62,15.65,1.56
2006,242.17,0.17,9,14.27,14.55,1.6
2006,242.19,0.19,10,13.75,15.46,2.54
2006,242.38,0.38,9,16.94,15.16,-3.84
2006,242.4,0.4,10,18.38,14.71,-5.2
2006,242.59,0.59,9,30.04,18.82,-6.39
2006,242.61,0.61,10,41.68,18.7,-6.54
2006,242.8,0.8,9,15.88,18.2,1.5
2006,242.82,0.82,10,12.08,17.68,2.18
2006,243.17,0.17,9,7.78,14.27,1.27
2006,243.19,0.19,10,6.06,14.79,1.43
2006,243.38,0.38,9,14.09,14.25,-4.45
2006,243.4,0.4,10,19.32,14.83,-6.66
2006,243.59,0.59,9,28.48,17.71,-6.4
2006,243.61,0.61,10,34.47,17.79,-6.01
2006,243.8,0.8,9,14.39,17.14,1.5
2006,243.82,0.82,10,10.76,16.96,2.21
2006,244.17,0.17,9,9.37,14.31,1.67
2006,244.19,0.19,10,7.18,14.6,1.38
2006,244.38,0.38,9,16.18,14.82,-4.61
2006,244.4,0.4,10,22.08,15.14,-6.73
2006,244.59,0.59,9,24.76,17.41,-5.21
2006,244.61,0.61,10,28.64,16.78,-5.87
2006,244.8,0.8,9,14.77,17.16,1.82
2006,244.82,0.82,10,11.8,16.46,1.76
2006,245.17,0.17,9,12.58,15,1.84
2006,245.19,0.19,10,12.1,15.06,-0.06
2006,245.38,0.38,9,14.93,14.94,-2.18
2006,245.4,0.4,10,16.79,14.98,-2.51
2006,245.59,0.59,9,16.48,15.63,-2.85
2006,245.61,0.61,10,18.41,15.31,-4.97
2006,245.8,0.8,9,13.47,15.26,1.11
2006,245.82,0.82,10,12.66,15.08,1.18
2006,246.17,0.17,9,12.92,14.41,1.77
2006,246.19,0.19,10,12.53,14.55,1.13
2006,246.38,0.38,9,16.08,14.7,-3.62
2006,246.4,0.4,10,16.79,14.52,-3.13
2006,246.59,0.59,9,19.81,15.94,-4.47
2006,246.61,0.61,10,20.24,15.6,-4.38
2006,246.8,0.8,9,16.86,16.33,1.48
2006,246.82,0.82,10,15.99,15.89,-0.97
2006,247.17,0.17,9,13.89,15.56,1.65
2006,247.19,0.19,10,11.15,15.32,1.77
2006,247.38,0.38,9,15.56,15.29,-4.18
2006,247.4,0.4,10,19.31,15.31,-5.82
2006,247.59,0.59,9,22.02,16.85,-5.98
2006,247.61,0.61,10,23.42,16.28,-4.51
2006,247.8,0.8,9,15.93,16.53,2.16
2006,247.82,0.82,10,14.45,16.25,2.22
2006,248.17,0.17,9,9.91,14.55,1.33
2006,248.19,0.19,10,7.37,14.74,1.38
2006,248.38,0.38,9,16.96,14.9,-5.71
2006,248.4,0.4,10,18.47,15.06,-4.86
2006,248.59,0.59,9,19.41,16.03,-4.94
2006,248.61,0.61,10,19.95,15.77,-4.78
2006,248.8,0.8,9,15.15,15.97,1.82
2006,248.82,0.82,10,13.93,15.88,2.69
2006,249.17,0.17,9,14.12,15.09,1.99
2006,249.19,0.19,10,12.46,14.92,-1.69
2006,249.38,0.38,9,16.49,15.11,-4.55
2006,249.4,0.4,10,17.69,15.04,-5.94
2006,249.59,0.59,9,24.08,17.47,-2.41
2006,249.61,0.61,10,21.18,18.76,-6.22
2006,249.8,0.8,9,15.23,18.2,1.6
2006,249.82,0.82,10,14.91,17.23,2.43
2006,250.17,0.17,9,9.65,12.93,-0.96
2006,250.19,0.19,10,9.63,14.32,1.65
2006,250.38,0.38,9,14.52,16.83,-2.11
2006,250.4,0.4,10,19.88,15.16,-7.03
2006,250.59,0.59,9,21.95,20.89,-6.59
2006,250.61,0.61,10,25.29,21.89,-6.05
2006,250.8,0.8,9,17.72,21.04,1.22
2006,250.82,0.82,10,15.08,20.73,1.74
2006,251.17,0.17,9,8.86,11.66,1.21
2006,251.19,0.19,10,7.61,14.58,1.49
2006,251.38,0.38,9,14.62,13.26,-3.4
2006,251.4,0.4,10,18.82,14.99,-4.93
2006,251.59,0.59,9,20.26,20.34,-4.98
2006,251.61,0.61,10,27.79,21.38,-6.21
2006,251.8,0.8,9,16.38,20.43,1.7
2006,251.82,0.82,10,13.65,20.75,1.8
2006,252.17,0.17,9,9.37,10.47,1.72
2006,252.19,0.19,10,8.6,12.67,1.81
2006,252.38,0.38,9,16.08,15.6,-1.42
2006,252.4,0.4,10,21.55,16.82,-6.16
2006,252.59,0.59,9,22.68,23.49,-4.42
2006,252.61,0.61,10,27.48,23.52,-5.36
2006,252.8,0.8,9,17.06,19.37,1.99
2006,252.82,0.82,10,17.23,19.42,2.87
2006,253.17,0.17,9,10.51,12.29,-1
2006,253.19,0.19,10,8.59,14.41,1.42
2006,253.38,0.38,9,9.81,10.71,-0.42
2006,253.4,0.4,10,15.65,17.33,-4.94
2006,253.59,0.59,9,17.9,16.42,-5.01
2006,253.61,0.61,10,21.05,17.61,-5.7
2006,253.8,0.8,9,10.74,13.25,0.55
2006,253.82,0.82,10,10.34,15.69,0.91
2006,254.17,0.17,9,4.68,7.73,0.64
2006,254.19,0.19,10,3.42,10.43,0.9
2006,254.38,0.38,9,7.9,9.15,-0.35
2006,254.4,0.4,10,14.58,11.2,-4.01
2006,254.59,0.59,9,15.51,16.16,-4.73
2006,254.61,0.61,10,20.72,16.2,-5.45
2006,254.8,0.8,9,7.2,9.36,0.59
2006,254.82,0.82,10,4.55,12.35,1.15
2006,255.17,0.17,9,4.02,6.23,0.96
2006,255.19,0.19,10,3.05,9.64,0.58
2006,255.38,0.38,9,8.61,8.46,-1.29
2006,255.4,0.4,10,13.71,10.28,-4.27
2006,255.59,0.59,9,16.47,16.38,-4.63
2006,255.61,0.61,10,25.24,14.32,-5.64
2006,255.8,0.8,9,7.28,9.48,0.77
2006,255.82,0.82,10,5.48,12.13,1.19
2006,256.17,0.17,9,5.67,6.9,0.53
2006,256.19,0.19,10,5.48,9.74,1.44
2006,256.38,0.38,9,10.91,10.37,-1.03
2006,256.4,0.4,10,11.59,10.85,-2.27
2006,256.59,0.59,9,13.47,12.38,-2.6
2006,256.61,0.61,10,15.39,12.43,-4.5
2006,256.8,0.8,9,11.91,12.19,1.13
2006,256.82,0.82,10,11.62,12.72,1.62
2006,257.17,0.17,9,10.58,11.12,2.47
2006,257.19,0.19,10,10.05,12.05,2.73
2006,257.38,0.38,9,14.9,13.53,-1.04
2006,257.4,0.4,10,15.61,12.94,-1.91
2006,257.59,0.59,9,16.43,15.29,0.43
2006,257.61,0.61,10,16.1,14.38,-0.66
2006,257.8,0.8,9,14.99,14.72,-0.44
2006,257.82,0.82,10,14.78,14.39,2.19
2006,258.17,0.17,9,14.5,14.27,1.73
2006,258.19,0.19,10,14.44,14.01,-0.06
2006,258.38,0.38,9,17.07,15.7,-2.76
2006,258.4,0.4,10,18.25,14.6,-3.07
2006,258.59,0.59,9,20.33,17.93,-4.85
2006,258.61,0.61,10,24.39,16.3,-5.58
2006,258.8,0.8,9,15.68,17.99,1.96
2006,258.82,0.82,10,12.98,15.99,2.82
2006,259.17,0.17,9,9.83,10.97,2.01
2006,259.19,0.19,10,9.38,13.08,1.48
2006,259.38,0.38,9,15.4,14.28,-0.55
2006,259.4,0.4,10,20.19,16,-4.74
2006,259.59,0.59,9,23.13,21.97,-4.16
2006,259.61,0.61,10,25.15,23.45,-5.04
2006,259.8,0.8,9,17.31,17.87,2.15
2006,259.82,0.82,10,15.26,19.91,1.92
2006,260.17,0.17,9,11.45,13.49,1.94
2006,260.19,0.19,10,10.05,12.71,2.43
2006,260.38,0.38,9,14.36,13.69,-1.6
2006,260.4,0.4,10,20.12,18.47,-4.57
2006,260.59,0.59,9,22.7,22.81,-4.43
2006,260.61,0.61,10,24.68,23.2,-5.06
2006,260.8,0.8,9,16.8,21.82,3
2006,260.82,0.82,10,13.98,20.32,1.79
2006,261.17,0.17,9,10.68,12.97,2.66
2006,261.19,0.19,10,11.63,11.35,1.89
2006,261.38,0.38,9,16.03,14.38,-0.7
2006,261.4,0.4,10,20.86,17.47,-4.55
2006,261.59,0.59,9,21.91,22.47,-3.41
2006,261.61,0.61,10,25.54,24.86,-4.59
2006,261.8,0.8,9,16.56,19.83,-2.41
2006,261.82,0.82,10,16.62,21.87,4.77
2006,262.17,0.17,9,16.33,17.62,1.11
2006,262.19,0.19,10,15.89,15.42,3.15
2006,262.38,0.38,9,16.75,18.47,-1.47
2006,262.4,0.4,10,18.19,17.81,-2.58
2006,262.59,0.59,9,23.39,22.97,-2.36
2006,262.61,0.61,10,23.32,22.36,-2.14
2006,262.8,0.8,9,20.4,21.66,3.04
2006,262.82,0.82,10,18.82,20.61,3.75
2006,263.17,0.17,9,12.24,13.38,1.67
2006,263.19,0.19,10,9.93,15.25,2.09
2006,263.38,0.38,9,11.28,12.82,-0.13
2006,263.4,0.4,10,15.64,16.45,-4.59
2006,263.59,0.59,9,18.01,18.26,-6.05
2006,263.61,0.61,10,22.82,18.83,-5
2006,263.8,0.8,9,10.43,12,1.33
2006,263.82,0.82,10,9.9,15,1.57
2006,264.17,0.17,9,7.05,8.89,0.89
2006,264.19,0.19,10,5.19,12.06,0.78
2006,264.38,0.38,9,6.77,8.02,-0.36
2006,264.4,0.4,10,12.12,11.25,-3.65
2006,264.59,0.59,9,15.61,13.5,-4.13
2006,264.61,0.61,10,22.25,14.69,-5.43
2006,264.8,0.8,9,6.47,8.62,0.59
2006,264.82,0.82,10,3.94,12.19,0.68
2006,265.17,0.17,9,2.06,4.76,0.47
2006,265.19,0.19,10,0.33,9.24,0.65
2006,265.38,0.38,9,9.02,8.18,-1.87
2006,265.4,0.4,10,13.32,9.88,-4
2006,265.59,0.59,9,16.01,13.28,-3.77
2006,265.61,0.61,10,19.43,13.31,-3.75
2006,265.8,0.8,9,10.42,10.92,1.26
2006,265.82,0.82,10,9.84,12.51,1.78
2006,266.17,0.17,9,11.46,11.48,0.93
2006,266.19,0.19,10,11.35,12.32,2.57
2006,266.38,0.38,9,13.73,13.15,1.18
2006,266.4,0.4,10,14.02,12.99,0.64
2006,266.59,0.59,9,16.05,15.13,0.81
2006,266.61,0.61,10,15.79,11.82,0.42
2006,266.8,0.8,9,16.58,16.37,1.87
2006,266.82,0.82,10,14.74,14.92,3.39
2006,267.17,0.17,9,16.68,15.91,2.31
2006,267.19,0.19,10,17.28,14.51,2.55
2006,267.38,0.38,9,18.28,17.29,0.67
2006,267.4,0.4,10,19.63,15.43,-0.34
2006,267.59,0.59,9,22.27,21.38,-2.69
2006,267.61,0.61,10,22.47,20.54,3
2006,267.8,0.8,9,14.23,15.09,0
2006,267.82,0.82,10,11.92,14.26,2.31
2006,268.17,0.17,9,9.2,12.42,1.12
2006,268.19,0.19,10,6.15,14.73,-0.43
2006,268.38,0.38,9,12.91,13.89,-2.44
2006,268.4,0.4,10,18.8,15.76,-5.35
2006,268.59,0.59,9,14.77,13.9,-4.35
2006,268.61,0.61,10,20.37,14.82,-6.07
2006,268.8,0.8,9,7.03,9.44,0.99
2006,268.82,0.82,10,4.58,11.87,1.02
2006,269.17,0.17,9,6.99,7.94,1.34
2006,269.19,0.19,10,5.12,10.18,1.21
2006,269.38,0.38,9,9.79,9.44,-0.54
2006,269.4,0.4,10,14.81,10.77,-4.69
2006,269.59,0.59,9,16.5,13.88,-3.69
2006,269.61,0.61,10,23.65,14.02,-4.44
2006,269.8,0.8,9,6.81,9,0.55
2006,269.82,0.82,10,4.17,11.92,1.01
2006,270.17,0.17,9,2.42,5.18,0.68
2006,270.19,0.19,10,0.15,8.74,0.79
2006,270.38,0.38,9,6.81,6.96,-0.37
2006,270.4,0.4,10,14.19,9.22,-4.3
2006,270.59,0.59,9,15.37,12.87,-3.82
2006,270.61,0.61,10,23.3,12.6,-3.78
2006,270.8,0.8,9,7.54,9.04,1
2006,270.82,0.82,10,5.34,11.13,1.42
2006,271.17,0.17,9,8.63,9.84,0.75
2006,271.19,0.19,10,6.79,11.03,1.44
2006,271.38,0.38,9,12.39,11.23,-0.78
2006,271.4,0.4,10,17.47,11.51,-3.28
2006,271.59,0.59,9,17.03,14.5,-3.52
2006,271.61,0.61,10,21.67,14.41,-3.05
2006,271.8,0.8,9,11.01,11.87,2.53
2006,271.82,0.82,10,9.51,12.99,1.81
2006,272.17,0.17,9,13.5,12.95,-0.19
2006,272.19,0.19,10,13.57,12.87,0.78
2006,272.38,0.38,9,14.48,13.8,0.16
2006,272.4,0.4,10,15.27,16.23,-1.51
2006,272.59,0.59,9,15.35,15.53,-3.93
2006,272.61,0.61,10,15.45,15.56,-3.2
2006,272.8,0.8,9,9.08,12.06,1.26
2006,272.82,0.82,10,4.59,11.66,1.66
2006,273.17,0.17,9,3.22,5.35,0.36
2006,273.19,0.19,10,-0.31,10.41,-0.12
2006,273.38,0.38,9,6,6.24,-0.35
2006,273.4,0.4,10,9.99,8.7,-2.75
2006,273.59,0.59,9,11.25,7.74,-2.88
2006,273.61,0.61,10,15.44,13.7,-4.17
2006,273.8,0.8,9,9.77,12.16,1.19
2006,273.82,0.82,10,7.85,12.86,2.04
2006,274.17,0.17,9,8.99,9.74,1.62
2006,274.19,0.19,10,7.37,13.86,2.04
2006,274.38,0.38,9,10.21,10.11,0.3
2006,274.4,0.4,10,9.85,11.09,-0.36
2006,274.59,0.59,9,13.97,10.99,-1.77
2006,274.61,0.61,10,11.79,12.72,-0.81
2006,274.8,0.8,9,12.68,11.5,1.13
2006,274.82,0.82,10,10.7,10.95,1.64
2006,275.17,0.17,9,10.26,9.71,1
2006,275.19,0.19,10,9.46,12.48,1.51
2006,275.38,0.38,9,13.17,12.24,-1.78
2006,275.4,0.4,10,12.53,13.92,-2.23
2006,275.59,0.59,9,13.69,14.66,-3.08
2006,275.61,0.61,10,17.96,15.54,-3.39
2006,275.8,0.8,9,7.31,11.61,1.54
2006,275.82,0.82,10,4.82,13.84,-0.14
2006,276.17,0.17,9,6.09,7.66,2.31
2006,276.19,0.19,10,5.7,8.49,1.26
2006,276.38,0.38,9,9.55,8.85,-0.44
2006,276.4,0.4,10,13.96,10.45,-2.87
2006,276.59,0.59,9,17.8,16.19,-2.85
2006,276.61,0.61,10,24.35,18.56,-3.66
2006,276.8,0.8,9,15.62,17.08,2.59
2006,276.82,0.82,10,13.91,16.24,2.36
2006,277.17,0.17,9,7.85,9.18,1.17
2006,277.19,0.19,10,6.56,10.33,1.24
2006,277.38,0.38,9,11.65,10.82,0.18
2006,277.4,0.4,10,17.58,9.71,-5.58
2006,277.59,0.59,9,20.41,19.84,-3.12
2006,277.61,0.61,10,26.35,18.89,-3.52
2006,277.8,0.8,9,16.55,18.19,1.57
2006,277.82,0.82,10,17.26,19.42,1.32
2006,278.17,0.17,9,9.59,11.74,1.32
2006,278.19,0.19,10,8.31,11.67,1.51
2006,278.38,0.38,9,9.16,9.97,-2.2
2006,278.4,0.4,10,12.13,11.64,-2.72
2006,278.59,0.59,9,14.19,14.28,-3.14
2006,278.61,0.61,10,19.24,14.06,-3.43
2006,278.8,0.8,9,4.72,7.46,0.62
2006,278.82,0.82,10,4.12,12.41,0.79
2006,279.17,0.17,9,2.03,5.17,2.2
2006,279.19,0.19,10,1.47,8.21,0.74
2006,279.38,0.38,9,7.94,9.09,-1.89
2006,279.4,0.4,10,8.56,7.97,-2.19
2006,279.59,0.59,9,10.12,11.64,-2.91
2006,279.61,0.61,10,17.08,11.74,-3.9
2006,279.8,0.8,9,2.06,5.87,-0.78
2006,279.82,0.82,10,0.02,9.84,0.89
2006,280.17,0.17,9,2.41,4.87,1.94
2006,280.19,0.19,10,2.15,6.6,1.04
2006,280.38,0.38,9,8.63,8.77,-1.4
2006,280.4,0.4,10,8.91,8.84,-2.09
2006,280.59,0.59,9,14.92,12.41,-2.97
2006,280.61,0.61,10,19.92,14.32,-3.63
2006,280.8,0.8,9,4.03,6.29,0.92
2006,280.82,0.82,10,1.81,11.27,0.67
2006,281.17,0.17,9,0.69,3.51,0.52
2006,281.19,0.19,10,-1.07,5.6,0.4
2006,281.38,0.38,9,1.63,5.25,0.82
2006,281.4,0.4,10,8.86,11.61,-1.75
2006,281.59,0.59,9,15.05,12.88,-2.87
2006,281.61,0.61,10,21.9,11.34,-3.38
2006,281.8,0.8,9,4.97,7.22,1.44
2006,281.82,0.82,10,2.87,10.33,0.69
2006,282.17,0.17,9,3.3,6.39,0.7
2006,282.19,0.19,10,1.13,8.65,0.77
2006,282.38,0.38,9,9.43,7.71,-0.84
2006,282.4,0.4,10,13.27,11.76,-2.02
2006,282.59,0.59,9,19.96,16.61,-2.35
2006,282.61,0.61,10,27.27,20.83,-2.82
2006,282.8,0.8,9,10.27,14.29,0.79
2006,282.82,0.82,10,7.09,14.63,1.57
2006,283.17,0.17,9,6.98,8.2,1.71
2006,283.19,0.19,10,7.23,10.48,2.22
2006,283.38,0.38,9,12.27,11.59,-2.35
2006,283.4,0.4,10,15.45,10.82,-3.12
2006,283.59,0.59,9,17.04,14.55,-1.72
2006,283.61,0.61,10,18.9,18.29,-3.24
2006,283.8,0.8,9,9.08,10.99,1.3
2006,283.82,0.82,10,8.06,13.59,1.69
2006,284.17,0.17,9,8.2,9.69,1.06
2006,284.19,0.19,10,6.93,9.2,0.62
2006,284.38,0.38,9,10.07,9.61,-1.01
2006,284.4,0.4,10,11.43,12.44,-2.35
2006,284.59,0.59,9,11.75,10.77,-1.35
2006,284.61,0.61,10,13.32,14.17,-1.67
2006,284.8,0.8,9,10.05,11.69,1.49
2006,284.82,0.82,10,11.35,13.26,1.1
2006,285.17,0.17,9,14.84,14.84,1.21
2006,285.19,0.19,10,11.98,13.03,1.51
2006,285.38,0.38,9,14.01,12.73,-1.4
2006,285.4,0.4,10,16.34,11.59,-2.64
2006,285.59,0.59,9,14.73,13.1,-0.52
2006,285.61,0.61,10,16.5,12.84,-1.28
2006,285.8,0.8,9,11.04,12.1,1.71
2006,285.82,0.82,10,6.95,12.47,1.59
2006,286.17,0.17,9,3.78,6.51,1.03
2006,286.19,0.19,10,-0.17,9.57,0.73
2006,286.38,0.38,9,4.18,7.78,-0.36
2006,286.4,0.4,10,4.87,7.81,-0.85
2006,286.59,0.59,9,10.36,10.05,-2.7
2006,286.61,0.61,10,15.79,13.34,-3.16
2006,286.8,0.8,9,1.22,5.4,0.95
2006,286.82,0.82,10,-1.19,9.65,2.07
2006,287.17,0.17,9,-0.61,2.01,0.78
2006,287.19,0.19,10,-2.19,8.1,0.47
2006,287.38,0.38,9,-0.04,3.49,1.42
2006,287.4,0.4,10,2.53,5.81,-0.44
2006,287.59,0.59,9,8.23,8.18,-2.58
2006,287.61,0.61,10,16.28,10.28,-3.27
2006,287.8,0.8,9,4.26,5.69,0.86
2006,287.82,0.82,10,2.97,8.65,1.06
2006,288.17,0.17,9,1.6,5.59,0.9
2006,288.19,0.19,10,-1.68,5.67,1.39
2006,288.38,0.38,9,0.44,2.95,-0.03
2006,288.4,0.4,10,3.32,6.55,-0.03
2006,288.59,0.59,9,8.32,6.7,-2.13
2006,288.61,0.61,10,15.59,9.54,-3.33
2006,288.8,0.8,9,0.56,4.07,0.83
2006,288.82,0.82,10,-1.48,7.17,0.65
2006,289.17,0.17,9,-0.88,2.02,0.82
2006,289.19,0.19,10,-2.14,3.71,-0.07
2006,289.38,0.38,9,-0.51,1,0.64
2006,289.4,0.4,10,4.78,5.01,-0.67
2006,289.59,0.59,9,11.61,9.43,-2.45
2006,289.61,0.61,10,17.32,10.82,-3.34
2006,289.8,0.8,9,1.37,4.5,0.65
2006,289.82,0.82,10,-1.51,5.78,0.46
2006,290.17,0.17,9,0.58,3.6,0.53
2006,290.19,0.19,10,-1.23,5.82,0.59
2006,290.38,0.38,9,5.05,4.99,-1.13
2006,290.4,0.4,10,6.29,7.92,-1.65
2006,290.59,0.59,9,8.6,7.29,-1.12
2006,290.61,0.61,10,8.74,7.23,-1.2
2006,290.8,0.8,9,6.6,5.23,0.86
2006,290.82,0.82,10,6.79,7.85,1.12
2006,291.17,0.17,9,9.98,8.62,1.14
2006,291.19,0.19,10,10.77,8.47,1.76
2006,291.38,0.38,9,11.73,10.94,-0.22
2006,291.4,0.4,10,12.85,9.57,-0.47
2006,291.59,0.59,9,14.81,12.21,-2.85
2006,291.61,0.61,10,19.79,15.64,-3.54
2006,291.8,0.8,9,7.43,10.04,1.2
2006,291.82,0.82,10,5.83,9.22,1.68
2006,292.17,0.17,9,8.65,10,3.01
2006,292.19,0.19,10,9.1,9.71,2.55
2006,292.38,0.38,9,10.14,9.66,-1.27
2006,292.4,0.4,10,11.98,8.96,-1.77
2006,292.59,0.59,9,12.16,9.82,-1.87
2006,292.61,0.61,10,16.25,11.25,-2.75
2006,292.8,0.8,9,9.17,12.34,1.49
2006,292.82,0.82,10,11.25,14.79,3.05
2006,293.17,0.17,9,13.4,12.64,1.68
2006,293.19,0.19,10,14.43,11.61,2.08
2006,293.38,0.38,9,13.52,12.59,1.03
2006,293.4,0.4,10,14.48,12.25,0.99
2006,293.59,0.59,9,13.6,13.13,0.83
2006,293.61,0.61,10,14.99,12.17,1.53
2006,294.17,0.17,9,2.39,4.82,0
2006,294.19,0.19,10,2.6,4.82,0
2006,294.38,0.38,9,9.74,8.58,0
2006,294.4,0.4,10,10.37,8.8,0
2006,294.59,0.59,9,6.18,7.35,0
2006,294.61,0.61,10,5.35,6.97,0
2006,294.8,0.8,9,-1.21,3.47,0
2006,294.82,0.82,10,-1.65,3.29,0
2006,295.17,0.17,9,-0.7,3.23,0
2006,295.19,0.19,10,0.1,3.47,0
2006,295.38,0.38,9,7.86,6.88,0
2006,295.4,0.4,10,8.56,7.47,0
2006,295.59,0.59,9,7.8,7.7,0
2006,295.61,0.61,10,7.72,7.99,0
2006,295.8,0.8,9,6.88,7.5,0
2006,295.82,0.82,10,6.69,7.44,0
2006,296.17,0.17,9,6.24,7.38,0
2006,296.19,0.19,10,6.3,7.4,0
2006,296.38,0.38,9,8.82,9.67,0
2006,296.4,0.4,10,8.5,9.54,0
2006,296.59,0.59,9,5.87,8.24,0
2006,296.61,0.61,10,5.13,7.67,0
2006,296.8,0.8,9,3.03,4.99,0
2006,296.82,0.82,10,2.68,4.75,0
2006,297.17,0.17,9,2.66,5.65,0
2006,297.19,0.19,10,2.73,5.72,0
2006,297.38,0.38,9,5.31,6.95,0
2006,297.4,0.4,10,5.57,6.73,0
2006,297.59,0.59,9,4.62,6.1,0
2006,297.61,0.61,10,4.31,5.76,0
2006,297.8,0.8,9,1.86,4.31,0
2006,297.82,0.82,10,1.27,3.93,0
2006,298.17,0.17,9,1.91,3.71,0
2006,298.19,0.19,10,2.33,3.88,0
2006,298.38,0.38,9,7.68,6.51,0
2006,298.4,0.4,10,7.81,6.34,0
2006,298.59,0.59,9,5.6,6.13,0
2006,298.61,0.61,10,4.91,5.8,0
2006,298.8,0.8,9,2.77,4.37,0
2006,298.82,0.82,10,2.83,4.53,0
2006,299.17,0.17,9,0.65,3.83,0
2006,299.19,0.19,10,1.04,3.78,0
2006,299.38,0.38,9,6.52,6.72,0
2006,299.4,0.4,10,6.69,6.64,0
2006,299.59,0.59,9,4.59,5.25,0
2006,299.61,0.61,10,4.02,5.03,0
2006,299.8,0.8,9,0.37,3.35,0
2006,299.82,0.82,10,-0.45,3.03,0
2006,300.17,0.17,9,-2.17,1.58,0
2006,300.19,0.19,10,-1.77,1.57,0
2006,300.38,0.38,9,8.46,7.19,0
2006,300.4,0.4,10,9.27,7.55,0
2006,300.59,0.59,9,5.17,6.6,0
2006,300.61,0.61,10,4.52,6.43,0
2006,300.8,0.8,9,2.27,4.16,0
2006,300.82,0.82,10,2.13,3.94,0
2006,301.17,0.17,9,5.12,6.17,0
2006,301.19,0.19,10,5.48,6.3,0
2006,301.38,0.38,9,9.85,8.64,0
2006,301.4,0.4,10,10.73,9.4,0.01
2006,301.59,0.59,9,11.08,9.76,0
2006,301.61,0.61,10,11.34,10.01,0.01
2006,301.8,0.8,9,4.18,6.18,0
2006,301.82,0.82,10,3.72,5.83,NA
2006,302.17,0.17,9,5.44,6.95,0.51
2006,302.19,0.19,10,2.34,4.52,0.81
2006,302.38,0.38,9,6.11,6.55,-0.03
2006,302.4,0.4,10,3.77,4.92,-0.05
2006,302.59,0.59,9,7.83,6.28,-0.03
2006,302.61,0.61,10,7.57,6.2,0.05
2006,302.8,0.8,9,4.17,6.67,0.22
2006,302.82,0.82,10,2.34,4.83,0.55
2006,303.17,0.17,9,3.85,5.56,-0.02
2006,303.19,0.19,10,2.88,7.66,0.6
2006,303.38,0.38,9,4.47,5.6,-0.77
2006,303.4,0.4,10,6.42,6.92,-1.18
2006,303.59,0.59,9,10.62,7.32,-1.82
2006,303.61,0.61,10,15.78,7.6,-2.35
2006,303.8,0.8,9,5.04,7.17,0.45
2006,303.82,0.82,10,2.05,6.05,1.12
2006,304.17,0.17,9,2.14,5.32,0.6
2006,304.19,0.19,10,-1.44,4.92,0.58
2006,304.38,0.38,9,6.46,5.01,-1.19
2006,304.4,0.4,10,6.34,7.05,-1.54
2006,304.59,0.59,9,13.96,8.92,-1.7
2006,304.61,0.61,10,20.23,9.69,-2.18
2006,304.8,0.8,9,8.39,8.06,0.87
2006,304.82,0.82,10,8.54,9.5,1.34
2006,305.17,0.17,9,7.95,7.77,4.57
2006,305.19,0.19,10,8.42,7.75,3.81
2006,305.38,0.38,9,7.51,8.27,-0.91
2006,305.4,0.4,10,12.18,12.33,-1.15
